id_arbol,especie,latitud,longitud
917703556,desconocida,37.4050994,-5.9638869
917703563,desconocida,37.405125,-5.9637796
917703570,desconocida,37.405142,-5.9636616
917703573,desconocida,37.4051676,-5.9635543
917703588,desconocida,37.4051761,-5.9634578
917703595,desconocida,37.4050824,-5.964005
955775842,desconocida,37.40075,-5.9933306
1188156740,desconocida,37.3958983,-6.0292331
1325472758,Jacaranda mimosifolia,37.3645673,-5.9698131
1343642884,Taxodium distichum,37.3777943,-5.9891341
1349124280,broadleaved,37.3999048,-6.0049646
1349124290,broadleaved,37.3990866,-6.0052625
1349124298,broadleaved,37.3972263,-6.0065337
1349124302,broadleaved,37.3981661,-6.0058633
1349124304,broadleaved,37.3971752,-6.006582
1349124307,broadleaved,37.3984133,-6.005638
1349124308,broadleaved,37.399027,-6.0054878
1349124310,broadleaved,37.3995,-6.0052249
1349124311,broadleaved,37.3971367,-6.0066142
1349124312,broadleaved,37.3980168,-6.0059545
1349124313,broadleaved,37.3995296,-6.0050694
1349124314,broadleaved,37.3987373,-6.0054571
1349124315,broadleaved,37.3985667,-6.0055522
1349124316,broadleaved,37.4000304,-6.0049083
1349124317,broadleaved,37.3996788,-6.0049834
1349124318,broadleaved,37.3973286,-6.006464
1349124319,broadleaved,37.3996299,-6.0049968
1349124320,broadleaved,37.3978846,-6.0060403
1349124321,broadleaved,37.3994702,-6.0050908
1349124322,broadleaved,37.399321,-6.0051391
1349124323,broadleaved,37.3989337,-6.0053474
1349124324,broadleaved,37.399174,-6.0052102
1349124325,broadleaved,37.3974499,-6.006362
1349124326,broadleaved,37.3998301,-6.0050209
1349124327,broadleaved,37.3993977,-6.005123
1349124328,broadleaved,37.39846,-6.0056058
1349124329,broadleaved,37.3977653,-6.0061261
1349124330,broadleaved,37.3982856,-6.0057253
1349124331,broadleaved,37.3976354,-6.0062038
1349143207,broadleaved,37.3988562,-6.0061636
1349143210,broadleaved,37.3984259,-6.0061878
1349143230,broadleaved,37.3989841,-6.0063353
1349143237,broadleaved,37.3986686,-6.0058337
1349143261,broadleaved,37.3986006,-6.0062682
1349143262,broadleaved,37.3990011,-6.0065284
1349143274,broadleaved,37.3983832,-6.0060107
1349143291,broadleaved,37.3988562,-6.0062816
1349149488,broadleaved,37.3959871,-6.0094693
1349149490,broadleaved,37.3961533,-6.0097778
1349149493,broadleaved,37.3958466,-6.0097775
1349149499,broadleaved,37.3961255,-6.0096597
1349149502,broadleaved,37.3957164,-6.0094934
1349149504,broadleaved,37.3958934,-6.0102227
1349149505,broadleaved,37.3958122,-6.0102176
1349149510,broadleaved,37.3961574,-6.0098609
1349149512,broadleaved,37.3958399,-6.0094425
1349149514,broadleaved,37.3959401,-6.0102096
1349149515,broadleaved,37.3957697,-6.009472
1349149521,broadleaved,37.3960104,-6.0101667
1349149528,broadleaved,37.396149,-6.0099682
1349149535,broadleaved,37.3960957,-6.0095927
1349149538,broadleaved,37.3958954,-6.0097912
1349149542,broadleaved,37.3960595,-6.0094988
1349149543,broadleaved,37.3960553,-6.0101211
1349149544,broadleaved,37.3959061,-6.0094452
1349149545,broadleaved,37.3961257,-6.0100457
1349162533,broadleaved,37.398439,-6.0067663
1349162537,broadleaved,37.3989844,-6.006879
1349162544,broadleaved,37.3987842,-6.0068763
1349162549,broadleaved,37.3989206,-6.0068763
1349162552,broadleaved,37.3981086,-6.0067073
1349162553,broadleaved,37.3985242,-6.0068092
1349162564,broadleaved,37.3981918,-6.0067234
1349162569,broadleaved,37.3980061,-6.0072016
1349162574,broadleaved,37.3980168,-6.0072553
1349162577,broadleaved,37.3979869,-6.0072553
1349162583,broadleaved,37.3980382,-6.0070273
1349162584,broadleaved,37.3979806,-6.0074993
1349162586,broadleaved,37.39807,-6.0075235
1349162588,broadleaved,37.3986116,-6.0068307
1349162589,broadleaved,37.3986934,-6.0068498
1349162591,broadleaved,37.3980317,-6.0075047
1349162601,broadleaved,37.3990078,-6.0071177
1349165365,broadleaved,37.3968641,-6.0078131
1349165370,broadleaved,37.3975539,-6.0079139
1349165376,broadleaved,37.3983515,-6.0079686
1349165378,broadleaved,37.3982512,-6.0079633
1349165379,broadleaved,37.3974605,-6.0078995
1349165389,broadleaved,37.3981179,-6.0079342
1349165392,broadleaved,37.3968406,-6.0078345
1349165400,broadleaved,37.3977379,-6.0079157
1349165405,broadleaved,37.3978397,-6.0079182
1349165406,broadleaved,37.3979824,-6.0079309
1350070729,Phytolacca dioica,37.3980296,-6.0080652
1350111999,Citrus × aurantium,37.386333,-5.992966
1350112000,Citrus × aurantium,37.3863911,-5.9929734
1350112001,Citrus × aurantium,37.3864439,-5.9930555
1350112002,Citrus × aurantium,37.3863641,-5.9933398
1350112003,Citrus × aurantium,37.3862223,-5.9928772
1350112004,Citrus × aurantium,37.3863114,-5.9932607
1350112005,Citrus × aurantium,37.3861899,-5.9933164
1350112006,Citrus × aurantium,37.3861845,-5.9933895
1350112007,Citrus × aurantium,37.3862007,-5.9931707
1350112008,Citrus × aurantium,37.3862115,-5.9930234
1350112009,Citrus × aurantium,37.3863169,-5.9931856
1350112010,Citrus × aurantium,37.3862534,-5.9932513
1350112011,Citrus × aurantium,37.3862798,-5.9928848
1350112012,Citrus × aurantium,37.3863695,-5.9932658
1350112013,Citrus × aurantium,37.3864702,-5.9935005
1350112014,Citrus × aurantium,37.3861684,-5.9936077
1350112015,Citrus × aurantium,37.3864118,-5.9934923
1350112016,Citrus × aurantium,37.3863749,-5.9931937
1350112017,Citrus × aurantium,37.3862745,-5.9929586
1350112018,Citrus × aurantium,37.3862954,-5.9934778
1350112019,Citrus × aurantium,37.3863008,-5.9934041
1350112020,Citrus × aurantium,37.3862847,-5.9936234
1350112021,Citrus × aurantium,37.3865078,-5.9929887
1350112022,Citrus × aurantium,37.3864594,-5.993647
1350112023,Citrus × aurantium,37.3864916,-5.993209
1350112024,Citrus × aurantium,37.3863587,-5.9934121
1350112025,Citrus × aurantium,37.3864385,-5.9931284
1350112026,Citrus × aurantium,37.386497,-5.9931359
1350112027,Citrus × aurantium,37.3863384,-5.9928927
1350112028,Citrus × aurantium,37.3862481,-5.993324
1350112029,Citrus × aurantium,37.3862586,-5.9931788
1350112030,Citrus × aurantium,37.3863857,-5.9930471
1350112031,Citrus × aurantium,37.3863276,-5.9930396
1350112032,Citrus × aurantium,37.386401,-5.9936387
1350112033,Citrus × aurantium,37.3863802,-5.9931211
1350112034,Citrus × aurantium,37.3864755,-5.9934286
1350112035,Citrus × aurantium,37.3862428,-5.9933976
1350112036,Citrus × aurantium,37.3863965,-5.9929009
1350112037,Citrus × aurantium,37.3864809,-5.9933552
1350112038,Citrus × aurantium,37.3864493,-5.9929814
1350112039,Citrus × aurantium,37.3863533,-5.9934852
1350112040,Citrus × aurantium,37.3862271,-5.9936158
1350112041,Citrus × aurantium,37.3862169,-5.9929509
1350112042,Citrus × aurantium,37.3863479,-5.9935583
1350112043,Citrus × aurantium,37.3862376,-5.9934698
1350112044,Citrus × aurantium,37.3864547,-5.9929077
1350112045,Citrus × aurantium,37.3865131,-5.9929161
1350112046,Citrus × aurantium,37.3864331,-5.9932017
1350112047,Citrus × aurantium,37.3863061,-5.9933319
1350112048,Citrus × aurantium,37.3864224,-5.993347
1350112049,Citrus × aurantium,37.3861791,-5.993463
1350112050,Citrus × aurantium,37.3863222,-5.9931136
1350112051,Citrus × aurantium,37.3864278,-5.993274
1350112052,Citrus × aurantium,37.3865023,-5.9930639
1350112053,Citrus × aurantium,37.38629,-5.9935505
1350112054,Citrus × aurantium,37.3864171,-5.9934201
1350112055,Citrus × aurantium,37.3864862,-5.9932821
1350112056,Citrus × aurantium,37.3862323,-5.9935426
1350112057,Citrus × aurantium,37.3862639,-5.9931054
1350112058,Citrus × aurantium,37.3864063,-5.9935663
1350112059,Citrus × aurantium,37.3861737,-5.9935358
1350112060,Citrus × aurantium,37.3863426,-5.9936309
1350112061,Citrus × aurantium,37.3862692,-5.9930317
1350112062,Citrus × aurantium,37.3862061,-5.9930973
1350112063,Citrus × aurantium,37.3864648,-5.993573
1350112064,Citrus × aurantium,37.3861953,-5.9932431
1519661487,Citrus × aurantium,37.3845979,-5.9912508
1519661497,Citrus × aurantium,37.3846158,-5.9912158
1519661505,Citrus × aurantium,37.3846248,-5.9912761
1519661519,Citrus × aurantium,37.3846377,-5.9911762
1519661524,Citrus × aurantium,37.3846429,-5.9912417
1519661529,Citrus × aurantium,37.3846568,-5.9913077
1519661535,Citrus × aurantium,37.3846583,-5.9911373
1519661559,Citrus × aurantium,37.3846641,-5.9912022
1519661565,Citrus × aurantium,37.3846768,-5.9912737
1519661569,Citrus × aurantium,37.3846801,-5.991098
1519661573,Citrus × aurantium,37.3846855,-5.9911628
1519661580,Citrus × aurantium,37.3846895,-5.9913384
1519661604,Citrus × aurantium,37.3847014,-5.9910583
1519661607,Citrus × aurantium,37.3847068,-5.9911227
1519661612,Citrus × aurantium,37.3847096,-5.9913055
1519661613,Citrus × aurantium,37.3847198,-5.9910244
1519661637,Citrus × aurantium,37.3847219,-5.99137
1519661644,Citrus × aurantium,37.3847282,-5.9910836
1519661649,Citrus × aurantium,37.3847415,-5.9913376
1519661653,Citrus × aurantium,37.3847466,-5.9910491
1519661672,Citrus × aurantium,37.3847541,-5.9914011
1519661679,Citrus × aurantium,37.3847607,-5.9911138
1519661682,Citrus × aurantium,37.384774,-5.9913678
1519661686,Citrus × aurantium,37.3847796,-5.9910791
1519661708,Citrus × aurantium,37.3847855,-5.9914319
1519661709,Citrus × aurantium,37.3847932,-5.9911441
1519661711,Citrus × aurantium,37.3848056,-5.9913987
1519661714,Citrus × aurantium,37.3848131,-5.9911104
1519661718,Citrus × aurantium,37.3848184,-5.9914634
1519661742,Citrus × aurantium,37.3848267,-5.9911741
1519661746,Citrus × aurantium,37.3848385,-5.9914308
1519661749,Citrus × aurantium,37.3848468,-5.9911413
1519661750,Citrus × aurantium,37.3848513,-5.9914942
1519661773,Citrus × aurantium,37.3848601,-5.991205
1519661779,Citrus × aurantium,37.3848709,-5.9914616
1519661784,Citrus × aurantium,37.3848798,-5.9911714
1519661788,Citrus × aurantium,37.3848835,-5.9915252
1519661799,Citrus × aurantium,37.3848937,-5.9912361
1519661805,Citrus × aurantium,37.3849031,-5.9914928
1519661813,Citrus × aurantium,37.3849131,-5.9912028
1519661820,Citrus × aurantium,37.3849159,-5.9915564
1519661831,Citrus × aurantium,37.3849263,-5.9912663
1519661834,Citrus × aurantium,37.3849354,-5.9915225
1519661837,Citrus × aurantium,37.3849466,-5.991233
1519661841,Citrus × aurantium,37.3849749,-5.9916131
1519661855,Citrus × aurantium,37.3849596,-5.9912977
1519661858,Citrus × aurantium,37.3849672,-5.9915539
1519661863,Citrus × aurantium,37.3849799,-5.9912643
1519661870,Citrus × aurantium,37.3849941,-5.9915795
1519661878,Citrus × aurantium,37.3849906,-5.9915136
1519661889,Citrus × aurantium,37.3849931,-5.9913289
1519661897,Citrus × aurantium,37.3850129,-5.991295
1519661901,Citrus × aurantium,37.385014,-5.9914725
1519661905,Citrus × aurantium,37.3850174,-5.9915387
1519661919,Citrus × aurantium,37.3850274,-5.9913604
1519661921,Citrus × aurantium,37.3850379,-5.9914322
1519661924,Citrus × aurantium,37.3850403,-5.9914976
1519661926,Citrus × aurantium,37.3850467,-5.9913261
1519661943,Citrus × aurantium,37.3850606,-5.9913912
1519661947,Citrus × aurantium,37.3850642,-5.9914566
1519661951,Citrus × aurantium,37.3850808,-5.9913567
1519661955,Citrus × aurantium,37.3850884,-5.991416
1519661971,Citrus × aurantium,37.3851068,-5.9913823
1720435960,Citrus,37.3878428,-5.9891963
1721577597,desconocida,37.3840234,-5.9874409
1721577600,Ficus macrophylla,37.3840998,-5.98789
1721577603,desconocida,37.3842934,-5.9881471
1721577605,desconocida,37.3844109,-5.9878897
1721577607,desconocida,37.3845207,-5.9881275
1721577627,desconocida,37.3846191,-5.9881659
1721577630,desconocida,37.3845967,-5.9882265
1721577631,desconocida,37.3846521,-5.9869969
1721620246,desconocida,37.3839789,-5.9873024
1721620248,desconocida,37.38417,-5.987921
1721620249,desconocida,37.3843356,-5.9881127
1721620250,desconocida,37.3843811,-5.9879293
1721620251,desconocida,37.3844396,-5.988115
1721620252,desconocida,37.3845309,-5.9882916
1721620253,desconocida,37.3845439,-5.9878517
1721620254,desconocida,37.3845725,-5.9870279
1721620255,desconocida,37.384581,-5.9875647
1721620256,desconocida,37.3846049,-5.9876389
1721620258,desconocida,37.3846231,-5.9876927
1721620259,desconocida,37.3846563,-5.9881482
1721620260,desconocida,37.3846567,-5.9875149
1721620261,desconocida,37.3846568,-5.9873537
1721620262,desconocida,37.3846837,-5.9876196
1721620263,desconocida,37.3847143,-5.9869559
1721620264,desconocida,37.38476,-5.9869165
1721620265,desconocida,37.3847743,-5.987581
1721620266,desconocida,37.3847847,-5.9871186
1721620267,desconocida,37.3848216,-5.987395
1721620268,desconocida,37.3848235,-5.9872044
1721620269,desconocida,37.3848355,-5.9875202
1721620270,desconocida,37.384873,-5.9872131
1721620271,desconocida,37.3848768,-5.987355
1721620272,desconocida,37.3849168,-5.987098
1721620273,desconocida,37.3849661,-5.9868363
1721620274,desconocida,37.3849754,-5.9870669
1721620275,desconocida,37.3850241,-5.9868071
1721620276,desconocida,37.3850264,-5.9873768
1721620277,desconocida,37.3850551,-5.9875443
1721620278,desconocida,37.3850768,-5.9873377
1721620279,desconocida,37.3851007,-5.9877214
1721620280,desconocida,37.3851137,-5.9872504
1721620281,desconocida,37.3851321,-5.9876611
1721620282,desconocida,37.3851485,-5.9876586
1721620283,desconocida,37.3851896,-5.9875942
1721620284,desconocida,37.3851965,-5.9874341
1721620285,desconocida,37.3851969,-5.9872332
1721620286,desconocida,37.3852115,-5.9875585
1721620287,desconocida,37.3852533,-5.9874977
1721620288,desconocida,37.3852931,-5.9872877
1721620289,desconocida,37.3853225,-5.9873117
1721620290,desconocida,37.3853548,-5.9873737
1722059703,Citrus,37.3875419,-5.988465
1722059707,Citrus,37.3875682,-5.9884183
1722059719,Citrus,37.3875744,-5.9884903
1722059727,Citrus,37.387598,-5.9884451
1722128274,needleleaved,37.3878148,-5.989239
1722128282,Citrus,37.3877575,-5.9891997
1722128287,Citrus,37.3878061,-5.9891997
1722128294,needleleaved,37.3878565,-5.9892696
1722128299,needleleaved,37.3878599,-5.9893374
1722713451,Citrus,37.3875733,-5.9887559
1722713458,Citrus,37.3875994,-5.9886422
1722713460,Citrus,37.3876011,-5.9886881
1929217948,Platanus × hispanica,37.3861684,-5.9968164
1929217960,Platanus × hispanica,37.3862115,-5.9969589
1929217966,Platanus × hispanica,37.3862583,-5.9971102
1929217968,Platanus × hispanica,37.3862828,-5.9971934
1929217973,Platanus × hispanica,37.3863009,-5.9972516
1929217986,Platanus × hispanica,37.3863633,-5.9974524
1929218083,Platanus × hispanica,37.3864844,-5.9978567
1929218095,Platanus × hispanica,37.38655,-5.9980821
1929218098,Platanus × hispanica,37.3865828,-5.9982462
1929218099,Platanus × hispanica,37.3865802,-5.9989155
1929218100,Platanus × hispanica,37.3865826,-5.9986774
1958571807,desconocida,37.4002991,-5.9489011
1976416839,Citrus × aurantium,37.3853432,-5.9940212
1976416862,Citrus × aurantium,37.3854032,-5.9940264
1976416890,Citrus × aurantium,37.3855075,-5.9940406
1976416909,Citrus × aurantium,37.3855656,-5.9940471
1976417017,Citrus × aurantium,37.3858372,-5.9940839
1976417068,Citrus × aurantium,37.3858868,-5.9940905
1976417144,Citrus × aurantium,37.3859936,-5.9941034
1976417158,Citrus × aurantium,37.3860494,-5.9941103
1976417174,Citrus × aurantium,37.3861555,-5.9941251
2165262922,desconocida,37.3853109,-5.9983178
2165262923,desconocida,37.3852899,-5.9983969
2165262924,desconocida,37.3852818,-5.9984619
2165262927,desconocida,37.3852364,-5.998542
2165262936,desconocida,37.3852771,-5.9985833
2165262940,desconocida,37.3853264,-5.9985099
2263176504,citrus,37.3831157,-5.9735207
2269907547,desconocida,37.3936657,-5.9881303
2269907548,desconocida,37.3936855,-5.9881622
2269907549,desconocida,37.3936941,-5.9880961
2269907551,desconocida,37.3937235,-5.9880608
2269907552,desconocida,37.3937256,-5.9881651
2269907553,desconocida,37.3937532,-5.988025
2269907555,desconocida,37.3937657,-5.9881204
2269907556,desconocida,37.3937661,-5.9880703
2317563890,Citrus × aurantium,37.3864212,-5.9924553
2317563894,Citrus × aurantium,37.3857194,-5.9864462
2317563897,Citrus × aurantium,37.3858503,-5.9867493
2317563900,Citrus × aurantium,37.3857861,-5.9863467
2317563902,Citrus × aurantium,37.3857596,-5.9865506
2317563904,Citrus × aurantium,37.3857654,-5.9862979
2317563907,Citrus × aurantium,37.3857181,-5.9869977
2317563909,Citrus × aurantium,37.385882,-5.986603
2317563912,Citrus × aurantium,37.3858051,-5.9864004
2317563915,Citrus × aurantium,37.3856806,-5.9863454
2317563922,Citrus × aurantium,37.3857991,-5.9866535
2317563924,desconocida,37.3854182,-5.9866263
2317563927,Citrus × aurantium,37.385458,-5.98709
2317563930,Citrus × aurantium,37.3856531,-5.9869794
2317563932,Citrus × aurantium,37.3866752,-5.9926025
2317563934,Citrus × aurantium,37.3856023,-5.9870067
2317563936,Citrus × aurantium,37.3857014,-5.9863994
2317563939,Citrus × aurantium,37.3858179,-5.986706
2317563941,desconocida,37.3854352,-5.9866826
2317563944,Citrus × aurantium,37.3856614,-5.9862945
2317563946,Citrus × aurantium,37.3857463,-5.9862466
2317563948,Citrus × aurantium,37.3856358,-5.9870977
2317563951,desconocida,37.3853841,-5.9865405
2317563953,Citrus × aurantium,37.385524,-5.9871332
2317563956,Citrus × aurantium,37.3865879,-5.9925913
2317563958,desconocida,37.385399,-5.986578
2317563961,Citrus × aurantium,37.3855855,-5.9871584
2317563964,Citrus × aurantium,37.3855431,-5.9870423
2317563969,Citrus × aurantium,37.3864196,-5.9925702
2317563971,Citrus × aurantium,37.3855638,-5.9870994
2317563975,desconocida,37.3872558,-5.9902348
2317563979,Citrus × aurantium,37.3857792,-5.9866044
2317563983,Citrus × aurantium,37.3856203,-5.9870524
2317563985,Citrus × aurantium,37.3856685,-5.9870283
2317563987,Citrus × aurantium,37.3858026,-5.9868973
2317563988,desconocida,37.3854544,-5.9867443
2317563989,Citrus × aurantium,37.3857028,-5.9869516
2317563990,Citrus × aurantium,37.3858623,-5.9865519
2317563991,Citrus × aurantium,37.3864997,-5.9925822
2317563992,desconocida,37.3871829,-5.990159
2317563994,desconocida,37.3872072,-5.9901255
2317563996,Citrus × aurantium,37.3864648,-5.9924536
2317563998,Citrus × aurantium,37.3865456,-5.9925863
2317564001,desconocida,37.3872346,-5.990257
2317564003,Citrus × aurantium,37.3857392,-5.9864978
2317564006,Citrus × aurantium,37.3857513,-5.986925
2317564008,Citrus × aurantium,37.3858431,-5.9865007
2317564011,Citrus × aurantium,37.3855,-5.9870657
2317564014,Citrus × aurantium,37.3864587,-5.9925763
2317564016,Citrus × aurantium,37.3865851,-5.9924542
2317564024,Citrus × aurantium,37.3865106,-5.9924532
2317564026,Citrus × aurantium,37.3866281,-5.9924513
2317564029,Citrus × aurantium,37.3858245,-5.9864511
2317564031,Citrus × aurantium,37.3859037,-5.9866547
2317564038,Citrus × aurantium,37.3859099,-5.986711
2317627284,Citrus × aurantium,37.3898641,-5.9929987
2317627286,Citrus × aurantium,37.3899059,-5.9930036
2317627287,Citrus × aurantium,37.3899657,-5.9930105
2317627288,Citrus × aurantium,37.3898185,-5.9929934
2317627289,Citrus × aurantium,37.3899992,-5.9930144
2317627290,Citrus × aurantium,37.3901885,-5.9930382
2317627291,Citrus × aurantium,37.3902853,-5.9930527
2317627292,Citrus × aurantium,37.3901532,-5.993033
2317627295,Citrus × aurantium,37.3900335,-5.9930184
2318110837,desconocida,37.3849197,-5.992395
2318110840,desconocida,37.3852308,-5.9920061
2318110843,desconocida,37.3850412,-5.9924916
2318110846,broadleaved,37.385075,-5.9927974
2318110848,desconocida,37.3851776,-5.9919766
2318110849,broadleaved,37.3850325,-5.992763
2318110850,desconocida,37.3850902,-5.9923843
2318110851,desconocida,37.3851009,-5.9920034
2318110852,Magnolia grandiflora,37.3852268,-5.9937579
2318110853,desconocida,37.3850455,-5.9920946
2318110854,broadleaved,37.3850459,-5.9931331
2318110855,desconocida,37.3852373,-5.9921107
2318110857,broadleaved,37.3846808,-5.9925307
2318110858,desconocida,37.3849261,-5.992336
2318110859,broadleaved,37.3849874,-5.99334
2318110860,desconocida,37.3850668,-5.9924433
2318110861,desconocida,37.3849537,-5.9922636
2318110862,broadleaved,37.3847697,-5.9925934
2318110863,desconocida,37.3851967,-5.9921992
2318110865,desconocida,37.38499,-5.9921966
2319892450,broadleaved,37.3882162,-5.9889887
2319892451,Citrus × aurantium,37.3898602,-5.9914879
2319892452,broadleaved,37.388263,-5.9890069
2319892453,broadleaved,37.3884165,-5.9890767
2319892455,Citrus × aurantium,37.3896935,-5.9907709
2319892456,Citrus × aurantium,37.3897686,-5.9932148
2319892457,Citrus × aurantium,37.3899366,-5.9932205
2319892458,Citrus × aurantium,37.3896614,-5.9908739
2319892459,broadleaved,37.3883125,-5.9890338
2319892460,Citrus × aurantium,37.3901449,-5.9932276
2319892461,Citrus × aurantium,37.3896378,-5.9906429
2319892462,Citrus × aurantium,37.3903665,-5.9930948
2319892463,Citrus × aurantium,37.3903624,-5.9931529
2319892464,Citrus × aurantium,37.3896624,-5.9906982
2319892465,Citrus × aurantium,37.3896928,-5.9908478
2319892466,Citrus × aurantium,37.3865467,-5.9876369
2319892467,Citrus × aurantium,37.386586,-5.9881317
2319892468,Citrus × aurantium,37.3865607,-5.9879185
2319892470,broadleaved,37.3884591,-5.9890928
2319892471,Citrus × aurantium,37.3865568,-5.9878555
2319892472,broadleaved,37.3883722,-5.9890638
2319892473,Citrus × aurantium,37.3898067,-5.9932161
2319892474,Citrus × aurantium,37.3896461,-5.9908126
2319892475,Citrus × aurantium,37.3865648,-5.9879812
2319892476,Citrus × aurantium,37.3900621,-5.9932247
2319922186,broadleaved,37.3903907,-5.9905748
2319922191,broadleaved,37.3904076,-5.9906254
2319922192,broadleaved,37.3903742,-5.9905185
2319922196,broadleaved,37.3905064,-5.9909647
2319922198,desconocida,37.3904398,-5.9907388
2319922203,broadleaved,37.3902623,-5.9906271
2319922214,desconocida,37.3903212,-5.9908219
2319922216,broadleaved,37.3902959,-5.9907377
2319922218,needleleaved,37.3893688,-5.9939732
2319922220,broadleaved,37.3903782,-5.99102
2319922222,broadleaved,37.3904198,-5.990668
2319922231,broadleaved,37.3904822,-5.9908766
2320111954,Citrus × aurantium,37.3909516,-5.9908814
2320111955,Citrus × aurantium,37.3909899,-5.9909631
2320111967,Citrus × aurantium,37.3909279,-5.9908378
2321192106,desconocida,37.3897694,-5.9870455
2321192109,desconocida,37.3894789,-5.9870678
2321192112,desconocida,37.3896283,-5.9871402
2321192117,desconocida,37.389555,-5.9869518
2321192120,desconocida,37.3896576,-5.9869171
2321192126,desconocida,37.3897489,-5.9869434
2333523483,desconocida,37.3859693,-5.9094697
2333523486,desconocida,37.3860019,-5.9094514
2333523493,desconocida,37.3860487,-5.9094252
2333523494,desconocida,37.3860682,-5.9097819
2333523496,desconocida,37.3860852,-5.9094047
2333523497,desconocida,37.3861121,-5.9097579
2333523500,desconocida,37.386153,-5.9097355
2333523505,desconocida,37.3861844,-5.9093491
2333523509,desconocida,37.3861928,-5.9097138
2333523512,desconocida,37.3862357,-5.9093203
2333523516,desconocida,37.3862785,-5.9092963
2333523520,desconocida,37.3862937,-5.9096587
2333523524,desconocida,37.3863335,-5.9092654
2333523527,desconocida,37.3863518,-5.9096269
2333523537,desconocida,37.3864001,-5.9096005
2333523540,desconocida,37.3864409,-5.9095782
2333523544,desconocida,37.3864421,-5.9092045
2333523548,desconocida,37.3864874,-5.9091791
2333523552,desconocida,37.3865383,-5.9091505
2333523556,desconocida,37.3865575,-5.9095146
2333523561,desconocida,37.3865808,-5.9091267
2333523572,desconocida,37.3866065,-5.9094878
2333523579,desconocida,37.386643,-5.9094678
2333523588,desconocida,37.3866869,-5.9094439
2333558793,desconocida,37.3824634,-5.9026553
2333558800,desconocida,37.3825238,-5.9029073
2333558806,desconocida,37.3825282,-5.9029977
2333558812,desconocida,37.3825656,-5.9026227
2333558818,desconocida,37.3825892,-5.9029501
2333558825,desconocida,37.3825954,-5.9028648
2333558834,desconocida,37.3826127,-5.9025985
2333558842,desconocida,37.3826471,-5.9028205
2333558849,desconocida,37.3826537,-5.9029603
2333558858,desconocida,37.3827161,-5.9029169
2333558864,desconocida,37.3827234,-5.9027788
2333558880,desconocida,37.3827665,-5.902511
2333558887,desconocida,37.3827853,-5.9028853
2333558893,desconocida,37.3828397,-5.9024738
2333558899,desconocida,37.3828438,-5.9028533
2333558905,desconocida,37.3829195,-5.902435
2333558908,desconocida,37.3829631,-5.9024096
2333558911,desconocida,37.3829867,-5.9027735
2333558914,desconocida,37.3830432,-5.9022279
2333558918,desconocida,37.3830519,-5.9027418
2333558921,desconocida,37.3830639,-5.9023237
2333558925,desconocida,37.383096,-5.9024102
2333558929,desconocida,37.3831232,-5.9027111
2333558935,desconocida,37.3831349,-5.9024845
2333558942,desconocida,37.3831589,-5.9025829
2333558948,desconocida,37.3831996,-5.902669
2404838153,desconocida,37.3955782,-6.0283166
2676870093,Platanus × hispanica,37.3867569,-5.9984862
2676870094,Platanus × hispanica,37.386748,-5.9995878
2676870095,broadleaved,37.3865742,-5.9996265
2676870096,Platanus × hispanica,37.3867561,-5.9986404
2676870097,broadleaved,37.3865742,-5.9995136
2676870098,Platanus × hispanica,37.3867553,-5.9988043
2676870099,broadleaved,37.3865751,-5.9997436
2676870100,Platanus × hispanica,37.3867539,-5.9989682
2688379783,Platanus × hispanica,37.3867493,-5.9995153
2792728647,Citrus × aurantium,37.3847419,-5.990521
2792728652,Citrus × aurantium,37.3847583,-5.9905566
2792728655,Citrus × aurantium,37.3847646,-5.9904774
2792728657,Citrus × aurantium,37.3847866,-5.990432
2792728662,Citrus × aurantium,37.3848149,-5.9905814
2792728666,Citrus × aurantium,37.3848194,-5.9904254
2792728680,Citrus × aurantium,37.3848584,-5.9905988
2792728683,Citrus × aurantium,37.3848611,-5.9904568
2792728698,Citrus × aurantium,37.3848968,-5.990484
2792728701,Citrus × aurantium,37.3849046,-5.9906184
2792728709,Citrus × aurantium,37.3849403,-5.9906039
2792728711,Citrus × aurantium,37.3849426,-5.9905191
2792728718,Citrus × aurantium,37.3849556,-5.9905617
2792728728,Citrus × aurantium,37.3850974,-5.9917634
2792728739,Citrus × aurantium,37.3851338,-5.9910146
2792728740,Citrus × aurantium,37.3851688,-5.9910397
2792728742,Citrus × aurantium,37.3852009,-5.9910616
2792728746,Citrus × aurantium,37.3852349,-5.9910821
2792728754,Citrus × aurantium,37.385268,-5.9911071
2792728757,Citrus × aurantium,37.385288,-5.9910491
2792728761,Citrus × aurantium,37.3852967,-5.9911302
2792728766,Citrus × aurantium,37.3853143,-5.9909994
2792728769,Citrus × aurantium,37.3853317,-5.9911558
2792728775,Citrus × aurantium,37.3853398,-5.9909524
2792728786,Citrus × aurantium,37.3853641,-5.9911789
2792728796,Citrus × aurantium,37.3854109,-5.9909616
2792728805,Citrus × aurantium,37.3854428,-5.9909848
2792728813,Citrus × aurantium,37.3854767,-5.9910097
2792728814,Citrus × aurantium,37.3854851,-5.9911193
2792728820,Citrus × aurantium,37.3855093,-5.9910633
2792728825,Citrus × aurantium,37.3855209,-5.9911389
2792728836,Citrus × aurantium,37.3855467,-5.9910882
2792728845,Citrus × aurantium,37.3855612,-5.991172
2792728851,Citrus × aurantium,37.3856088,-5.9912021
2792728856,Citrus × aurantium,37.3856325,-5.9911471
2792728864,Citrus × aurantium,37.3856431,-5.9912217
2792728878,Citrus × aurantium,37.385666,-5.9911677
2792728888,Citrus × aurantium,37.3856844,-5.9912459
2792728894,Citrus × aurantium,37.3857049,-5.9911902
2794300117,Citrus × aurantium,37.3842561,-5.9901924
2834400603,desconocida,37.3894644,-5.9870045
2834400604,desconocida,37.3895069,-5.9869766
2834400605,desconocida,37.3895546,-5.987035
2834400607,desconocida,37.3896108,-5.9869363
2834400608,desconocida,37.3896834,-5.9870835
2834400609,desconocida,37.3896847,-5.9869864
2834400610,desconocida,37.3896853,-5.9871543
2834400611,desconocida,37.3897337,-5.9871485
2834400613,desconocida,37.3897677,-5.9871206
2834400614,desconocida,37.3897684,-5.9869996
2834400617,desconocida,37.3897795,-5.9870745
2834400619,desconocida,37.3898167,-5.9868606
2834400620,desconocida,37.3898272,-5.9869256
2834400622,desconocida,37.389839,-5.9870004
2834400623,desconocida,37.3898507,-5.9870737
2834400624,desconocida,37.3898573,-5.9871181
2834400626,desconocida,37.3898631,-5.9871633
2834400627,desconocida,37.389869,-5.9872012
2834400628,desconocida,37.3899043,-5.9869618
2834400630,desconocida,37.3899285,-5.9869971
2834400631,desconocida,37.3899619,-5.9870482
2834400632,desconocida,37.3899815,-5.9870778
2834400633,desconocida,37.3900004,-5.9871074
2865037212,Citrus × aurantium,37.3851557,-5.9917963
2865037213,Citrus × aurantium,37.385185,-5.9918536
2865037214,Citrus × aurantium,37.3852499,-5.9919048
2865037215,Citrus × aurantium,37.385285,-5.9919348
2865037216,Citrus × aurantium,37.3853321,-5.9919742
2865037217,Citrus × aurantium,37.3853717,-5.9920042
2865037218,Citrus × aurantium,37.3854123,-5.9920359
2865037219,Citrus × aurantium,37.3854586,-5.9920748
2865037220,Citrus × aurantium,37.3855047,-5.9921095
2865037221,Citrus × aurantium,37.385563,-5.9921483
2865037222,Citrus × aurantium,37.3856135,-5.9921807
2865037223,Citrus × aurantium,37.3856612,-5.9922156
2865037224,Citrus × aurantium,37.3857299,-5.9922214
2865037225,Citrus × aurantium,37.3857868,-5.9922095
2865037226,Citrus × aurantium,37.3858473,-5.9921972
2865037228,Citrus × aurantium,37.3859107,-5.9921684
2865037229,Citrus × aurantium,37.3859468,-5.9921178
2865037230,Citrus × aurantium,37.3859821,-5.992058
2865037231,Citrus × aurantium,37.386011,-5.9919131
2865037232,Citrus × aurantium,37.3860248,-5.9918607
2865037233,Citrus × aurantium,37.3860248,-5.9919818
2865037234,Citrus × aurantium,37.3860384,-5.9918029
2865037236,Citrus × aurantium,37.3860466,-5.9919198
2865037237,Citrus × aurantium,37.3860577,-5.9918462
2865037239,Citrus × aurantium,37.3866611,-5.9939018
2865037240,Citrus × aurantium,37.3866652,-5.993843
2865037241,Citrus × aurantium,37.3866698,-5.9937783
2865037242,Citrus × aurantium,37.3866742,-5.9937166
2865037243,Citrus × aurantium,37.3866787,-5.9936535
2865037244,Citrus × aurantium,37.3866832,-5.9935906
2865037245,Citrus × aurantium,37.3866878,-5.9935246
2865037246,Citrus × aurantium,37.386693,-5.9934617
2865037248,Citrus × aurantium,37.3867101,-5.9932561
2865037249,Citrus × aurantium,37.386713,-5.9932017
2865037250,Citrus × aurantium,37.3867189,-5.9931279
2865037251,Citrus × aurantium,37.3867209,-5.9930585
2865037252,Citrus × aurantium,37.3867233,-5.9930088
2865037253,Citrus × aurantium,37.3867287,-5.9929461
2865037254,Citrus × aurantium,37.3867332,-5.9928783
2865037256,Citrus × aurantium,37.3867373,-5.9928151
2865037257,Citrus × aurantium,37.3867281,-5.9939112
2865037258,Citrus × aurantium,37.3867423,-5.9927524
2865037259,Citrus × aurantium,37.3867333,-5.9938451
2865037260,Citrus × aurantium,37.386746,-5.9926991
2865037261,Citrus × aurantium,37.3867369,-5.9937864
2865037263,Citrus × aurantium,37.3867422,-5.9937202
2865037264,Citrus × aurantium,37.386746,-5.9936588
2865037265,Citrus × aurantium,37.38675,-5.993597
2865037266,Citrus × aurantium,37.3867553,-5.9935329
2865037268,Citrus × aurantium,37.3867601,-5.9934688
2865037271,Citrus × aurantium,37.3867871,-5.9942088
2865037277,Citrus × aurantium,37.3868616,-5.9942176
2865037284,Citrus × aurantium,37.3869675,-5.9942366
2865037290,Citrus × aurantium,37.3870187,-5.9942454
2865037297,Citrus × aurantium,37.3871281,-5.9942542
2865037802,Citrus × aurantium,37.3871828,-5.9942615
2865037805,Citrus × aurantium,37.3872911,-5.9942761
2865037806,Citrus × aurantium,37.3873458,-5.994282
2865037807,Citrus × aurantium,37.3874563,-5.9942952
2865037808,Citrus × aurantium,37.3875099,-5.9943025
2865037809,Citrus × aurantium,37.3876204,-5.9943172
2865037810,Citrus × aurantium,37.3876716,-5.994323
2865037811,Citrus × aurantium,37.387774,-5.9943347
2912620684,Citrus × aurantium,37.385334,-5.9919372
2912620685,Citrus × aurantium,37.385369,-5.9919653
2912620686,Citrus × aurantium,37.3854281,-5.9920071
2912620687,Citrus × aurantium,37.3854728,-5.9920418
2912620688,Citrus × aurantium,37.3855568,-5.9921053
2912620689,Citrus × aurantium,37.3855951,-5.9921333
2912620690,Citrus × aurantium,37.3856757,-5.9921941
2912620691,Citrus × aurantium,37.3856949,-5.9922297
2912620692,Citrus × aurantium,37.3857222,-5.9921975
2912620693,Citrus × aurantium,37.3857284,-5.9916476
2912620694,Citrus × aurantium,37.3857463,-5.9916071
2912620695,Citrus × aurantium,37.3857463,-5.9916743
2912620696,Citrus × aurantium,37.3857676,-5.9917078
2912620697,Citrus × aurantium,37.3857688,-5.9921863
2912620698,Citrus × aurantium,37.3857889,-5.9916234
2912620699,Citrus × aurantium,37.3858156,-5.9916809
2912620700,Citrus × aurantium,37.3858382,-5.9921731
2912621201,Citrus × aurantium,37.3858904,-5.9921517
2912621202,Citrus × aurantium,37.3859194,-5.9921074
2912621204,Cupressus,37.3859645,-5.9919117
2912621206,Citrus × aurantium,37.3859718,-5.9920134
2912621208,Citrus × aurantium,37.3859962,-5.9919637
2912621218,Citrus × aurantium,37.386193,-5.9917774
2912621219,Citrus × aurantium,37.3862466,-5.9917533
2912621220,Citrus × aurantium,37.3862897,-5.991878
2912621222,Citrus × aurantium,37.386294,-5.9919364
2912621224,Citrus × aurantium,37.3862988,-5.9917268
2912621226,Citrus × aurantium,37.3863153,-5.9922274
2912621228,Citrus × aurantium,37.3863194,-5.9922828
2912621230,Citrus × aurantium,37.3863237,-5.9923412
2914838489,Platanus × hispanica,37.3821839,-5.9934888
2914838490,Platanus × hispanica,37.3821937,-5.9935656
2914838491,Platanus × hispanica,37.3822011,-5.9936457
2914838492,Platanus × hispanica,37.3822106,-5.9937222
2914838493,Platanus × hispanica,37.3822182,-5.9937986
2914838496,Platanus × hispanica,37.3822533,-5.9933964
2914838498,Platanus × hispanica,37.3822628,-5.9934759
2914838500,Platanus × hispanica,37.3822714,-5.9935518
2914840502,Platanus × hispanica,37.3822821,-5.993631
2914840503,Platanus × hispanica,37.3822904,-5.993709
2914840507,Platanus × hispanica,37.3822993,-5.9937821
2961144415,desconocida,37.3776611,-6.0089535
2961144417,desconocida,37.3776808,-6.0089151
2961144418,desconocida,37.3777009,-6.0088758
2961144419,desconocida,37.3777216,-6.0088353
2961144420,desconocida,37.3777399,-6.0085728
2961144421,desconocida,37.3777433,-6.0087928
2961144422,desconocida,37.3777642,-6.0085942
2961144423,desconocida,37.377766,-6.0087486
2961144424,desconocida,37.3777906,-6.0087005
2961144425,desconocida,37.3777936,-6.0086141
2961144426,desconocida,37.3778216,-6.0086398
2965987733,desconocida,37.3776803,-6.0086952
2965987734,desconocida,37.3777061,-6.0086464
2965987735,desconocida,37.3777243,-6.0086065
2966481727,desconocida,37.3777121,-6.0087042
2966482636,desconocida,37.3777441,-6.0087249
2977567433,desconocida,37.3778212,-6.0085246
2977567439,desconocida,37.3778409,-6.0084833
2977567447,desconocida,37.3778611,-6.0084448
2977567448,desconocida,37.3778664,-6.0085506
2977567458,desconocida,37.3778846,-6.0083977
2977567461,desconocida,37.3778895,-6.0085063
2977567474,desconocida,37.3779092,-6.0084688
2977567479,desconocida,37.3779303,-6.0084289
2979238945,desconocida,37.3775393,-6.0089363
2979238947,desconocida,37.3775594,-6.0088955
2979238951,desconocida,37.3775822,-6.008849
2979238953,desconocida,37.3776023,-6.0088081
2979238956,desconocida,37.3776217,-6.0087686
2979238958,desconocida,37.3776441,-6.0087231
2995732436,desconocida,37.3783231,-6.0087418
2995732437,desconocida,37.3783592,-6.0087418
3009619800,desconocida,37.3774772,-6.0085984
3009619802,desconocida,37.3775169,-6.0086235
3009619803,desconocida,37.3775449,-6.0086491
3009619804,desconocida,37.3775793,-6.0086777
3009619805,desconocida,37.377609,-6.0087005
3029316503,desconocida,37.3651111,-5.9511704
3029316506,desconocida,37.3651695,-5.9510537
3029316507,desconocida,37.3651726,-5.9515124
3029316510,desconocida,37.3651883,-5.9509838
3029316512,desconocida,37.3651987,-5.9511903
3029316513,desconocida,37.3652008,-5.9515031
3029316514,desconocida,37.3652081,-5.9514499
3029316516,desconocida,37.3652404,-5.9511037
3029316517,desconocida,37.3652498,-5.9515072
3029316521,desconocida,37.3652686,-5.951233
3029316522,desconocida,37.3652727,-5.9516105
3029316525,desconocida,37.3652842,-5.9510391
3029316527,desconocida,37.3652905,-5.9508827
3029316529,desconocida,37.3653103,-5.9514739
3029316530,desconocida,37.3653197,-5.9510933
3029316531,desconocida,37.3653238,-5.9515708
3029317737,desconocida,37.3653468,-5.9509317
3029317739,desconocida,37.3653499,-5.9513467
3029317744,desconocida,37.3653614,-5.9510787
3029317746,desconocida,37.3653666,-5.9515354
3029317747,desconocida,37.3653676,-5.951404
3029317753,desconocida,37.3653937,-5.9514614
3029317755,desconocida,37.3654072,-5.9510724
3029317757,desconocida,37.3654125,-5.9510203
3029317758,desconocida,37.3654135,-5.9515104
3029317782,desconocida,37.3655088,-5.9518005
3029317793,desconocida,37.3655678,-5.951757
3029317796,desconocida,37.3655793,-5.9512518
3029317801,desconocida,37.3655981,-5.9513018
3029317806,desconocida,37.365622,-5.9513581
3029317808,desconocida,37.3656241,-5.9512184
3029317814,desconocida,37.3656489,-5.9519546
3029317819,desconocida,37.3656679,-5.951185
3029317820,desconocida,37.365669,-5.9512518
3029317821,desconocida,37.365669,-5.9513498
3029317823,desconocida,37.365671,-5.9512945
3029317826,desconocida,37.3656865,-5.9518684
3029317831,desconocida,37.3657049,-5.9517217
3029318034,desconocida,37.365719,-5.9511558
3029318037,desconocida,37.3657285,-5.9517747
3029318039,desconocida,37.3657367,-5.951233
3029318040,desconocida,37.3657472,-5.9512935
3029318041,desconocida,37.3657492,-5.9516649
3029318043,desconocida,37.3657536,-5.9518396
3029318048,desconocida,37.3657949,-5.9515403
3029318049,desconocida,37.3657964,-5.9517703
3029318055,desconocida,37.3658148,-5.9516207
3029318059,desconocida,37.3658281,-5.9517032
3029318064,desconocida,37.3658745,-5.9515838
3032381008,desconocida,37.3773054,-6.0089174
3032381009,desconocida,37.377325,-6.0088798
3032381010,desconocida,37.3773446,-6.0088422
3032381011,desconocida,37.3773642,-6.0088046
3032381012,desconocida,37.3773838,-6.008767
3032381013,desconocida,37.3774034,-6.0087294
3032381014,desconocida,37.377423,-6.0086918
3032381015,desconocida,37.3774426,-6.0086542
3032381016,desconocida,37.3774622,-6.0086166
3032395010,desconocida,37.3770962,-6.0081416
3032395011,desconocida,37.3771403,-6.0081765
3032395012,desconocida,37.3771484,-6.008074
3032395013,desconocida,37.3771844,-6.0082113
3032395014,desconocida,37.3771925,-6.0081088
3032395015,desconocida,37.3772284,-6.0082462
3032395016,desconocida,37.3772365,-6.0081437
3032395017,desconocida,37.3772725,-6.008281
3032395018,desconocida,37.3772806,-6.0081785
3032395019,desconocida,37.3773054,-6.0083055
3032395020,desconocida,37.3773247,-6.0082134
3032395021,desconocida,37.3773495,-6.0083403
3032395022,desconocida,37.377355,-6.0082367
3032395023,desconocida,37.3773935,-6.0083752
3032395024,desconocida,37.3773991,-6.0082715
3032395025,desconocida,37.3774376,-6.00841
3032395026,desconocida,37.3774432,-6.0083064
3032395027,desconocida,37.3774817,-6.0084448
3032395028,desconocida,37.3774872,-6.0083412
3041433611,desconocida,37.3769152,-6.0091064
3041433612,desconocida,37.3769262,-6.0091635
3041433613,desconocida,37.3769608,-6.0090965
3041433614,desconocida,37.3769717,-6.0091536
3041433615,desconocida,37.3770063,-6.0090866
3041433616,desconocida,37.3770173,-6.0091437
3041433617,desconocida,37.3770519,-6.0090766
3041433618,desconocida,37.3770629,-6.0091337
3041433619,desconocida,37.3771268,-6.0090505
3041433620,desconocida,37.3771328,-6.0091104
3041433621,desconocida,37.3771724,-6.0090406
3041433622,desconocida,37.3771805,-6.0090994
3041433623,desconocida,37.3772179,-6.0090307
3041433624,desconocida,37.3772282,-6.0090884
3041433625,desconocida,37.3772635,-6.0090208
3041433626,desconocida,37.3772759,-6.0090774
3041521706,desconocida,37.3768219,-6.0087272
3041521707,desconocida,37.3768338,-6.0088075
3041521717,desconocida,37.3769055,-6.0087901
3041521728,desconocida,37.3769792,-6.0083832
3041521732,desconocida,37.3769933,-6.0087641
3041523540,desconocida,37.377027,-6.0086794
3041523542,desconocida,37.3770574,-6.0084429
3041523543,desconocida,37.3770595,-6.0087565
3041523546,desconocida,37.3770845,-6.008572
3041523550,desconocida,37.3771279,-6.0085058
3041523551,desconocida,37.377129,-6.008661
3041523552,desconocida,37.3771355,-6.0087413
3041523556,desconocida,37.3772017,-6.0085644
3041523558,desconocida,37.3772147,-6.0087163
3041523561,desconocida,37.3772646,-6.0086209
3041523562,desconocida,37.3773384,-6.0086794
3048007013,desconocida,37.377018,-6.0079212
3048007019,desconocida,37.3770536,-6.0078502
3048007021,desconocida,37.3770892,-6.0077791
3048007022,desconocida,37.3770946,-6.0079612
3048007024,desconocida,37.3771248,-6.007708
3048007025,desconocida,37.3771313,-6.0078907
3048007026,desconocida,37.3771604,-6.007637
3048007027,desconocida,37.377168,-6.0078202
3048028933,desconocida,37.3772047,-6.0077496
3048028937,desconocida,37.3772328,-6.0074924
3048028940,desconocida,37.3772413,-6.0076791
3048028943,desconocida,37.3772684,-6.0074213
3048028947,desconocida,37.377304,-6.0073502
3048028948,desconocida,37.3773147,-6.0075381
3048028949,desconocida,37.3773396,-6.0072792
3048028951,desconocida,37.3773513,-6.0074676
3048028952,desconocida,37.3773752,-6.0072081
3048028953,desconocida,37.377388,-6.007397
3048028954,desconocida,37.3774108,-6.007137
3048028955,desconocida,37.3774247,-6.0073265
3048028956,desconocida,37.3774614,-6.007256
3048028957,desconocida,37.377498,-6.0071854
3050091775,desconocida,37.3796013,-6.0089479
3050091776,desconocida,37.3796608,-6.008993
3050091777,desconocida,37.3797149,-6.0090357
3050091778,desconocida,37.3799332,-6.0092125
3050091779,desconocida,37.3799933,-6.0092534
3050091780,desconocida,37.3800402,-6.0092846
3050091781,desconocida,37.3800742,-6.0093564
3050091782,desconocida,37.3800962,-6.0093084
3050091783,desconocida,37.3801151,-6.0093902
3050091784,desconocida,37.3801211,-6.0092563
3050091785,desconocida,37.3801388,-6.0093404
3050091786,desconocida,37.3801492,-6.0092036
3050091787,desconocida,37.3801637,-6.0092872
3050091788,desconocida,37.3801773,-6.0091508
3050091789,desconocida,37.3801895,-6.0092333
3050091790,desconocida,37.3802179,-6.009177
3050097093,desconocida,37.3796898,-6.009607
3050097094,desconocida,37.3797255,-6.0096504
3050097095,desconocida,37.3797374,-6.0095573
3050097096,desconocida,37.3797724,-6.0096105
3050098728,desconocida,37.3794138,-6.009067
3050098729,desconocida,37.3794244,-6.0092243
3050098730,desconocida,37.3795362,-6.0092459
3050098731,desconocida,37.3795468,-6.0094079
3050098732,desconocida,37.3796597,-6.0094349
3057613641,desconocida,37.3769593,-6.0079805
3057613642,desconocida,37.3769878,-6.0080616
3057613644,desconocida,37.3770404,-6.0079622
3057613645,desconocida,37.3770673,-6.0080411
3057613648,desconocida,37.3771876,-6.0075476
3057613649,desconocida,37.3772191,-6.0076293
3057613652,desconocida,37.3772676,-6.0075287
3070212345,desconocida,37.376777,-6.0083824
3070212346,desconocida,37.3768152,-6.0083135
3070212349,desconocida,37.3768533,-6.0082446
3070212352,desconocida,37.3768914,-6.0081757
3070212353,desconocida,37.3769207,-6.0082881
3070212354,desconocida,37.3769296,-6.0081068
3070212355,desconocida,37.3769885,-6.0081576
3149400832,Dracaena draco,37.3814296,-5.948247
3149422854,Cupressus arizonica,37.3801334,-5.9498465
3149422855,Pinus SPP.,37.3801362,-5.9498899
3149422856,Cupressus arizonica,37.3801508,-5.9488342
3149422857,Pinus SPP.,37.3801678,-5.9497859
3149422858,Pinus SPP.,37.3804252,-5.9476851
3149422859,Pinus SPP.,37.3804487,-5.9476493
3149422860,Pinus SPP.,37.3804736,-5.9476488
3149422861,Pinus SPP.,37.3805024,-5.9476644
3149422862,Pinus SPP.,37.380526,-5.9477102
3149422863,Pinus SPP.,37.381252,-5.9460104
3149422864,Pinus SPP.,37.3812685,-5.9459496
3149422865,Pinus SPP.,37.3813031,-5.9460306
3149422866,Pinus SPP.,37.3813858,-5.9471169
3149422867,Pinus SPP.,37.3814035,-5.9469789
3149422868,Pinus SPP.,37.3814495,-5.9471512
3149422869,Pinus SPP.,37.3816717,-5.9458722
3149422870,Pinus SPP.,37.3816849,-5.9448551
3149422871,Pinus SPP.,37.3817013,-5.9448172
3149422872,Pinus SPP.,37.3817408,-5.945025
3149422873,Pinus SPP.,37.3817509,-5.945059
3149422874,Pinus SPP.,37.3817659,-5.9448385
3149422875,Pinus SPP.,37.3817728,-5.9450052
3149422876,Pinus SPP.,37.3817841,-5.9449713
3149422877,Pinus SPP.,37.3818124,-5.9450313
3149422878,Pinus SPP.,37.3818312,-5.94507
3149422879,Pinus SPP.,37.3818626,-5.9450613
3149422880,Pinus SPP.,37.3819591,-5.9473428
3149422881,Pinus SPP.,37.3820377,-5.9473536
3149422882,Pinus SPP.,37.38206,-5.9473872
3149422883,Pinus SPP.,37.3820761,-5.9445517
3149422884,Pinus SPP.,37.3820968,-5.9444751
3149422885,Pinus SPP.,37.3821325,-5.9473994
3149422886,Pinus SPP.,37.3821366,-5.947064
3149422887,Pinus SPP.,37.3821451,-5.9445272
3149422888,Pinus SPP.,37.3821466,-5.9468949
3149422889,Pinus SPP.,37.3821683,-5.944502
3149422890,Pinus SPP.,37.3821723,-5.9469992
3149422891,Pinus SPP.,37.3821877,-5.947307
3149422892,Pinus SPP.,37.3821931,-5.9469498
3149422893,Pinus SPP.,37.3824069,-5.9433871
3149422894,Pinus SPP.,37.3824151,-5.9433761
3149422895,Cupressus arizonica,37.382432,-5.9441053
3149422896,Pinus SPP.,37.3824414,-5.9434409
3149422897,Cupressus arizonica,37.3825168,-5.9441077
3149422898,Pinus SPP.,37.3825187,-5.9436344
3149422899,Pinus SPP.,37.3825268,-5.9436479
3149422900,Pinus SPP.,37.3825268,-5.9436897
3149422901,Pinus SPP.,37.382906,-5.9431912
3149422902,Pinus SPP.,37.3829537,-5.94504
3149422903,Pinus SPP.,37.3829603,-5.9475798
3149422904,Pinus SPP.,37.3829797,-5.9475865
3149422905,Pinus SPP.,37.3830011,-5.9475533
3149422906,Pinus SPP.,37.3830086,-5.947609
3149422907,Pinus SPP.,37.3830146,-5.9476082
3149422908,Pinus SPP.,37.383051,-5.9432868
3149422909,Pinus SPP.,37.3831195,-5.94504
3149422910,Pinus SPP.,37.3831458,-5.9450661
3149422911,Pinus SPP.,37.3831722,-5.9450131
3149422912,Pinus SPP.,37.3831735,-5.9450708
3149422913,Pinus SPP.,37.3832356,-5.9454011
3149422914,Pinus SPP.,37.3832476,-5.9440232
3149422915,Pinus SPP.,37.3833047,-5.9440342
3149422916,Pinus SPP.,37.3834083,-5.9436731
3149422917,Pinus SPP.,37.3834321,-5.943655
3149422918,Pinus SPP.,37.3835188,-5.9462591
3149422919,Pinus SPP.,37.3836669,-5.9459289
3149422920,Pinus SPP.,37.3837102,-5.9458301
3149422921,Pinus SPP.,37.3837347,-5.9458625
3149431151,Pinus SPP.,37.3809753,-5.9498839
3149431152,Pinus SPP.,37.3809878,-5.9497967
3149431153,Pinus SPP.,37.381022,-5.9496978
3149431154,Pinus SPP.,37.3810317,-5.9496056
3149431155,Pinus SPP.,37.3810415,-5.9498559
3149431156,Pinus SPP.,37.3818725,-5.9481101
3149431157,Pinus SPP.,37.3821385,-5.9480708
3149431158,Pinus SPP.,37.3821997,-5.9481222
3149431159,Pinus SPP.,37.382221,-5.9481834
3149431160,Pinus SPP.,37.3822829,-5.9481755
3149431161,Pinus SPP.,37.3823023,-5.948221
3149431162,Pinus SPP.,37.3828372,-5.9479717
3149431163,Pinus SPP.,37.3828404,-5.9480053
3149431164,Pinus SPP.,37.3828812,-5.9478287
3149436405,Olea europaea,37.3802309,-5.9481411
3149436406,Olea europaea,37.3802472,-5.9481661
3149436407,Olea europaea,37.3804093,-5.9477603
3149436408,Olea europaea,37.3804445,-5.9477651
3149436409,Olea europaea,37.380557,-5.9473253
3149436410,Olea europaea,37.3805892,-5.9473569
3149436411,Olea europaea,37.3806043,-5.9474358
3149436412,Olea europaea,37.3806676,-5.9513151
3149436413,Olea europaea,37.3807125,-5.9509053
3149436414,Olea europaea,37.3807564,-5.9509437
3149436415,Olea europaea,37.3807655,-5.9477003
3149436416,Olea europaea,37.3807893,-5.9477477
3149436417,Olea europaea,37.380812,-5.9477477
3149436418,Olea europaea,37.3808418,-5.9477871
3149436419,Olea europaea,37.3808604,-5.9478416
3149436420,Olea europaea,37.3808669,-5.9513025
3149436422,Olea europaea,37.3809084,-5.9511588
3149436423,Dracaena draco,37.3814237,-5.9482928
3149446085,Cupressus sempervirens,37.3804945,-5.9478237
3149446087,Cupressus sempervirens,37.3805236,-5.9478002
3149446100,Cupressus sempervirens,37.3828948,-5.9444187
3149446101,Cupressus sempervirens,37.3829652,-5.9443781
3149446102,desconocida,37.3830004,-5.9444888
3149460376,Phoenix dactylifera,37.3802352,-5.9483292
3149460382,Phoenix dactylifera,37.3802848,-5.9483244
3149460383,Phoenix dactylifera,37.3802882,-5.9474654
3149460384,Phoenix dactylifera,37.38032,-5.9483596
3149460385,Phoenix dactylifera,37.3803386,-5.9470876
3149460386,Phoenix dactylifera,37.380342,-5.9471938
3149460387,desconocida,37.3803552,-5.947141
3149460388,Phoenix dactylifera,37.3803764,-5.9471165
3149460389,Phoenix dactylifera,37.3803798,-5.9482636
3149460390,desconocida,37.3809665,-5.9451151
3149460391,Phoenix dactylifera,37.3809971,-5.9450644
3149460392,Phoenix dactylifera,37.3810149,-5.9450015
3149460393,Phoenix dactylifera,37.3810229,-5.945106
3149460394,Phoenix dactylifera,37.3810751,-5.9451034
3149460395,Phoenix dactylifera,37.3810882,-5.9447795
3149460397,Phoenix dactylifera,37.3812586,-5.9445714
3149460398,Phoenix dactylifera,37.3812856,-5.9445577
3149460399,Phoenix dactylifera,37.3812934,-5.9502372
3149460400,Phoenix dactylifera,37.3813032,-5.9452416
3149460401,Phoenix dactylifera,37.3813081,-5.9493536
3149460402,Phoenix dactylifera,37.3813108,-5.9452304
3149460403,Phoenix dactylifera,37.3813219,-5.9493943
3149460404,Phoenix dactylifera,37.3811774,-5.9497567
3149460405,Phoenix dactylifera,37.3813384,-5.9493823
3149460406,Phoenix dactylifera,37.381342,-5.9445547
3149460407,Phoenix dactylifera,37.3815836,-5.9502006
3149460408,Phoenix dactylifera,37.3816259,-5.9500719
3149460409,Phoenix dactylifera,37.3816319,-5.95017
3149460410,Phoenix dactylifera,37.3816408,-5.9497539
3149460411,Phoenix dactylifera,37.3816477,-5.9496996
3149460412,Phoenix dactylifera,37.3816666,-5.9501678
3149460413,Phoenix dactylifera,37.3816864,-5.9497048
3149460414,Phoenix dactylifera,37.3818265,-5.9443057
3149460415,Phoenix dactylifera,37.3819152,-5.9443102
3149460416,Phoenix dactylifera,37.3819694,-5.9480686
3149460417,Phoenix dactylifera,37.3819885,-5.948105
3149460418,Phoenix dactylifera,37.3819933,-5.9481698
3149460419,Phoenix dactylifera,37.3819951,-5.9481132
3149460420,Phoenix dactylifera,37.3820083,-5.9481499
3149460421,Phoenix dactylifera,37.3822,-5.944418
3149460422,Phoenix dactylifera,37.3822017,-5.9440381
3149460423,Phoenix dactylifera,37.3822049,-5.9444332
3149460424,Phoenix dactylifera,37.3822269,-5.9444295
3149460426,Phoenix dactylifera,37.3824251,-5.943965
3149460427,Phoenix dactylifera,37.3825232,-5.9439938
3149460428,Phoenix dactylifera,37.3825296,-5.9440355
3149462029,Phoenix dactylifera,37.3825436,-5.9439869
3149462030,Phoenix dactylifera,37.3825682,-5.9442833
3149462031,Phoenix dactylifera,37.3828782,-5.9451671
3149462032,Phoenix dactylifera,37.3829051,-5.9451348
3149462033,desconocida,37.3829265,-5.9451634
3149462034,Phoenix dactylifera,37.3829448,-5.9451951
3149462035,Phoenix dactylifera,37.38298,-5.9451335
3149462036,Phoenix dactylifera,37.3829817,-5.9451916
3149462037,Phoenix dactylifera,37.3832016,-5.9444119
3149462038,Phoenix dactylifera,37.3832248,-5.9449483
3149784017,Albizia julibrissin,37.3817879,-5.9434193
3149784027,Ficus carica,37.3820938,-5.9434634
3149784030,Cercis siliquastrum,37.3821251,-5.943153
3149784031,Cercis siliquastrum,37.3821317,-5.9431405
3149784032,Koelreuteria paniculata,37.3821425,-5.9431457
3149784034,Koelreuteria paniculata,37.3821474,-5.9431296
3149784035,Koelreuteria paniculata,37.3821553,-5.9431457
3149784036,Koelreuteria paniculata,37.3821594,-5.9431265
3149784040,Phytolacca dioica L.,37.3822498,-5.9436301
3149784041,Phytolacca dioica L.,37.3822615,-5.9436103
3149784042,Phytolacca dioica L.,37.3822656,-5.9436331
3149784062,Tipuana tipu,37.3826825,-5.9442648
3149784063,Phytolacca dioica L.,37.3826841,-5.9440683
3149784064,Tipuana tipu,37.3826973,-5.9442378
3149784065,Phytolacca dioica L.,37.3827056,-5.9440381
3149784066,Phytolacca dioica L.,37.3827163,-5.9440745
3149807963,Phoenix dactylifera,37.380153,-5.9490122
3149807964,Phoenix dactylifera,37.3801574,-5.9489826
3149807965,Phoenix dactylifera,37.3801711,-5.9490132
3149807966,Washingtonia filifera,37.3801893,-5.9492355
3149807967,Washingtonia filifera,37.3802101,-5.9492803
3149807968,Washingtonia filifera,37.3802282,-5.9492338
3149807969,Phoenix dactylifera,37.3802406,-5.9488017
3149807970,Washingtonia filifera,37.380284,-5.9491725
3149807971,Phoenix dactylifera,37.380301,-5.9493995
3149807972,Phoenix dactylifera,37.3803283,-5.9494331
3149807973,Phoenix dactylifera,37.3803287,-5.9494327
3149807974,Phoenix dactylifera,37.3803307,-5.9494438
3149807975,Phoenix dactylifera,37.3803776,-5.9495521
3149807976,Phoenix dactylifera,37.3803783,-5.9495488
3149807977,Phoenix dactylifera,37.3803798,-5.949551
3149807978,Phoenix dactylifera,37.3804126,-5.949513
3149807979,Phoenix dactylifera,37.3804477,-5.9494538
3149807980,Phoenix dactylifera,37.380483,-5.9494324
3149807981,Phoenix dactylifera,37.3809789,-5.9468144
3149807982,Phoenix dactylifera,37.3809867,-5.9469926
3149807983,Phoenix dactylifera,37.3809897,-5.9468115
3149807984,Phoenix dactylifera,37.3809959,-5.9468222
3149807985,Phoenix dactylifera,37.3810014,-5.9465349
3149807986,Phoenix dactylifera,37.3812811,-5.9466562
3149807987,Phoenix dactylifera,37.3813771,-5.9472045
3149807988,Phoenix dactylifera,37.3813941,-5.9472045
3149807989,Phoenix dactylifera,37.38146,-5.9473517
3149807990,Phoenix dactylifera,37.3814642,-5.9483262
3149807991,Phoenix dactylifera,37.3814653,-5.9469114
3149807992,Phoenix dactylifera,37.3814872,-5.9482814
3149807993,Phoenix dactylifera,37.3815042,-5.9482573
3149807994,Phoenix dactylifera,37.381549,-5.9482435
3149807995,Phoenix dactylifera,37.3815901,-5.9482118
3149807996,Phoenix dactylifera,37.3816015,-5.9470594
3151445277,Eucalyptus melliodora,37.3812783,-5.9491353
3151445278,Eucalyptus melliodora,37.3812933,-5.9490977
3151445279,Eucalyptus melliodora,37.3813127,-5.9489765
3151445280,Eucalyptus melliodora,37.3813132,-5.9490573
3151445281,Eucalyptus melliodora,37.3813197,-5.9490034
3151445282,Eucalyptus melliodora,37.3813241,-5.9489571
3151445283,Eucalyptus melliodora,37.3813278,-5.9490236
3151445284,Eucalyptus melliodora,37.3813349,-5.9489498
3151445285,Eucalyptus melliodora,37.3813405,-5.9489063
3151445286,Eucalyptus melliodora,37.3813589,-5.9488673
3151445287,Eucalyptus melliodora,37.3813728,-5.9492359
3151445288,Eucalyptus melliodora,37.3816225,-5.9483351
3151445289,Eucalyptus melliodora,37.3816387,-5.9483191
3151445290,Eucalyptus melliodora,37.3816558,-5.9482611
3151445291,Eucalyptus melliodora,37.3817195,-5.9482884
3151445292,Eucalyptus melliodora,37.3817397,-5.9482953
3151445293,Eucalyptus melliodora,37.3817995,-5.9482997
3151445294,Eucalyptus melliodora,37.3818069,-5.9483051
3151445295,Eucalyptus melliodora,37.3818318,-5.9482855
3151445296,Eucalyptus melliodora,37.3818357,-5.9483201
3151445297,Eucalyptus melliodora,37.3818828,-5.9483553
3151445298,Eucalyptus melliodora,37.3820735,-5.9485145
3151445299,Eucalyptus melliodora,37.3821199,-5.9485056
3151445300,Eucalyptus melliodora,37.382359,-5.9486835
3151445301,Eucalyptus melliodora,37.3825953,-5.9485757
3151445302,Eucalyptus melliodora,37.382677,-5.9484725
3151445303,Eucalyptus melliodora,37.3826967,-5.9484389
3275208595,Brachychiton populneus,37.3804053,-5.945163
3275208596,Brachychiton populneus,37.3804168,-5.9451386
3275208597,Schinus areira,37.3807451,-5.9463106
3275208598,Schinus areira,37.380752,-5.9463039
3275208599,Schinus areira,37.3807896,-5.9463171
3275208600,Schinus areira,37.3807954,-5.9454976
3275208601,Schinus areira,37.3807977,-5.9454853
3275208602,Brachychiton populneus,37.3808148,-5.9439598
3275208603,Schinus areira,37.3808164,-5.9462819
3275208604,Schinus areira,37.3808214,-5.9454754
3275208605,Brachychiton populneus,37.3808242,-5.9439357
3275208606,Brachychiton populneus,37.3808299,-5.9438499
3275208607,Brachychiton populneus,37.380831,-5.9439123
3275208608,Brachychiton populneus,37.3808344,-5.943843
3275208609,Schinus areira,37.380838,-5.9463665
3275208610,Schinus areira,37.3808631,-5.9463508
3275208611,Schinus areira,37.3809066,-5.9457535
3275208612,Schinus areira,37.3809115,-5.9457257
3275208613,Schinus areira,37.3809174,-5.9458727
3275208614,Schinus areira,37.3809234,-5.9458064
3275208615,Schinus areira,37.3809259,-5.9456962
3275208616,Schinus areira,37.3809317,-5.9458189
3275208617,Schinus areira,37.38097,-5.9456406
3275208618,Schinus areira,37.3810751,-5.9456303
3275208619,Schinus areira,37.3810905,-5.9456117
3275208620,Schinus areira,37.3814911,-5.9437397
3275208621,Schinus areira,37.3815094,-5.9437441
3275208622,Schinus areira,37.3815516,-5.9437162
3275208623,Schinus areira,37.3817652,-5.9434877
3275208624,Schinus areira,37.3817704,-5.9434893
3275208625,Brachychiton populneus,37.3818068,-5.9432264
3275208626,Brachychiton populneus,37.3818069,-5.9432334
3275208627,Brachychiton populneus,37.3818493,-5.9432196
3275208628,Brachychiton populneus,37.3819028,-5.9431893
3275208629,Brachychiton populneus,37.3819392,-5.9431784
3275208630,Brachychiton populneus,37.3820134,-5.9431533
3275208631,Brachychiton populneus,37.3820491,-5.9431487
3275208632,Brachychiton populneus,37.3820866,-5.9431408
3275208633,Brachychiton populneus,37.3821196,-5.9431222
3275208634,Brachychiton populneus,37.382157,-5.9431099
3275208635,Brachychiton populneus,37.3822273,-5.9430873
3275208636,Brachychiton populneus,37.3822998,-5.943069
3275208637,Brachychiton populneus,37.3823351,-5.9430632
3275208638,Brachychiton populneus,37.3823586,-5.9430624
3275208639,Brachychiton populneus,37.3823875,-5.9430596
3275208640,Brachychiton populneus,37.3824129,-5.9430515
3275208641,Brachychiton populneus,37.382455,-5.9430329
3275208642,Brachychiton populneus,37.3825191,-5.9430086
3275208643,Brachychiton populneus,37.3825622,-5.9430089
3275208644,Brachychiton populneus,37.3826048,-5.9429918
3275208645,Brachychiton populneus,37.3827154,-5.9429422
3275208646,Brachychiton populneus,37.3827574,-5.9429329
3275208647,Brachychiton populneus,37.3827852,-5.9429186
3275208648,Brachychiton populneus,37.3828516,-5.9429015
3275208649,Brachychiton populneus,37.3828976,-5.9428993
3275208650,Brachychiton populneus,37.38293,-5.9428836
3275208651,Brachychiton populneus,37.3830176,-5.9428639
3275208652,Brachychiton populneus,37.3830264,-5.9428696
3275208653,Brachychiton populneus,37.3830574,-5.9429291
3275208654,Brachychiton populneus,37.383063,-5.9428945
3275208655,Brachychiton populneus,37.3831243,-5.9440378
3275208656,Brachychiton populneus,37.3831346,-5.9440737
3275208657,Brachychiton populneus,37.3831846,-5.9442569
3275208658,Schinus areira,37.383277,-5.9446476
3275208659,Brachychiton populneus,37.3832793,-5.9442892
3275208660,Schinus areira,37.3833134,-5.9446572
3275212961,Brachychiton populneus,37.3833161,-5.9443098
3275212962,Schinus areira,37.3833235,-5.9446589
3275212963,Schinus areira,37.3833339,-5.9445065
3275212964,Schinus areira,37.3833347,-5.9444971
3275212965,Schinus areira,37.3833477,-5.9445553
3275212966,Schinus areira,37.3833769,-5.9446058
3275212967,Brachychiton populneus,37.3834512,-5.9438731
3275212968,Brachychiton populneus,37.3834559,-5.9443466
3275212969,Brachychiton populneus,37.3834755,-5.9439502
3275212970,Brachychiton populneus,37.3834954,-5.9439848
3275212971,Brachychiton populneus,37.3835111,-5.9440579
3275212972,Brachychiton populneus,37.3835122,-5.944245
3275212973,Brachychiton populneus,37.3835207,-5.9441875
3275212974,Brachychiton populneus,37.3835255,-5.9443378
3275212975,Schinus areira,37.3836902,-5.9446987
3275212976,Brachychiton populneus,37.3838093,-5.9445645
3275212977,Brachychiton populneus,37.3838105,-5.944551
3275212978,Brachychiton populneus,37.3838522,-5.9445413
3275212979,Brachychiton populneus,37.3838641,-5.9446125
3275212980,Brachychiton populneus,37.3838778,-5.9446432
3275212981,Brachychiton populneus,37.3838868,-5.9446972
3275212982,Brachychiton populneus,37.383916,-5.9447774
3275212983,Brachychiton populneus,37.3839521,-5.9448699
3275212984,Brachychiton populneus,37.3839851,-5.9449889
3275212985,Brachychiton populneus,37.3839901,-5.945049
3275250750,Brachychiton populneus,37.3803928,-5.9487777
3275250751,Brachychiton populneus,37.3804151,-5.9488163
3275250752,Brachychiton populneus,37.3804421,-5.9488632
3275250753,Brachychiton populneus,37.3804682,-5.9488819
3275250754,Brachychiton populneus,37.380484,-5.9489042
3275250755,Brachychiton populneus,37.3805975,-5.9489569
3275250756,Brachychiton populneus,37.3806459,-5.9489791
3275250757,Brachychiton populneus,37.3807166,-5.9489451
3275250758,Brachychiton populneus,37.3807939,-5.9488397
3275250759,Schinus areira,37.380994,-5.9476753
3275250760,Schinus areira,37.3810167,-5.9477095
3275257461,Schinus areira,37.381042,-5.9476141
3275257462,Brachychiton populneus,37.3810442,-5.9481712
3275257463,Schinus areira,37.3810477,-5.9477024
3275257464,Brachychiton populneus,37.3810493,-5.9481222
3275257465,Brachychiton populneus,37.3810654,-5.9481981
3275257466,Brachychiton populneus,37.3810925,-5.9480996
3275257467,Brachychiton populneus,37.381155,-5.9478534
3275257468,Brachychiton populneus,37.381191,-5.9478733
3275257469,Schinus areira,37.3814453,-5.9463667
3275257470,Schinus areira,37.3829477,-5.9456792
3275257471,Schinus areira,37.3829506,-5.9457105
3275257472,Schinus areira,37.3829936,-5.9457259
3275257473,Schinus areira,37.3830077,-5.9457422
3275257474,Schinus areira,37.3833203,-5.9466634
3275257475,Schinus areira,37.383392,-5.9466472
3275257476,Schinus areira,37.3834061,-5.9465821
3275257477,Schinus areira,37.383468,-5.9465575
3275257478,Brachychiton populneus,37.3834796,-5.9466142
3275257479,Brachychiton populneus,37.3835017,-5.946536
3275257480,Brachychiton populneus,37.3835288,-5.9464887
3275257481,Brachychiton populneus,37.3835497,-5.9464284
3275257482,Schinus areira,37.3835806,-5.9463675
3275257483,Schinus areira,37.3836002,-5.9463239
3275257484,Brachychiton populneus,37.383655,-5.9462179
3275257485,Brachychiton populneus,37.3836788,-5.9459509
3275257486,Brachychiton populneus,37.383693,-5.946161
3275257487,Brachychiton populneus,37.3837322,-5.9457646
3275257488,Brachychiton populneus,37.3837152,-5.9460868
3275257489,Brachychiton populneus,37.3837238,-5.9460466
3275257490,Brachychiton populneus,37.3837493,-5.9460037
3275257491,Brachychiton populneus,37.3837924,-5.9456471
3275257492,Brachychiton populneus,37.3837927,-5.9456451
3275257493,Brachychiton populneus,37.3838029,-5.9456171
3275257494,Brachychiton populneus,37.383818,-5.9456359
3275257495,Brachychiton populneus,37.3838016,-5.9458886
3275257496,Brachychiton populneus,37.3838397,-5.945857
3275257497,Brachychiton populneus,37.3838538,-5.9458014
3275257498,Brachychiton populneus,37.3820912,-5.945721
3275257499,Brachychiton populneus,37.3838996,-5.9456887
3275257500,Brachychiton populneus,37.3839188,-5.9456445
3275257502,Brachychiton populneus,37.3839369,-5.9455976
3275257503,Brachychiton populneus,37.3839707,-5.9455468
3275257504,Brachychiton populneus,37.3839822,-5.9452821
3275257505,Brachychiton populneus,37.3839977,-5.9454475
3275257506,Brachychiton populneus,37.3839978,-5.9452223
3275257507,Brachychiton populneus,37.3840115,-5.9452513
3275257508,Brachychiton populneus,37.3840156,-5.945339
3275257509,Brachychiton populneus,37.3840227,-5.945121
3275257510,Brachychiton populneus,37.3840312,-5.9453642
3275257511,Brachychiton populneus,37.3840327,-5.9451794
3275257512,Brachychiton populneus,37.3840434,-5.9453437
3275257513,Brachychiton populneus,37.3840549,-5.9452942
3275276917,Brachychiton populneus,37.3787878,-5.947532
3275276918,Brachychiton populneus,37.3788256,-5.9471007
3275276919,Brachychiton populneus,37.3788313,-5.9474084
3275276920,Brachychiton populneus,37.3788365,-5.9469755
3275276921,Brachychiton populneus,37.3788429,-5.9471562
3275276922,Brachychiton populneus,37.3788469,-5.946857
3275276923,Brachychiton populneus,37.3788546,-5.9470418
3275276924,Brachychiton populneus,37.3788569,-5.9472647
3275276925,Brachychiton populneus,37.3788639,-5.9472031
3275276926,Brachychiton populneus,37.3788639,-5.9473204
3275276927,Brachychiton populneus,37.3788639,-5.9473556
3275276928,Brachychiton populneus,37.3788756,-5.9469509
3275276929,Brachychiton populneus,37.3788872,-5.9468014
3275276930,desconocida,37.3789496,-5.9479639
3275276931,Brachychiton populneus,37.3789225,-5.947982
3275276932,Brachychiton populneus,37.3789491,-5.9480166
3275276933,Brachychiton populneus,37.3789956,-5.9480111
3275276934,Brachychiton populneus,37.3790548,-5.9479971
3275276935,Brachychiton populneus,37.3790799,-5.947999
3275276936,Brachychiton populneus,37.3791073,-5.9479962
3275276937,Brachychiton populneus,37.3791427,-5.9479878
3275276938,Brachychiton populneus,37.3791827,-5.9479711
3275276939,Brachychiton populneus,37.3792367,-5.9479772
3275276940,Brachychiton populneus,37.3793649,-5.9479655
3275276941,Brachychiton populneus,37.3794278,-5.9479831
3275276942,Brachychiton populneus,37.3794627,-5.9479508
3275276943,Brachychiton populneus,37.3795466,-5.9479596
3275276944,Brachychiton populneus,37.3795909,-5.9479772
3275276945,Brachychiton populneus,37.3796471,-5.9480187
3275276946,Brachychiton populneus,37.3797189,-5.9479934
3275276947,Brachychiton populneus,37.3797711,-5.9479744
3275276948,Brachychiton populneus,37.3798448,-5.9492782
3275276949,Brachychiton populneus,37.3798253,-5.9492069
3275276950,Brachychiton populneus,37.379827,-5.9479894
3275276951,Brachychiton populneus,37.3798447,-5.9491173
3275276952,Brachychiton populneus,37.3798527,-5.9490756
3275276953,Brachychiton populneus,37.3798536,-5.9493617
3275276954,Brachychiton populneus,37.3798661,-5.9479816
3275276955,Brachychiton populneus,37.3798733,-5.9490103
3275276956,Brachychiton populneus,37.3798815,-5.9479908
3275276957,Brachychiton populneus,37.3798912,-5.948716
3275276958,Brachychiton populneus,37.3798921,-5.9488593
3275276959,Brachychiton populneus,37.3799017,-5.9485954
3275276960,Brachychiton populneus,37.3799033,-5.9487615
3275277661,Brachychiton populneus,37.3799059,-5.9486399
3275277662,Brachychiton populneus,37.3799085,-5.9485354
3275277663,Brachychiton populneus,37.3799101,-5.9488028
3275277664,Brachychiton populneus,37.3799118,-5.9484971
3275277665,Brachychiton populneus,37.379913,-5.9486779
3275277666,Brachychiton populneus,37.3799154,-5.947975
3275277667,Brachychiton populneus,37.3799297,-5.948418
3275277668,Brachychiton populneus,37.3799371,-5.948359
3275277669,Brachychiton populneus,37.3799406,-5.9481334
3275277670,Brachychiton populneus,37.3799474,-5.9484345
3275277671,Schinus areira,37.3799508,-5.9485901
3275277672,desconocida,37.3799517,-5.9486436
3275277673,Brachychiton populneus,37.3799521,-5.9486885
3275277674,Brachychiton populneus,37.3799533,-5.9480626
3275277675,Brachychiton populneus,37.3799541,-5.9480159
3275277676,Brachychiton populneus,37.3799545,-5.9483093
3275277677,Brachychiton populneus,37.3799582,-5.9483845
3275277678,Brachychiton populneus,37.3799611,-5.9484988
3275277679,Brachychiton populneus,37.3799636,-5.9482124
3275277680,Brachychiton populneus,37.379968,-5.9485427
3275277681,Brachychiton populneus,37.3799732,-5.9482967
3275277682,Brachychiton populneus,37.3799769,-5.9483106
3275277683,Brachychiton populneus,37.3799812,-5.9482502
3275277684,Brachychiton populneus,37.3799973,-5.9481854
3275277685,Brachychiton populneus,37.3800078,-5.9481291
3275277686,Brachychiton populneus,37.3800133,-5.9480871
3275277687,Brachychiton populneus,37.380014,-5.9479913
3275277688,Brachychiton populneus,37.3800376,-5.9480412
3400612215,broadleaved,37.3790881,-6.0102339
3400612407,broadleaved,37.3789621,-6.0100375
3400612409,broadleaved,37.3789916,-6.0100834
3400612511,broadleaved,37.3789297,-6.0099871
3400612513,broadleaved,37.3790567,-6.0101849
3400613203,broadleaved,37.3790232,-6.0101328
3400613707,broadleaved,37.3791156,-6.0102766
3418057467,ficus microcarpa,37.3734022,-5.9644801
3426304155,broadleaved,37.3787601,-6.0101936
3426304156,broadleaved,37.3786415,-6.0100117
3426304157,broadleaved,37.3785158,-6.0098189
3426304158,broadleaved,37.378471,-6.0096627
3426304159,broadleaved,37.3783673,-6.0097725
3426304160,broadleaved,37.3785307,-6.0099751
3426304161,broadleaved,37.3786454,-6.010161
3426304162,broadleaved,37.3787648,-6.0103498
3426304163,broadleaved,37.3789384,-6.0104655
3426304164,broadleaved,37.3788921,-6.0105317
3426400093,broadleaved,37.3775274,-6.0093232
3426400094,broadleaved,37.3775533,-6.0092629
3426400095,broadleaved,37.3775816,-6.0092045
3426400096,broadleaved,37.3775266,-6.0092174
3426400097,broadleaved,37.3775023,-6.0092629
3426400098,broadleaved,37.3775078,-6.0091709
3426400099,broadleaved,37.377463,-6.00916
3426400100,broadleaved,37.3774426,-6.0092114
3426400101,broadleaved,37.3774653,-6.0092619
3426400102,broadleaved,37.3774143,-6.0092718
3428153748,broadleaved,37.3790869,-6.0090089
3428155091,broadleaved,37.3791098,-6.00889
3428158378,broadleaved,37.3791742,-6.0089171
3428158387,broadleaved,37.37908,-6.0085178
3428158388,broadleaved,37.3790431,-6.0084832
3428158389,broadleaved,37.3790023,-6.0084614
3428158390,broadleaved,37.3789669,-6.0084397
3428158391,broadleaved,37.3789245,-6.008408
3428158392,Citrus aurantium,37.3788899,-6.0083764
3428158393,broadleaved,37.3789198,-6.0083072
3428158394,broadleaved,37.3789575,-6.0083359
3428158395,broadleaved,37.3789936,-6.0083705
3428158396,broadleaved,37.3790306,-6.0083962
3428158397,broadleaved,37.3790753,-6.0084278
3428158398,broadleaved,37.3791068,-6.0084604
3440653756,broadleaved,37.3780999,-6.0113622
3440653757,desconocida,37.3780532,-6.0112842
3440653758,desconocida,37.3780102,-6.011346
3440653759,desconocida,37.3780579,-6.0113454
3440653760,desconocida,37.3780565,-6.0114187
3440653766,desconocida,37.377847,-6.0111042
3440653768,desconocida,37.3777235,-6.0109224
3440653770,desconocida,37.3776184,-6.0107607
3440653772,desconocida,37.3777363,-6.0108054
3440653773,desconocida,37.3778631,-6.0109926
3440653774,desconocida,37.3779795,-6.0111636
3440659677,desconocida,37.3776061,-6.0105424
3440659678,desconocida,37.3775181,-6.0106448
3444348166,desconocida,37.3785775,-6.0089381
3444348167,desconocida,37.3786156,-6.0089752
3444348168,desconocida,37.3787105,-6.0091166
3444348169,desconocida,37.3787402,-6.009173
3444348170,desconocida,37.3786885,-6.009077
3444348171,desconocida,37.3786563,-6.0090236
3517515898,desconocida,37.389341,-6.0069583
3517515899,desconocida,37.4277172,-5.993147
3517515901,desconocida,37.4277629,-5.9930823
3517616051,desconocida,37.4271504,-5.9928298
3517616053,desconocida,37.4271551,-5.9927283
3517616055,desconocida,37.4271656,-5.9929261
3517616056,desconocida,37.4271726,-5.9926364
3517616060,desconocida,37.4272006,-5.9930129
3517616061,desconocida,37.42721,-5.9925541
3517616064,desconocida,37.4272398,-5.9930886
3517616067,desconocida,37.4272543,-5.9924865
3517616072,desconocida,37.4272911,-5.9931475
3517616077,desconocida,37.4273585,-5.9932008
3517616078,desconocida,37.4273684,-5.9923889
3517616083,desconocida,37.4274309,-5.9932272
3517616084,desconocida,37.4274344,-5.9923617
3517616089,desconocida,37.4275052,-5.9923549
3517616090,desconocida,37.4275074,-5.993236
3517616094,desconocida,37.4275769,-5.9932245
3517616095,desconocida,37.4275795,-5.9923643
3517616101,desconocida,37.427648,-5.9923955
3517616102,desconocida,37.4276481,-5.9931918
3517616108,desconocida,37.4277132,-5.9924381
3517616114,desconocida,37.427771,-5.9925077
3517616118,desconocida,37.4278098,-5.9925784
3517616120,desconocida,37.427835,-5.9926546
3517616121,desconocida,37.427835,-5.992929
3517616124,desconocida,37.4278487,-5.9927481
3517616125,desconocida,37.4278499,-5.9928396
3517896400,desconocida,37.383108,-5.9994528
3547517171,desconocida,37.3857997,-6.0030465
3547517173,desconocida,37.3858248,-6.0030962
3547517175,desconocida,37.3858471,-6.0031429
3547517177,desconocida,37.3858752,-6.0031983
3547517179,desconocida,37.3859017,-6.0032527
3583341324,desconocida,37.395561,-5.9735397
3583341325,desconocida,37.3955761,-5.9736671
3583341326,desconocida,37.3956009,-5.9734954
3583341327,desconocida,37.395603,-5.9737004
3583341328,desconocida,37.3956076,-5.973601
3583341329,desconocida,37.3956284,-5.9737304
3583341330,desconocida,37.3956429,-5.9734497
3583341331,desconocida,37.3956522,-5.973765
3583341332,desconocida,37.395674,-5.9736806
3583341333,desconocida,37.3956776,-5.9735247
3583341334,desconocida,37.3956791,-5.9737957
3583341335,desconocida,37.3956838,-5.973406
3583341336,desconocida,37.3957065,-5.9738289
3583341337,desconocida,37.3957247,-5.9733571
3583341338,desconocida,37.3957341,-5.9738623
3583341339,desconocida,37.3957366,-5.9736004
3583341340,desconocida,37.3957392,-5.9737615
3583341341,desconocida,37.3957591,-5.9733108
3583341342,desconocida,37.3957614,-5.9738964
3583341343,desconocida,37.3958014,-5.9732702
3583341344,desconocida,37.3958014,-5.9736773
3583341345,desconocida,37.3958056,-5.9738358
3583341346,desconocida,37.3958076,-5.9734314
3583341347,desconocida,37.3958417,-5.9732189
3583341348,desconocida,37.3958512,-5.9738971
3583341349,desconocida,37.3958636,-5.9735997
3583341350,desconocida,37.3958667,-5.9737601
3583341351,desconocida,37.3958709,-5.9738352
3583341352,desconocida,37.3958835,-5.9731776
3583341353,desconocida,37.3959045,-5.9733121
3583341354,desconocida,37.395918,-5.9736741
3583341355,desconocida,37.3959231,-5.973135
3583341356,desconocida,37.3959273,-5.9735188
3583341357,desconocida,37.3959351,-5.9736114
3583341358,desconocida,37.3959411,-5.9739805
3583341359,desconocida,37.3959629,-5.9739089
3583341360,desconocida,37.3959639,-5.9730871
3583341361,desconocida,37.3959968,-5.9734014
3583341362,desconocida,37.3959988,-5.9731876
3583341363,desconocida,37.3960036,-5.9730404
3583341364,desconocida,37.3960075,-5.9737598
3583341365,desconocida,37.3960086,-5.9743003
3583341366,desconocida,37.3960185,-5.9733349
3583341367,desconocida,37.3960297,-5.9736855
3583341368,desconocida,37.3960508,-5.9736125
3583341369,desconocida,37.3960708,-5.9731576
3583341370,desconocida,37.3960877,-5.973097
3583341371,desconocida,37.396094,-5.9734634
3583341372,desconocida,37.3961017,-5.9744189
3583341373,desconocida,37.3961154,-5.9733896
3583341374,desconocida,37.3961344,-5.9744591
3583341375,desconocida,37.3961377,-5.9733164
3583341376,desconocida,37.3961653,-5.9744994
3583341377,desconocida,37.3961815,-5.9731682
3583341378,desconocida,37.3962453,-5.9730635
3583341379,desconocida,37.3963028,-5.9730906
3583341380,desconocida,37.3963609,-5.973115
3583341381,desconocida,37.39648,-5.9731728
3583341382,desconocida,37.39654,-5.9731984
3650285467,Melia azedarach,37.3682422,-5.9554344
3650285468,Melia azedarach,37.3682953,-5.9555117
3650285469,Melia azedarach,37.3683631,-5.955323
3650285475,Melia azedarach,37.3684037,-5.9553898
3650285484,Melia azedarach,37.3684693,-5.955222
3650285500,Melia azedarach,37.36851,-5.9552784
3650285513,Melia azedarach,37.3685777,-5.9551119
3650285523,Melia azedarach,37.3686163,-5.9551722
3650285837,Melia azedarach,37.368684,-5.9550057
3650285842,Melia azedarach,37.3687246,-5.955066
3650285855,Melia azedarach,37.3687903,-5.9548798
3650285864,Melia azedarach,37.3688382,-5.9549585
3650285873,Melia azedarach,37.3688928,-5.9547808
3650285882,Melia azedarach,37.3689423,-5.9548555
3650285887,Melia azedarach,37.3690189,-5.954668
3650285893,Melia azedarach,37.3690575,-5.9547297
3650285899,Melia azedarach,37.3691403,-5.9545461
3650285905,Melia azedarach,37.3691789,-5.9546071
3650285914,Melia azedarach,37.3692507,-5.9544334
3650285918,Melia azedarach,37.3692903,-5.9544937
3690090049,Tipuana tipu,37.3776441,-6.0093713
3695362662,needleleaved,37.389199,-5.9941111
3697306569,desconocida,37.3767003,-6.0107949
3697306570,desconocida,37.3766807,-6.0107573
3697306571,desconocida,37.3766564,-6.0107158
3697306572,desconocida,37.3766312,-6.0106743
3697306573,desconocida,37.3766108,-6.0106338
3697306574,desconocida,37.3765888,-6.0106001
3697306578,desconocida,37.3764194,-6.0103383
3697306579,desconocida,37.3764516,-6.0103096
3697306580,desconocida,37.3764822,-6.0103413
3697306581,desconocida,37.3765176,-6.0104856
3701537511,desconocida,37.3767869,-6.0090195
3701537512,desconocida,37.3767688,-6.0089528
3701537513,desconocida,37.3767636,-6.0088827
3701537514,desconocida,37.3767507,-6.0088176
3701537515,desconocida,37.3767429,-6.0087704
3701537516,desconocida,37.3766989,-6.0090391
3701537517,desconocida,37.3766912,-6.0089756
3701537518,desconocida,37.3766782,-6.0089104
3701537519,desconocida,37.3766705,-6.0088437
3701537520,desconocida,37.3766588,-6.0087899
3701537521,desconocida,37.376717,-6.0087215
3701537522,desconocida,37.3767119,-6.0086743
3701537523,desconocida,37.3767313,-6.0086189
3701537524,desconocida,37.3767468,-6.0085685
3703499483,desconocida,37.3766305,-6.0090078
3703499484,desconocida,37.3766668,-6.0092277
3703499485,desconocida,37.3766538,-6.0091088
3703499486,desconocida,37.3764952,-6.009061
3703499487,desconocida,37.3765031,-6.0091475
3703499488,desconocida,37.376526,-6.0092687
3703499489,desconocida,37.376373,-6.009086
3703499490,desconocida,37.3765723,-6.0090379
3703499491,desconocida,37.3765825,-6.0091271
3703499492,desconocida,37.3766057,-6.0092455
3703499493,desconocida,37.3763873,-6.0091772
3703499494,desconocida,37.3764041,-6.0093042
3703499495,desconocida,37.3764732,-6.0092841
3703499496,desconocida,37.3764534,-6.0091602
3703499505,desconocida,37.3760241,-6.0094001
3703499506,desconocida,37.3763324,-6.0093253
3703499507,desconocida,37.3762894,-6.0093349
3703499508,desconocida,37.3760854,-6.0093864
3703499509,desconocida,37.376137,-6.0093777
3703499510,desconocida,37.3761932,-6.0093612
3703499511,desconocida,37.3762443,-6.009351
3703499512,desconocida,37.3760142,-6.0092953
3703499513,desconocida,37.376083,-6.0092792
3703499514,desconocida,37.3761895,-6.0092413
3703499515,desconocida,37.3763226,-6.0092047
3703499516,desconocida,37.3762745,-6.0092222
3709406561,desconocida,37.3774894,-6.0090357
3709406562,desconocida,37.3775088,-6.0091017
3709406563,desconocida,37.377552,-6.0091369
3709406564,desconocida,37.377587,-6.0091655
3709406565,desconocida,37.3776276,-6.0091985
3709406566,desconocida,37.3776627,-6.0092271
3709406567,desconocida,37.3777287,-6.0092809
3709406568,desconocida,37.3777006,-6.009258
3709406569,desconocida,37.3777762,-6.0092673
3709406570,desconocida,37.3778323,-6.0093141
3709406571,desconocida,37.3778502,-6.0093762
3709406572,desconocida,37.377892,-6.0094111
3709406573,desconocida,37.3779224,-6.0094365
3709406574,desconocida,37.3778406,-6.0096439
3709406575,desconocida,37.3778849,-6.0095643
3709406576,desconocida,37.3779229,-6.0094957
3709406577,Citrus aurantium,37.3779746,-6.0094428
3709406579,desconocida,37.3780358,-6.0093249
3709406580,desconocida,37.3780099,-6.0092913
3709406581,desconocida,37.3779732,-6.0092618
3709406582,desconocida,37.3779265,-6.0092242
3709406583,desconocida,37.3778993,-6.0092024
3709406584,desconocida,37.3778692,-6.0091782
3709406586,desconocida,37.3778115,-6.0091319
3709406587,desconocida,37.3777496,-6.0090821
3709406588,desconocida,37.3776683,-6.0090168
3709406589,desconocida,37.3776353,-6.0089903
3709406590,desconocida,37.3775938,-6.0089569
3717077056,desconocida,37.3738869,-5.9774144
3717077057,desconocida,37.3738872,-5.9773229
3717077058,desconocida,37.3739383,-5.9774349
3717077059,desconocida,37.373941,-5.9773054
3717077060,desconocida,37.3739914,-5.9774524
3717077061,desconocida,37.3739928,-5.9772857
3717077062,desconocida,37.3740409,-5.9774737
3717077063,desconocida,37.3740449,-5.9772678
3717077064,desconocida,37.3740548,-5.9774161
3717077065,desconocida,37.3740558,-5.9773242
3717077066,desconocida,37.3740661,-5.9773701
3717077067,desconocida,37.3740933,-5.9774913
3717077068,desconocida,37.3740967,-5.977249
3717077069,desconocida,37.3741079,-5.9774362
3717077070,desconocida,37.3741093,-5.9773059
3717077071,desconocida,37.3741192,-5.9773944
3717077072,desconocida,37.3741212,-5.9773526
3717077073,desconocida,37.3741484,-5.9775122
3717077074,desconocida,37.3741498,-5.9772307
3717077075,desconocida,37.3741591,-5.9774546
3717077076,desconocida,37.3741617,-5.9772883
3717077077,desconocida,37.3741737,-5.9774003
3717077078,desconocida,37.3741757,-5.9773451
3717077079,desconocida,37.3741986,-5.9775314
3717077080,desconocida,37.3742019,-5.977213
3717077081,desconocida,37.3742104,-5.9774753
3717077082,desconocida,37.3742137,-5.9772715
3717078147,Ficus microcarpa,37.3755578,-5.9770536
3727944925,desconocida,37.3885026,-5.9236018
3727944928,desconocida,37.3885041,-5.923635
3727944930,desconocida,37.3885057,-5.9236694
3727944931,desconocida,37.3885073,-5.9237051
3727944932,desconocida,37.3885089,-5.9237403
3727944936,desconocida,37.3885304,-5.923598
3727944937,desconocida,37.3885319,-5.9236311
3727944938,desconocida,37.3885351,-5.9237013
3727944939,desconocida,37.3885367,-5.9237365
3727944942,desconocida,37.3885567,-5.923598
3727944943,desconocida,37.3885582,-5.9236311
3727944944,desconocida,37.3885598,-5.9236656
3727944945,desconocida,37.3885614,-5.9237013
3727944946,desconocida,37.388563,-5.9237365
3728149808,desconocida,37.3872603,-5.9210762
3744143209,Citrus × aurantium,37.3878778,-5.9916743
3744143222,Citrus × aurantium,37.3878997,-5.9916367
3747708961,Citrus × aurantium,37.3896431,-5.9931777
3747708963,Citrus × aurantium,37.3896453,-5.9931299
3747708964,Citrus × aurantium,37.3896505,-5.9930578
3747708967,Citrus × aurantium,37.3896547,-5.9930075
3747708997,Citrus × aurantium,37.3897302,-5.9932135
3747709018,Citrus × aurantium,37.3898445,-5.9932174
3747709022,Citrus × aurantium,37.3898923,-5.993219
3747709337,Citrus × aurantium,37.3899829,-5.9932221
3747709338,Citrus × aurantium,37.3900186,-5.9932233
3747709343,Citrus × aurantium,37.3900685,-5.9930224
3747709347,Citrus × aurantium,37.3900943,-5.9930254
3747709392,Citrus × aurantium,37.3903575,-5.9932225
3749065250,Citrus × aurantium,37.3870152,-5.9930673
3749065251,Citrus × aurantium,37.3870544,-5.9930415
3749065252,Citrus × aurantium,37.3871242,-5.9929635
3749065253,Citrus × aurantium,37.3871574,-5.9929218
3749065254,Citrus × aurantium,37.3871881,-5.9928828
3749065255,Citrus × aurantium,37.3872195,-5.9928466
3749065256,Citrus × aurantium,37.3872523,-5.9928043
3749065257,Citrus × aurantium,37.3872814,-5.9927594
3749065258,Citrus × aurantium,37.3873135,-5.9927151
3749065259,Citrus × aurantium,37.3873389,-5.9926759
3749065260,Citrus × aurantium,37.3873685,-5.992633
3749065261,Citrus × aurantium,37.3873942,-5.9925921
3749065262,Citrus × aurantium,37.3874225,-5.9925525
3749065263,Citrus × aurantium,37.3874917,-5.992448
3749065264,Citrus × aurantium,37.3876269,-5.9922033
3749065265,Citrus × aurantium,37.3876473,-5.9921471
3749065266,Citrus × aurantium,37.3876582,-5.9920871
3749065279,Citrus × aurantium,37.3881635,-5.9937547
3749065287,Citrus × aurantium,37.3882149,-5.9937769
3749065306,Citrus × aurantium,37.3882665,-5.9937987
3749065323,Citrus × aurantium,37.3883146,-5.9938162
3749065431,Citrus × aurantium,37.3883641,-5.9938374
3749065443,Citrus × aurantium,37.3884124,-5.9938586
3749065449,Citrus × aurantium,37.388464,-5.9938761
3749065452,Citrus × aurantium,37.3885156,-5.9938919
3749065459,Citrus × aurantium,37.3885662,-5.9939064
3749065469,Citrus × aurantium,37.388621,-5.9939235
3749065470,Citrus × aurantium,37.3886738,-5.9939389
3749065473,Citrus × aurantium,37.3887215,-5.9939524
3749065475,Citrus × aurantium,37.3887735,-5.9939679
3749065476,Citrus × aurantium,37.3888222,-5.993981
3749065477,Citrus × aurantium,37.3888757,-5.9939946
3749065478,Citrus × aurantium,37.3889247,-5.9940077
3749065479,Citrus × aurantium,37.388977,-5.9940212
3749065480,Citrus × aurantium,37.3893204,-5.9935035
3749065481,Citrus × aurantium,37.3893902,-5.9935011
3749082930,Citrus × aurantium,37.3851861,-5.9918281
3749082931,Citrus × aurantium,37.3866282,-5.9925959
3749082932,Citrus × aurantium,37.386657,-5.9939767
3749082933,Citrus × aurantium,37.3866754,-5.9924513
3749082935,Citrus × aurantium,37.3867725,-5.9932667
3749082936,Citrus × aurantium,37.3867773,-5.9932199
3749082937,Citrus × aurantium,37.386781,-5.9931402
3749082938,Citrus × aurantium,37.3868042,-5.9928238
3749082939,Citrus × aurantium,37.3868081,-5.9926107
3749082940,Citrus × aurantium,37.3868091,-5.9927619
3749082941,Citrus × aurantium,37.3868116,-5.9927013
3749107350,Citrus × aurantium,37.3898726,-5.9915535
3749107352,Citrus × aurantium,37.3898845,-5.9916204
3749107353,Citrus × aurantium,37.3898935,-5.9912481
3749107354,Citrus × aurantium,37.3898966,-5.9916898
3749107357,Citrus × aurantium,37.389938,-5.9912366
3749107377,Citrus × aurantium,37.3900233,-5.9912139
3749107392,Citrus × aurantium,37.3900631,-5.991203
3753222489,desconocida,37.3789021,-6.009944
3763740788,desconocida,37.3788109,-6.0097225
3763740789,desconocida,37.3788937,-6.0096329
3763740790,desconocida,37.3791344,-6.0093805
3763740791,desconocida,37.37904,-6.0094799
3763740792,desconocida,37.378851,-6.0096753
3763740793,desconocida,37.37893,-6.0095922
3763740794,desconocida,37.3789688,-6.0095548
3763740795,desconocida,37.379005,-6.0095173
3763740796,desconocida,37.3790723,-6.009444
3763740797,desconocida,37.3791046,-6.0094164
3763740798,desconocida,37.3791021,-6.0092991
3763740799,desconocida,37.3790671,-6.0093398
3763740800,desconocida,37.3790322,-6.0093708
3763740801,desconocida,37.3789649,-6.009444
3763740802,desconocida,37.3789222,-6.0094766
3763740803,desconocida,37.3788911,-6.0095124
3763740804,desconocida,37.3788549,-6.0095564
3763740805,desconocida,37.3788148,-6.0095955
3763740806,desconocida,37.3787708,-6.0096427
3765473145,Citrus × aurantium,37.3926052,-5.9952376
3765473147,Citrus × aurantium,37.3926071,-5.9951663
3765473149,Citrus × aurantium,37.3926088,-5.9951041
3765473150,Citrus × aurantium,37.3926109,-5.995026
3765521850,broadleaved,37.3927476,-5.9955165
3765521851,broadleaved,37.3927525,-5.9954437
3765521852,broadleaved,37.3927587,-5.9953716
3765521853,broadleaved,37.3927643,-5.995283
3765521854,broadleaved,37.3927711,-5.9951882
3765521855,broadleaved,37.3927795,-5.9957714
3765521856,broadleaved,37.3927796,-5.9958187
3765522558,broadleaved,37.3927799,-5.9958649
3765522559,broadleaved,37.3927801,-5.9959181
3765522560,broadleaved,37.3927804,-5.9959712
3765522561,broadleaved,37.3927812,-5.9960166
3765522563,broadleaved,37.3927998,-5.9957267
3765522564,broadleaved,37.392823,-5.9960692
3765522565,needleleaved,37.392839,-5.9959939
3765522566,broadleaved,37.3928672,-5.9957062
3765522567,broadleaved,37.392872,-5.9960601
3765522568,needleleaved,37.3928803,-5.9957826
3765522569,needleleaved,37.3928929,-5.9959849
3765522570,needleleaved,37.3928957,-5.9958481
3765522571,needleleaved,37.3928988,-5.9958967
3765522572,broadleaved,37.3929084,-5.9957062
3765522573,broadleaved,37.3929136,-5.996048
3765522576,broadleaved,37.3929488,-5.9957062
3765522577,broadleaved,37.3929609,-5.9960365
3765522578,needleleaved,37.3929735,-5.9958222
3765522579,needleleaved,37.3929782,-5.9959142
3765522580,broadleaved,37.3929898,-5.9957066
3765522581,broadleaved,37.3930059,-5.996024
3765522582,broadleaved,37.3930299,-5.9957069
3765522583,broadleaved,37.393047,-5.9960113
3765522584,broadleaved,37.3930748,-5.9957067
3765522585,broadleaved,37.3930932,-5.9959977
3765522588,broadleaved,37.3931151,-5.9957635
3765522589,broadleaved,37.3931199,-5.9957069
3765522590,broadleaved,37.3931375,-5.9959856
3765522591,broadleaved,37.3931388,-5.9959295
3765522592,needleleaved,37.393144,-5.9958021
3765522593,needleleaved,37.3931471,-5.9958922
3765522594,broadleaved,37.3931626,-5.9957061
3765522595,needleleaved,37.3931703,-5.9957612
3765522596,broadleaved,37.3931836,-5.9959726
3765522597,broadleaved,37.3932166,-5.9958906
3765522598,broadleaved,37.3932265,-5.9959619
3765522599,broadleaved,37.393268,-5.9959488
3765522600,needleleaved,37.3932753,-5.995769
3765522601,needleleaved,37.393282,-5.9958708
3765522602,broadleaved,37.3932888,-5.9957159
3765522603,broadleaved,37.3933058,-5.9959305
3765522604,broadleaved,37.3933205,-5.9957423
3765522605,broadleaved,37.393333,-5.9958946
3765522606,broadleaved,37.3933419,-5.9957805
3765522607,broadleaved,37.3933456,-5.9958459
3769202749,Citrus × aurantium,37.3840909,-5.9934144
3769202750,Citrus × aurantium,37.384094,-5.9934693
3769202751,Citrus × aurantium,37.3841298,-5.9933245
3769202752,Citrus × aurantium,37.3841635,-5.9932348
3769202753,Citrus × aurantium,37.3841652,-5.9932944
3769202754,Citrus × aurantium,37.3841816,-5.9931945
3769202755,Citrus × aurantium,37.3842008,-5.993146
3769202756,Citrus × aurantium,37.3842359,-5.9930586
3769204457,Citrus × aurantium,37.3842383,-5.993118
3769204459,Citrus × aurantium,37.3842559,-5.9930104
3769204460,Citrus × aurantium,37.3842742,-5.9929666
3769204463,Citrus × aurantium,37.3843165,-5.9929206
3769204464,broadleaved,37.3843264,-5.9932685
3769204465,desconocida,37.3843406,-5.9935351
3769204466,desconocida,37.3843543,-5.9935118
3769204467,Citrus × aurantium,37.3843715,-5.9927865
3769204468,broadleaved,37.3843872,-5.9935271
3769204469,desconocida,37.3843943,-5.9934209
3769204470,Citrus × aurantium,37.3844038,-5.9927059
3769204471,desconocida,37.3844047,-5.9934394
3769204472,Citrus × aurantium,37.3844281,-5.9926448
3769204473,broadleaved,37.3844282,-5.9933331
3769204474,desconocida,37.384432,-5.993378
3769204475,Citrus × aurantium,37.3844512,-5.9925906
3769204476,broadleaved,37.3844575,-5.9933634
3769204477,desconocida,37.3844577,-5.9935188
3769204478,desconocida,37.38446,-5.993389
3769204479,Citrus × aurantium,37.3844719,-5.9925387
3769204481,broadleaved,37.3844861,-5.993379
3769204482,Citrus × aurantium,37.3844927,-5.9924864
3769204484,desconocida,37.3845433,-5.9935748
3769204488,broadleaved,37.3845973,-5.9934428
3769204489,desconocida,37.384609,-5.9934598
3769204490,desconocida,37.384622,-5.9934942
3769204491,desconocida,37.3846389,-5.9935781
3769204492,broadleaved,37.3846774,-5.9934985
3769204493,desconocida,37.3847316,-5.9935654
3769204494,broadleaved,37.3847775,-5.9935623
3769204495,desconocida,37.384825,-5.9936034
3769204496,desconocida,37.3848437,-5.9936108
3769204504,Citrus × aurantium,37.3849231,-5.9934757
3769204510,Citrus × aurantium,37.3849566,-5.9935051
3769204514,Citrus × aurantium,37.3849804,-5.9934061
3769204525,desconocida,37.3850174,-5.9918889
3786142928,Citrus × aurantium,37.3942173,-5.999008
3786142929,Citrus × aurantium,37.3942213,-5.9991021
3786142930,Citrus × aurantium,37.394228,-5.9991742
3786142931,Citrus × aurantium,37.3942326,-5.9992268
3786142932,Citrus × aurantium,37.3942385,-5.9992942
3786142933,Citrus × aurantium,37.3942465,-5.9993758
3786142934,Citrus × aurantium,37.3942713,-5.9989686
3786142935,Citrus × aurantium,37.3943164,-5.9989588
3786142936,Citrus × aurantium,37.3943626,-5.9989528
3786142937,Citrus × aurantium,37.3944084,-5.9989435
3786142938,Citrus × aurantium,37.394455,-5.9989345
3786142940,Citrus × aurantium,37.3945057,-5.9989275
3786142941,Citrus × aurantium,37.3945065,-5.9989962
3786142942,Citrus × aurantium,37.3945103,-5.9990649
3786142943,Citrus × aurantium,37.3945128,-5.9991201
3786142944,Citrus × aurantium,37.3945141,-5.9992351
3786142945,Citrus × aurantium,37.3945155,-5.9991838
3786142946,Citrus × aurantium,37.3946935,-5.997357
3786142947,Citrus × aurantium,37.3945426,-5.9989669
3786142948,Citrus × aurantium,37.3945433,-5.9989198
3786142949,Citrus × aurantium,37.3945645,-5.9993826
3786142950,Citrus × aurantium,37.394566,-5.9994343
3786142952,Citrus × aurantium,37.3945787,-5.9989626
3786142953,Citrus × aurantium,37.3945951,-5.9993763
3786142954,Citrus × aurantium,37.3945992,-5.9994279
3786142955,Citrus × aurantium,37.3946151,-5.9990657
3786142956,Citrus × aurantium,37.3946153,-5.9990134
3786151657,Citrus × aurantium,37.3946167,-5.9991788
3786151658,Citrus × aurantium,37.3946178,-5.9991249
3786151659,Citrus × aurantium,37.3946209,-5.9989613
3786151660,Citrus × aurantium,37.3946253,-5.9992488
3786151661,Citrus × aurantium,37.394627,-5.999299
3786151662,Citrus × aurantium,37.3946279,-5.9989077
3786151663,Citrus × aurantium,37.3946298,-5.9993731
3786151664,Citrus × aurantium,37.394632,-5.9994226
3786151670,Citrus × aurantium,37.3949393,-6.0001194
3786151671,Citrus × aurantium,37.3949435,-6.0001567
3786151672,Citrus × aurantium,37.394955,-6.0002669
3786151673,Citrus × aurantium,37.3944563,-5.998322
3786151676,Citrus × aurantium,37.3949697,-6.0001147
3786151680,Citrus × aurantium,37.3949878,-6.0002973
3786151681,needleleaved,37.3949903,-6.0001719
3786151682,needleleaved,37.3949965,-6.0002381
3786151683,Citrus × aurantium,37.3949981,-6.0001126
3786151685,Citrus × aurantium,37.3950182,-6.0002915
3786151688,Citrus × aurantium,37.3950287,-6.0001081
3786151690,Citrus × aurantium,37.3950476,-6.0002854
3786151692,Citrus × aurantium,37.3950564,-6.0001054
3786151695,needleleaved,37.3950755,-6.0001585
3786151696,Citrus × aurantium,37.3950772,-6.0002785
3786151697,needleleaved,37.3950805,-6.0002198
3786151698,Citrus × aurantium,37.3950875,-6.0001009
3786151700,Citrus × aurantium,37.395106,-6.0002727
3786151703,Citrus × aurantium,37.3951161,-6.0000996
3786151704,Citrus × aurantium,37.3951201,-6.0001385
3786151705,Citrus × aurantium,37.3951308,-6.0002278
3790470468,desconocida,37.3814229,-5.9893643
3790470469,desconocida,37.3814458,-5.9894484
3790470470,Citrus × aurantium,37.3814488,-5.9893547
3790470471,desconocida,37.3814589,-5.9894927
3790470472,Citrus × aurantium,37.3814688,-5.9894313
3790470473,desconocida,37.3814742,-5.9895588
3790470474,Citrus × aurantium,37.3814869,-5.9894994
3790470475,desconocida,37.3814925,-5.9896237
3790470476,Citrus × aurantium,37.3815006,-5.9895482
3790470477,desconocida,37.3815034,-5.9896683
3790470478,Citrus × aurantium,37.3815171,-5.989612
3790470479,desconocida,37.3815203,-5.9897331
3790470480,Citrus × aurantium,37.3815304,-5.9896574
3790470481,desconocida,37.381538,-5.9897974
3790470482,Citrus × aurantium,37.3815455,-5.9897203
3790470483,desconocida,37.3815486,-5.9898392
3790470484,desconocida,37.3815641,-5.9898967
3790470485,Citrus × aurantium,37.3815658,-5.9897876
3790470486,Citrus × aurantium,37.3815753,-5.9898287
3790470487,Citrus × aurantium,37.3815903,-5.9898889
3790470488,desconocida,37.3815941,-5.9900078
3790470489,desconocida,37.3816109,-5.9900736
3790470490,Citrus × aurantium,37.3816194,-5.9900011
3790470491,Citrus × aurantium,37.3816377,-5.9900612
3790470492,desconocida,37.3816457,-5.9902038
3790470493,desconocida,37.3816543,-5.9902359
3790470494,Citrus × aurantium,37.3816706,-5.9901961
3790470495,desconocida,37.3816714,-5.9903012
3790470496,Citrus × aurantium,37.3816785,-5.9902246
3790470497,desconocida,37.3816829,-5.990346
3790470498,Citrus × aurantium,37.3816983,-5.9902926
3790470499,desconocida,37.3816994,-5.990411
3790470500,Citrus × aurantium,37.3817081,-5.9903366
3790470501,desconocida,37.3817163,-5.9904729
3790470502,Citrus × aurantium,37.3817255,-5.9904016
3790470503,desconocida,37.3817295,-5.9905177
3790470504,Citrus × aurantium,37.3817413,-5.9904627
3790470505,desconocida,37.3817448,-5.9905802
3790470506,Citrus × aurantium,37.3817538,-5.9905097
3790470507,desconocida,37.3817625,-5.9906458
3790470508,Citrus × aurantium,37.3817703,-5.9905702
3790470509,desconocida,37.3817737,-5.9906889
3790470510,Citrus × aurantium,37.3817861,-5.9906342
3790470511,desconocida,37.3817898,-5.9907536
3790470512,Citrus × aurantium,37.3817962,-5.9906759
3790470513,desconocida,37.3818069,-5.9908169
3790470514,Citrus × aurantium,37.3818142,-5.9907442
3790470515,Citrus × aurantium,37.38183,-5.9908061
3790470516,desconocida,37.3818348,-5.9909264
3790470517,desconocida,37.3818522,-5.9909892
3790470518,Citrus × aurantium,37.3818603,-5.9909145
3790470519,desconocida,37.3818645,-5.991034
3790470520,Citrus × aurantium,37.3818788,-5.9909781
3790470521,desconocida,37.3818808,-5.9910951
3790470522,Citrus × aurantium,37.38189,-5.9910221
3790470523,desconocida,37.3818972,-5.9911592
3790470524,Citrus × aurantium,37.3819062,-5.9910835
3790470525,desconocida,37.3819084,-5.9912035
3790470526,Citrus × aurantium,37.3819223,-5.9911468
3790470527,desconocida,37.3819274,-5.9912725
3790470528,Citrus × aurantium,37.3819333,-5.9911902
3790470529,desconocida,37.3819428,-5.9913316
3790470530,Citrus × aurantium,37.3819527,-5.9912603
3790470531,desconocida,37.3819634,-5.9914085
3790470532,Citrus × aurantium,37.3819674,-5.9913175
3790470533,desconocida,37.3819713,-5.9914351
3790470534,desconocida,37.3819876,-5.9915012
3790470535,Citrus × aurantium,37.3819889,-5.9913975
3790470536,Citrus × aurantium,37.3819957,-5.9914237
3790470537,desconocida,37.3819992,-5.9915435
3790470538,Citrus × aurantium,37.3820131,-5.9914893
3790470539,desconocida,37.382017,-5.9916093
3790470540,Citrus × aurantium,37.3820252,-5.9915319
3790470541,desconocida,37.3820331,-5.9916712
3790470542,Citrus × aurantium,37.3820425,-5.9915938
3790470543,desconocida,37.3820445,-5.9917135
3790470544,Citrus × aurantium,37.3820583,-5.9916574
3790470545,desconocida,37.3820623,-5.9917824
3790470546,Citrus × aurantium,37.3820693,-5.9916989
3790470547,desconocida,37.3820783,-5.9918457
3790470548,Citrus × aurantium,37.3820884,-5.9917711
3790470550,desconocida,37.3820994,-5.9919241
3790470551,Citrus × aurantium,37.3821047,-5.9918347
3790470552,desconocida,37.3821104,-5.9919637
3790470553,Citrus × aurantium,37.3821231,-5.9919087
3790470554,desconocida,37.3821277,-5.9920267
3790470555,Citrus × aurantium,37.3821339,-5.9919524
3790470556,desconocida,37.3821389,-5.9920693
3790471157,Citrus × aurantium,37.3821524,-5.9920173
3790471158,desconocida,37.3821565,-5.9921368
3790471159,Citrus × aurantium,37.3821642,-5.9920605
3790471160,desconocida,37.3821719,-5.9921982
3790471161,Citrus × aurantium,37.38218,-5.992123
3790471162,Citrus × aurantium,37.3821965,-5.9921871
3790471163,desconocida,37.3821998,-5.992308
3790471165,desconocida,37.3822189,-5.9923741
3790471166,Citrus × aurantium,37.382226,-5.992295
3790471167,desconocida,37.3822372,-5.9924454
3790471168,Citrus × aurantium,37.382244,-5.9923647
3790471169,desconocida,37.3822521,-5.9925038
3790471170,desconocida,37.382262,-5.9925422
3790471171,Citrus × aurantium,37.3822622,-5.9924377
3790471173,desconocida,37.3822752,-5.992587
3790471174,Citrus × aurantium,37.3822787,-5.9924924
3790471175,Citrus × aurantium,37.382289,-5.9925331
3790471176,desconocida,37.3822912,-5.9926495
3790471177,Citrus × aurantium,37.3823005,-5.9925787
3790471178,desconocida,37.3823077,-5.9927134
3790471179,Citrus × aurantium,37.3823176,-5.9926393
3790471180,desconocida,37.3823199,-5.9927559
3790471181,Citrus × aurantium,37.3823334,-5.9927031
3790471182,desconocida,37.3823364,-5.9928219
3790471183,Citrus × aurantium,37.3823424,-5.9927475
3790471184,desconocida,37.3823552,-5.9928862
3790471185,Citrus × aurantium,37.3823618,-5.9928081
3790471186,Citrus × aurantium,37.3823783,-5.9928744
3790471187,Citrus × aurantium,37.3823882,-5.9929199
3790471188,Citrus × aurantium,37.3824044,-5.9929828
3790471191,Citrus × aurantium,37.3825294,-5.9931398
3790471192,Citrus × aurantium,37.3825414,-5.9930283
3790471193,Citrus × aurantium,37.3825586,-5.9930792
3790471195,Citrus × aurantium,37.3825694,-5.9931195
3790471196,Citrus × aurantium,37.3825922,-5.9930104
3790471197,Citrus × aurantium,37.3826041,-5.993226
3790471198,Citrus × aurantium,37.3826145,-5.9931001
3790471199,Citrus × aurantium,37.3826468,-5.993203
3790471200,Citrus × aurantium,37.3826563,-5.9932333
3790471202,Citrus × aurantium,37.3826646,-5.9930739
3790471203,Citrus × aurantium,37.3827004,-5.9931801
3790471204,Citrus × aurantium,37.3827117,-5.9932088
3790471205,Citrus × aurantium,37.3827279,-5.9932658
3790471206,Citrus × aurantium,37.3827432,-5.9933165
3790471208,Citrus × aurantium,37.3827595,-5.9931494
3790471209,Citrus × aurantium,37.3827692,-5.9931852
3790471211,Citrus × aurantium,37.3827845,-5.9932351
3790471213,Citrus × aurantium,37.382801,-5.9932858
3790471215,Citrus × aurantium,37.382817,-5.9933405
3790471216,Citrus × aurantium,37.3828281,-5.9935666
3790471217,Citrus × aurantium,37.3828904,-5.9935857
3790471218,Citrus × aurantium,37.3829945,-5.9936043
3790471220,Citrus × aurantium,37.3830489,-5.9936169
3790471221,Citrus × aurantium,37.3831574,-5.9936383
3790471223,Citrus × aurantium,37.3832094,-5.9936506
3790471224,Citrus × aurantium,37.3833159,-5.9936712
3790471226,Citrus × aurantium,37.3833679,-5.9936835
3790471227,Citrus × aurantium,37.3834762,-5.9937033
3790471229,Citrus × aurantium,37.3835283,-5.9937156
3790471231,Citrus × aurantium,37.383637,-5.9937398
3790471234,Citrus × aurantium,37.3836711,-5.9941153
3790471236,Citrus × aurantium,37.3836868,-5.9942129
3790471238,Citrus × aurantium,37.3836956,-5.9937501
3790471240,Citrus × aurantium,37.3837104,-5.9941372
3790471242,Citrus × aurantium,37.3837304,-5.9940638
3790471251,Platanus × hispanica,37.3838262,-5.9937994
3790471253,Citrus × aurantium,37.3838491,-5.9939413
3790471254,Citrus × aurantium,37.3839055,-5.9938955
3790471255,Citrus × aurantium,37.3840507,-5.9938174
3790471457,Citrus × aurantium,37.3842106,-5.9938452
3790471459,Citrus × aurantium,37.3842632,-5.9938535
3790471460,Citrus × aurantium,37.3843694,-5.9938704
3790471463,Citrus × aurantium,37.384429,-5.9938787
3790471464,Citrus × aurantium,37.3845326,-5.993896
3790471466,Citrus × aurantium,37.3845858,-5.9939038
3790471468,Citrus × aurantium,37.3846928,-5.99392
3790471470,Citrus × aurantium,37.3847468,-5.993928
3790471471,Citrus × aurantium,37.3848592,-5.9939468
3790471473,Citrus × aurantium,37.3849137,-5.9939541
3790471474,Citrus × aurantium,37.385018,-5.9939696
3790471476,Citrus × aurantium,37.3850648,-5.9939777
3790471478,Citrus × aurantium,37.3851302,-5.9944072
3790471480,Citrus × aurantium,37.3851506,-5.9943031
3790471481,Citrus × aurantium,37.3851618,-5.9945502
3790471482,Citrus × aurantium,37.3851622,-5.994247
3790471483,Citrus × aurantium,37.3851752,-5.9941909
3790471484,Citrus × aurantium,37.3851881,-5.9941355
3790471485,Citrus × aurantium,37.3851937,-5.9945917
3790471486,Citrus × aurantium,37.3851996,-5.9940795
3790471487,Citrus × aurantium,37.3851878,-5.994005
3790471488,Citrus × aurantium,37.3852247,-5.9946347
3790471489,Citrus × aurantium,37.3852553,-5.9946768
3790471491,Citrus × aurantium,37.3856668,-5.994062
3790471493,Citrus × aurantium,37.3857303,-5.9940689
3790471497,Citrus × aurantium,37.3862092,-5.994131
3790471498,Citrus × aurantium,37.3863152,-5.9941449
3790471499,Citrus × aurantium,37.3863708,-5.9941526
3790471500,Citrus × aurantium,37.3864771,-5.994167
3790471501,Citrus × aurantium,37.386525,-5.9946413
3790471502,Citrus × aurantium,37.386535,-5.9945922
3790471503,Citrus × aurantium,37.3865359,-5.9941729
3790471504,Citrus × aurantium,37.3865441,-5.9945464
3790471505,Citrus × aurantium,37.3865541,-5.9944926
3790471506,Citrus × aurantium,37.3865605,-5.9946515
3790471507,Citrus × aurantium,37.3865657,-5.9944366
3790471508,Citrus × aurantium,37.3865719,-5.9945964
3790471509,Citrus × aurantium,37.3865755,-5.9943812
3790471510,Citrus × aurantium,37.3865866,-5.994328
3790471511,Citrus × aurantium,37.38659,-5.9945066
3790471512,Citrus × aurantium,37.3865976,-5.9942726
3790471513,Citrus × aurantium,37.3865989,-5.9944523
3790471514,Citrus × aurantium,37.3866099,-5.994396
3790471515,Citrus × aurantium,37.3866206,-5.9943419
3790471516,Citrus × aurantium,37.3866315,-5.9942865
3790492908,broadleaved,37.3820418,-5.9934331
3790492909,broadleaved,37.3820573,-5.9933876
3790492910,broadleaved,37.3820744,-5.9934484
3790492911,broadleaved,37.3820899,-5.9933753
3790492912,broadleaved,37.3821295,-5.993358
3790492913,broadleaved,37.3822307,-5.9930831
3790492914,broadleaved,37.3822355,-5.9931365
3790492915,broadleaved,37.3822411,-5.9931972
3790492916,needleleaved,37.3822436,-5.9933203
3790492917,needleleaved,37.3822439,-5.9932523
3790492918,needleleaved,37.3822695,-5.9932405
3790492920,needleleaved,37.3822864,-5.9932959
3790492921,needleleaved,37.38231,-5.9932228
3790492923,needleleaved,37.382325,-5.9932768
3790492925,needleleaved,37.3823462,-5.9932021
3790492926,Citrus × aurantium,37.3823516,-5.9938272
3790492927,needleleaved,37.3823619,-5.9932589
3790492928,needleleaved,37.3823673,-5.9937991
3790492929,needleleaved,37.3824003,-5.9932414
3790492930,Citrus × aurantium,37.3824339,-5.9937991
3790492931,needleleaved,37.382454,-5.9937713
3790492932,Citrus × aurantium,37.3824721,-5.9937874
3790492933,Citrus × aurantium,37.3825111,-5.9937737
3790492934,needleleaved,37.3825635,-5.9937213
3790492935,Citrus × aurantium,37.3825954,-5.9937472
3790492936,Citrus × aurantium,37.3826303,-5.9937327
3790492937,needleleaved,37.3826407,-5.9936879
3790492940,needleleaved,37.3827135,-5.9936645
3790492941,Citrus × aurantium,37.3827429,-5.9936948
3790492942,needleleaved,37.3827672,-5.993642
3790492944,Citrus × aurantium,37.38282,-5.9936691
3790492945,Citrus × aurantium,37.3829079,-5.993437
3790492946,Citrus × aurantium,37.383015,-5.993458
3790492947,Citrus × aurantium,37.3830673,-5.9934701
3790492948,Citrus × aurantium,37.3831741,-5.9934917
3790492949,Citrus × aurantium,37.3832291,-5.9935035
3790492950,Citrus × aurantium,37.3833314,-5.9935227
3790492951,Citrus × aurantium,37.3833878,-5.9935349
3790492952,Citrus × aurantium,37.3834953,-5.9935538
3790492953,Citrus × aurantium,37.3835479,-5.9935682
3790492954,Citrus × aurantium,37.3836523,-5.9935878
3790492955,Citrus × aurantium,37.3837079,-5.9935994
3790492956,Citrus × aurantium,37.3837247,-5.9935564
3790493157,Citrus × aurantium,37.3837371,-5.993499
3790493158,Citrus × aurantium,37.3837466,-5.9934382
3790493159,Citrus × aurantium,37.3837984,-5.9935799
3790493160,Citrus × aurantium,37.3838105,-5.9935217
3790493161,Citrus × aurantium,37.3838238,-5.9934638
3791127234,desconocida,37.4048605,-5.9687704
3791127236,desconocida,37.4048729,-5.9687261
3791127238,desconocida,37.4048753,-5.968824
3791127241,desconocida,37.404904,-5.9686961
3791127242,desconocida,37.4049139,-5.9688593
3791127244,desconocida,37.4049283,-5.9687754
3791127247,desconocida,37.4049448,-5.968693
3791127248,desconocida,37.4049568,-5.9688531
3791127251,desconocida,37.4049824,-5.9687222
3791127252,desconocida,37.4049858,-5.9688201
3791127255,desconocida,37.4049985,-5.96877
3794439769,Platanus × hispanica,37.3780784,-5.9929516
3794439770,Platanus × hispanica,37.3783372,-5.9931029
3794439771,Platanus × hispanica,37.3785421,-5.9932294
3794439772,Platanus × hispanica,37.3785996,-5.9932657
3794439773,Platanus × hispanica,37.3787276,-5.9933455
3794439774,Platanus × hispanica,37.3787946,-5.9933828
3794439775,Platanus × hispanica,37.3788565,-5.993421
3794439853,Platanus × hispanica,37.3804007,-5.9943074
3794439854,Platanus × hispanica,37.3804054,-5.9942349
3794440057,Platanus × hispanica,37.3804268,-5.9943778
3794440060,Platanus × hispanica,37.3804363,-5.9941752
3794440061,Platanus × hispanica,37.3804746,-5.9944274
3794440062,Platanus × hispanica,37.3804959,-5.9941276
3794440065,Platanus × hispanica,37.3805296,-5.994467
3794440067,Platanus × hispanica,37.3805843,-5.994508
3794440073,Platanus × hispanica,37.3806347,-5.994073
3794440076,broadleaved,37.3806632,-5.9924816
3794440079,Platanus × hispanica,37.3806939,-5.9945887
3794440080,Platanus × hispanica,37.3806967,-5.9940497
3794440090,Platanus × hispanica,37.3807698,-5.9940211
3794440097,Platanus × hispanica,37.3807999,-5.9946669
3794440101,Platanus × hispanica,37.3808406,-5.9939936
3794440102,Platanus × hispanica,37.3808434,-5.9925332
3794440103,Platanus × hispanica,37.380844,-5.9925948
3794440104,Platanus × hispanica,37.380855,-5.9947083
3794440105,Platanus × hispanica,37.3808641,-5.9926753
3794440107,Platanus × hispanica,37.3808763,-5.9924459
3794440108,Platanus × hispanica,37.3808844,-5.9927585
3794440111,Platanus × hispanica,37.3809051,-5.9928401
3794440112,Platanus × hispanica,37.3809057,-5.9923762
3794440113,Platanus × hispanica,37.3809078,-5.9939673
3794440114,Platanus × hispanica,37.3809245,-5.992918
3794440115,Platanus × hispanica,37.3809443,-5.9929988
3794440120,Platanus × hispanica,37.3809635,-5.9930752
3794440122,Platanus × hispanica,37.3809784,-5.9939401
3794440123,Platanus × hispanica,37.3809842,-5.9931604
3794440126,Platanus × hispanica,37.3810046,-5.9932407
3794440130,Platanus × hispanica,37.3810255,-5.9933217
3794440132,Platanus × hispanica,37.3810441,-5.9933981
3794440133,Platanus × hispanica,37.3810443,-5.9939132
3794440137,Platanus × hispanica,37.3811063,-5.9934443
3794440140,Platanus × hispanica,37.381117,-5.9938853
3794440141,Platanus × hispanica,37.3811818,-5.9938609
3794440143,Platanus × hispanica,37.381232,-5.9934907
3794440145,Platanus × hispanica,37.3812516,-5.9938327
3794440146,Platanus × hispanica,37.3812993,-5.9949608
3794440147,Platanus × hispanica,37.3813167,-5.9938085
3794440151,Platanus × hispanica,37.381386,-5.9937808
3794440153,Platanus × hispanica,37.3814459,-5.9934065
3794440155,Platanus × hispanica,37.3814547,-5.9937511
3794440157,Platanus × hispanica,37.3815153,-5.9937267
3794440158,Platanus × hispanica,37.3815176,-5.9933783
3794440160,Platanus × hispanica,37.3815812,-5.9933546
3794440161,Platanus × hispanica,37.3815896,-5.9936981
3794440162,Platanus × hispanica,37.3816513,-5.9933266
3794440163,Platanus × hispanica,37.3816585,-5.9936713
3794440164,Platanus × hispanica,37.3817177,-5.9933007
3794440165,Platanus × hispanica,37.3817275,-5.9936441
3794440166,Platanus × hispanica,37.3817858,-5.9932746
3794440167,Platanus × hispanica,37.3817982,-5.9936167
3794440168,Platanus × hispanica,37.3818518,-5.993249
3794440170,Platanus × hispanica,37.3818668,-5.9935898
3794440171,Platanus × hispanica,37.3819229,-5.9932212
3794440173,Platanus × hispanica,37.3819942,-5.9931934
3794440174,Platanus × hispanica,37.3820627,-5.9931665
3800878355,Citrus × aurantium,37.3851542,-5.9882098
3800878361,Citrus × aurantium,37.3851727,-5.9881947
3800878367,Citrus × aurantium,37.3851945,-5.9881878
3800878373,Citrus × aurantium,37.3852188,-5.9881969
3800878376,Citrus × aurantium,37.3852263,-5.9882425
3800878378,Citrus × aurantium,37.3852308,-5.9887231
3800878379,Citrus × aurantium,37.3852342,-5.9877351
3800878380,Citrus × aurantium,37.3852431,-5.9882179
3800878383,Citrus × aurantium,37.3852444,-5.9886869
3800878385,Citrus × aurantium,37.3852584,-5.9886498
3800878386,Citrus × aurantium,37.3852607,-5.9882764
3800878389,Citrus × aurantium,37.3852731,-5.988746
3800878390,Citrus × aurantium,37.3852734,-5.9877668
3800878393,Citrus × aurantium,37.3852912,-5.9887152
3800878395,Citrus × aurantium,37.3852987,-5.9882658
3800878396,Citrus × aurantium,37.3853041,-5.9877828
3800878397,Citrus × aurantium,37.385309,-5.9886802
3800878398,Citrus × aurantium,37.3853097,-5.9883128
3800878404,broadleaved,37.3853497,-5.9876383
3800878406,Citrus × aurantium,37.3853632,-5.9878381
3800878409,Citrus × aurantium,37.3853703,-5.9875873
3800878410,broadleaved,37.3853706,-5.9876904
3800878411,Citrus × aurantium,37.3853913,-5.9878561
3800878415,Citrus × aurantium,37.3854013,-5.987537
3800878419,broadleaved,37.3854069,-5.9877309
3800878421,Citrus × aurantium,37.3854142,-5.9878176
3800878423,needleleaved,37.3854154,-5.9876218
3800878430,Citrus × aurantium,37.3854308,-5.9874925
3800878440,needleleaved,37.3854459,-5.9875505
3800878445,broadleaved,37.3854498,-5.9877469
3800878449,needleleaved,37.3854571,-5.9876631
3800878453,Citrus × aurantium,37.3854603,-5.9874476
3800878464,broadleaved,37.3854943,-5.9877093
3800878466,needleleaved,37.3854994,-5.9874981
3800878476,broadleaved,37.3855235,-5.9876652
3800878480,needleleaved,37.3855364,-5.9875408
3800878484,Citrus × aurantium,37.3855481,-5.9874297
3800878487,broadleaved,37.385552,-5.9876193
3800878488,broadleaved,37.38558,-5.9875762
3800878489,Citrus × aurantium,37.3855802,-5.9874646
3800878490,broadleaved,37.3856022,-5.9875215
3801353821,broadleaved,37.3808572,-5.9873684
3801353824,broadleaved,37.3808851,-5.9874746
3801353826,broadleaved,37.3809191,-5.987585
3801353828,broadleaved,37.3809557,-5.9876761
3801353829,broadleaved,37.3810147,-5.9877973
3801353830,broadleaved,37.3810632,-5.9878782
3801353831,broadleaved,37.3811112,-5.9879516
3801353834,Citrus × aurantium,37.3811315,-5.9877481
3801353835,Citrus × aurantium,37.38116,-5.9877931
3801353838,broadleaved,37.381184,-5.9880473
3801353839,Citrus × aurantium,37.3811941,-5.9878305
3801353841,Citrus × aurantium,37.3812334,-5.9878729
3801353843,Citrus × aurantium,37.3812633,-5.9879024
3801353844,Citrus × aurantium,37.381299,-5.9879266
3801353845,Citrus × aurantium,37.3813331,-5.9879521
3801353846,Citrus × aurantium,37.3813781,-5.9879754
3801353853,Citrus × aurantium,37.381461,-5.9880082
3801353855,broadleaved,37.3814929,-5.9891678
3801353856,broadleaved,37.381493,-5.9892173
3801360557,broadleaved,37.3814971,-5.9892839
3801360558,broadleaved,37.3814986,-5.9891174
3801360559,Citrus × aurantium,37.3815024,-5.9880192
3801360560,broadleaved,37.3815044,-5.9890612
3801360562,broadleaved,37.3815121,-5.9890195
3801360563,broadleaved,37.3815181,-5.9889187
3801360564,broadleaved,37.3815298,-5.9888772
3801360565,Citrus × aurantium,37.3815361,-5.9880229
3801360568,broadleaved,37.381543,-5.9888253
3801360573,broadleaved,37.3815551,-5.9887785
3801360588,broadleaved,37.3815947,-5.9886855
3801360593,broadleaved,37.3816106,-5.9886467
3801360600,Citrus × aurantium,37.3816237,-5.9880272
3801360603,broadleaved,37.3816329,-5.9886038
3801360610,broadleaved,37.3816565,-5.9885583
3801360612,Citrus × aurantium,37.3816625,-5.9880202
3801360618,broadleaved,37.381677,-5.9885255
3801360625,Citrus × aurantium,37.3816975,-5.9880176
3801360626,broadleaved,37.3817035,-5.988485
3801360631,broadleaved,37.3817279,-5.9884501
3801360633,Citrus × aurantium,37.3817402,-5.9880069
3801360640,broadleaved,37.3817573,-5.9884126
3801360644,Citrus × aurantium,37.3817751,-5.987994
3801360647,broadleaved,37.3817813,-5.9883849
3801360652,broadleaved,37.3818219,-5.9883452
3801360655,broadleaved,37.3818978,-5.9882783
3801360759,broadleaved,37.3819327,-5.9882538
3804936415,Citrus × aurantium,37.3877194,-5.9955239
3804936417,Citrus × aurantium,37.3877228,-5.9956436
3804936418,Citrus × aurantium,37.3877274,-5.9957248
3804936419,Citrus × aurantium,37.3877307,-5.9954707
3804936420,Citrus × aurantium,37.3877327,-5.9955948
3804936421,Citrus × aurantium,37.3877357,-5.9954158
3804936422,Citrus × aurantium,37.3877406,-5.9953576
3804936430,Citrus × aurantium,37.3877901,-5.995501
3804936432,Citrus × aurantium,37.3877947,-5.9954578
3804936436,Citrus × aurantium,37.3878349,-5.9955067
3804936439,Citrus × aurantium,37.3878394,-5.9954636
3804936445,Citrus × aurantium,37.3878797,-5.9955124
3804936449,Citrus × aurantium,37.387884,-5.9954693
3804936964,Citrus × aurantium,37.3879245,-5.9955181
3804936965,Citrus × aurantium,37.3879287,-5.9954751
3804936970,Citrus × aurantium,37.3879693,-5.9955238
3804936971,Citrus × aurantium,37.3879733,-5.9954809
3804936982,Citrus × aurantium,37.3880141,-5.9955295
3804936983,Citrus × aurantium,37.388018,-5.9954866
3804936994,Citrus × aurantium,37.3880589,-5.9955351
3804936995,Citrus × aurantium,37.3880626,-5.9954924
3804936996,Citrus × aurantium,37.3880644,-5.9945811
3804937004,Citrus × aurantium,37.3881037,-5.9955408
3804937005,Citrus × aurantium,37.3881073,-5.9954981
3804937007,Citrus × aurantium,37.3881353,-5.9946856
3804937008,Citrus × aurantium,37.3881485,-5.9955465
3804937009,Citrus × aurantium,37.3881519,-5.9955039
3804937011,Citrus × aurantium,37.3881678,-5.9947326
3804937012,Citrus × aurantium,37.3881867,-5.9961166
3804937014,Citrus × aurantium,37.3881914,-5.9960535
3804937015,Citrus × aurantium,37.3882019,-5.9959125
3804937017,Citrus × aurantium,37.3882067,-5.9958484
3804937019,Citrus × aurantium,37.3882168,-5.995713
3804937020,Citrus × aurantium,37.3882191,-5.9948144
3804937021,Citrus × aurantium,37.3882219,-5.9956446
3804937022,Citrus × aurantium,37.3882385,-5.9954218
3804937023,Citrus × aurantium,37.3882435,-5.9953536
3804937024,Citrus × aurantium,37.3882535,-5.99522
3804937025,Citrus × aurantium,37.3882583,-5.995155
3804937026,Citrus × aurantium,37.3882687,-5.9950156
3804937029,Citrus × aurantium,37.388393,-5.9947446
3804937035,Citrus × aurantium,37.3884362,-5.9947497
3804937043,Citrus × aurantium,37.3884812,-5.9947551
3804937044,Citrus × aurantium,37.3885185,-5.9957934
3804937045,Citrus × aurantium,37.3885231,-5.9957304
3804937046,Citrus × aurantium,37.3885277,-5.9956675
3804937047,Citrus × aurantium,37.3885292,-5.9947608
3804937048,Citrus × aurantium,37.3885322,-5.9956045
3804937050,Citrus × aurantium,37.3885368,-5.9955415
3804937052,Citrus × aurantium,37.3885413,-5.9954785
3804937053,Citrus × aurantium,37.3885459,-5.9954155
3804937054,Citrus × aurantium,37.3885505,-5.9953526
3804937055,Citrus × aurantium,37.388555,-5.9952896
3804937157,Citrus × aurantium,37.3885743,-5.9947662
3804937161,Citrus × aurantium,37.388624,-5.9947721
3804937164,broadleaved,37.3886352,-5.9959775
3804937168,Citrus × aurantium,37.3886665,-5.9958109
3804937169,Citrus × aurantium,37.388671,-5.9957479
3804937171,Citrus × aurantium,37.3886756,-5.9956849
3804937172,Citrus × aurantium,37.3886801,-5.9956219
3804937173,Citrus × aurantium,37.3886847,-5.995559
3804937174,Citrus × aurantium,37.3886893,-5.995496
3804937176,Citrus × aurantium,37.3886938,-5.995433
3804937179,Citrus × aurantium,37.3886984,-5.99537
3804937180,Citrus × aurantium,37.3887029,-5.995307
3804937181,Citrus × aurantium,37.3887174,-5.9947833
3804937185,Citrus × aurantium,37.3887628,-5.9947887
3804937191,Citrus × aurantium,37.3888134,-5.9947947
3804937196,Citrus × aurantium,37.3888666,-5.9948011
3804937199,Citrus × aurantium,37.388908,-5.994806
3804937201,Citrus × aurantium,37.3889473,-5.9948107
3811285764,Citrus × aurantium,37.385377,-5.9863567
3811285765,Citrus × aurantium,37.3854186,-5.9863359
3811285767,Citrus × aurantium,37.3854481,-5.987336
3811285768,Citrus × aurantium,37.3854585,-5.9863145
3811285771,Citrus × aurantium,37.385499,-5.9862944
3811285773,Citrus × aurantium,37.3855141,-5.9872492
3811285776,Citrus × aurantium,37.3855487,-5.987205
3811285779,Citrus × aurantium,37.3855742,-5.9862541
3811285794,Citrus × aurantium,37.3858149,-5.9861253
3811285798,Citrus × aurantium,37.3858982,-5.9860811
3811285806,Citrus × aurantium,37.3859723,-5.9860407
3811325257,broadleaved,37.3847106,-5.9922349
3811326189,Citrus × aurantium,37.3838415,-5.9932252
3811326190,Citrus × aurantium,37.3838609,-5.9931782
3811326191,Citrus × aurantium,37.3838803,-5.9932496
3811326192,Citrus × aurantium,37.3839001,-5.9932016
3811326193,Citrus × aurantium,37.383766,-5.9923262
3811326194,Citrus × aurantium,37.38392,-5.9931535
3811326195,Citrus × aurantium,37.3839211,-5.993032
3811326196,Citrus × aurantium,37.3839398,-5.9931055
3811326197,Citrus × aurantium,37.3839415,-5.9929826
3811326198,Citrus × aurantium,37.3839596,-5.9930575
3811326199,Citrus × aurantium,37.3839795,-5.9930095
3811326200,Citrus × aurantium,37.3839993,-5.9929614
3811328957,Citrus × aurantium,37.3836254,-5.9924888
3811328958,Citrus × aurantium,37.3836337,-5.9927574
3811328959,Citrus × aurantium,37.3836498,-5.9924257
3811328960,Citrus × aurantium,37.3836645,-5.9927265
3811328961,Citrus × aurantium,37.3836771,-5.9926353
3811328962,Citrus × aurantium,37.3837019,-5.9925699
3811328963,Citrus × aurantium,37.3837173,-5.9927624
3811328964,Citrus × aurantium,37.3837254,-5.9928249
3811328965,Citrus × aurantium,37.3837305,-5.9923951
3811328966,Citrus × aurantium,37.3837506,-5.9925308
3811328967,Citrus × aurantium,37.3837776,-5.9928121
3811328968,Citrus × aurantium,37.3837784,-5.9927122
3811328969,Citrus × aurantium,37.3837837,-5.9924338
3811328970,Citrus × aurantium,37.3838059,-5.992569
3811328971,Citrus × aurantium,37.3838076,-5.9927407
3811328972,Citrus × aurantium,37.3838081,-5.9926533
3811328973,Citrus × aurantium,37.3838324,-5.9926804
3811328974,Citrus × aurantium,37.3838366,-5.992472
3811328975,Citrus × aurantium,37.3838571,-5.9926202
3811328976,Citrus × aurantium,37.3838934,-5.9925121
3817781564,desconocida,37.3908139,-5.9969031
3817781566,Citrus × aurantium,37.3908287,-5.9969748
3817781567,desconocida,37.3908327,-5.9968518
3817781569,Citrus × aurantium,37.3908723,-5.9970001
3817781570,desconocida,37.3908755,-5.9968271
3817781574,desconocida,37.3909086,-5.9970209
3817781576,desconocida,37.3909167,-5.9968485
3817781584,desconocida,37.3909583,-5.9968723
3817781586,desconocida,37.3909598,-5.9970506
3817781592,Citrus × aurantium,37.3909966,-5.9970741
3817781597,desconocida,37.3910129,-5.9969053
3817781601,Citrus × aurantium,37.3910368,-5.9970982
3817781602,Citrus × aurantium,37.3910537,-5.9969283
3817781604,desconocida,37.3910877,-5.9970712
3817781605,desconocida,37.3910931,-5.9969505
3817781606,desconocida,37.3911097,-5.9970201
3821484986,Citrus × aurantium,37.3938596,-5.9939038
3821484987,Citrus × aurantium,37.3938703,-5.9938463
3821484988,Citrus × aurantium,37.3939006,-5.9939276
3821484989,Citrus × aurantium,37.3939147,-5.9938416
3821484990,Citrus × aurantium,37.3939395,-5.9939544
3821484991,Citrus × aurantium,37.3939627,-5.9938361
3821484992,Citrus × aurantium,37.3939869,-5.9939852
3821484993,Citrus × aurantium,37.3940154,-5.9938302
3821484994,Citrus × aurantium,37.3940334,-5.994014
3821484995,Citrus × aurantium,37.3940635,-5.9938246
3821484996,Citrus × aurantium,37.3940891,-5.9940384
3821484997,Citrus × aurantium,37.3941045,-5.9938365
3821484998,Citrus × aurantium,37.3941535,-5.9940686
3821484999,Citrus × aurantium,37.3941681,-5.9939767
3821485000,Citrus × aurantium,37.3941707,-5.9938427
3821485001,Citrus × aurantium,37.3941712,-5.9939302
3821485002,Citrus × aurantium,37.394175,-5.9938849
3826639799,Platanus × hispanica,37.3883047,-5.9961971
3826639800,Platanus × hispanica,37.3883373,-5.9959566
3826639801,broadleaved,37.3883455,-5.9958423
3826639802,Platanus × hispanica,37.3883538,-5.9957183
3826639803,Platanus × hispanica,37.3883639,-5.9955937
3826639804,Platanus × hispanica,37.3883754,-5.9954458
3826639805,Platanus × hispanica,37.388379,-5.9953813
3826639806,broadleaved,37.3883805,-5.9960893
3826639807,Platanus × hispanica,37.3884,-5.9951349
3826639808,broadleaved,37.388401,-5.9958414
3826639809,broadleaved,37.3884038,-5.9958095
3826639810,broadleaved,37.3884052,-5.9950594
3826639811,desconocida,37.388406,-5.9957713
3826639812,broadleaved,37.388409,-5.9957316
3826639813,broadleaved,37.3884136,-5.9956886
3826639814,Platanus × hispanica,37.3884139,-5.9962091
3826639815,desconocida,37.3884157,-5.9956512
3826639816,Platanus × hispanica,37.3884208,-5.9960911
3826639817,broadleaved,37.388429,-5.9954585
3826639818,desconocida,37.3884316,-5.9954246
3826639819,broadleaved,37.3884346,-5.9953903
3826639820,Citrus × aurantium,37.3884353,-5.9958455
3826639821,broadleaved,37.3884377,-5.9953429
3826639822,Citrus × aurantium,37.3884399,-5.9957811
3826639823,desconocida,37.3884408,-5.9953053
3826639824,broadleaved,37.3884426,-5.9952537
3826639825,Citrus × aurantium,37.3884449,-5.9957195
3826639826,broadleaved,37.3884484,-5.9952103
3826639827,Citrus × aurantium,37.3884498,-5.9956569
3826639828,broadleaved,37.3884614,-5.9950181
3826639829,Citrus × aurantium,37.3884619,-5.9954688
3826639830,Platanus × hispanica,37.3884645,-5.9962158
3826639831,Platanus × hispanica,37.3884655,-5.9949523
3826639832,Citrus × aurantium,37.3884667,-5.9954059
3826639833,Citrus × aurantium,37.3884713,-5.9953428
3826639834,Platanus × hispanica,37.3884742,-5.9961005
3826639835,Citrus × aurantium,37.3884763,-5.9952811
3826639836,Citrus × aurantium,37.3884806,-5.9952188
3826639837,desconocida,37.388501,-5.9960066
3826639838,Platanus × hispanica,37.3885061,-5.9950235
3826639839,Platanus × hispanica,37.3885121,-5.9948867
3826639840,Platanus × hispanica,37.3885149,-5.9949578
3826639842,Platanus × hispanica,37.3885254,-5.9961059
3826639844,Platanus × hispanica,37.3885535,-5.9950301
3826639845,Platanus × hispanica,37.3885647,-5.9949599
3826639849,Platanus × hispanica,37.3886006,-5.9962313
3826639850,Platanus × hispanica,37.388602,-5.9950372
3826639851,Platanus × hispanica,37.38861,-5.9961152
3826639852,broadleaved,37.3886101,-5.9949697
3826639853,Platanus × hispanica,37.388619,-5.9949002
3826639856,desconocida,37.3886569,-5.9960241
3826642257,Platanus × hispanica,37.3886586,-5.9961226
3826642259,Platanus × hispanica,37.3886937,-5.9950475
3826642260,broadleaved,37.3886962,-5.9949787
3826642262,Platanus × hispanica,37.3887026,-5.9949096
3826642263,Platanus × hispanica,37.3887091,-5.9962439
3826642264,Platanus × hispanica,37.3887187,-5.9961313
3826642265,Platanus × hispanica,37.3887395,-5.9950502
3826642266,Citrus × aurantium,37.3887402,-5.9958826
3826642267,Platanus × hispanica,37.3887443,-5.9949833
3826642268,Citrus × aurantium,37.3887451,-5.9958192
3826642269,Citrus × aurantium,37.3887495,-5.9957571
3826642270,Citrus × aurantium,37.3887545,-5.995694
3826642271,broadleaved,37.3887587,-5.9961335
3826642272,Platanus × hispanica,37.388762,-5.9962493
3826642273,Citrus × aurantium,37.3887683,-5.9955023
3826642274,Citrus × aurantium,37.3887725,-5.9954405
3826642275,broadleaved,37.3887734,-5.9959088
3826642276,broadleaved,37.3887764,-5.9958711
3826642277,Citrus × aurantium,37.3887773,-5.9953789
3826642278,broadleaved,37.3887815,-5.9957903
3826642279,Citrus × aurantium,37.3887822,-5.9953159
3826642280,Platanus × hispanica,37.3887834,-5.995057
3826642281,broadleaved,37.3887853,-5.9957418
3826642282,Citrus × aurantium,37.3887861,-5.9952529
3826642283,broadleaved,37.3887915,-5.9949908
3826642284,broadleaved,37.3888031,-5.995503
3826642285,Platanus × hispanica,37.3888076,-5.994923
3826642286,broadleaved,37.3888087,-5.9954304
3826642287,broadleaved,37.3888106,-5.9953883
3826642288,broadleaved,37.3888112,-5.9960927
3826642289,Platanus × hispanica,37.3888159,-5.996256
3826642290,Platanus × hispanica,37.3888161,-5.9960241
3826642291,broadleaved,37.3888179,-5.9952937
3826642292,Platanus × hispanica,37.3888207,-5.9959601
3826642293,broadleaved,37.3888215,-5.9952516
3826642294,Platanus × hispanica,37.3888251,-5.9958983
3826642295,broadleaved,37.3888294,-5.9958381
3826642296,Platanus × hispanica,37.388834,-5.9957732
3826642297,broadleaved,37.3888364,-5.9950645
3826642298,Platanus × hispanica,37.3888378,-5.9957197
3826642299,Platanus × hispanica,37.3888407,-5.9949952
3826642300,Platanus × hispanica,37.3888428,-5.9956499
3826642301,Platanus × hispanica,37.3888493,-5.9955598
3826642302,Platanus × hispanica,37.3888537,-5.9954971
3826642303,Platanus × hispanica,37.3888577,-5.995441
3826642304,Platanus × hispanica,37.3888625,-5.9953748
3826642305,Platanus × hispanica,37.3888672,-5.9953081
3826642306,Platanus × hispanica,37.3888712,-5.9952526
3826642307,Platanus × hispanica,37.3888756,-5.9951913
3826642308,broadleaved,37.3888799,-5.9951308
3826642309,broadleaved,37.3888902,-5.9950013
3826642310,Platanus × hispanica,37.3889017,-5.9961568
3826642311,Platanus × hispanica,37.3889114,-5.9960186
3826642312,broadleaved,37.3889141,-5.9954453
3826642313,Platanus × hispanica,37.3889154,-5.9949363
3826642314,Platanus × hispanica,37.3889163,-5.9959521
3826642315,Platanus × hispanica,37.3889217,-5.9958845
3826642316,Platanus × hispanica,37.3889318,-5.9957492
3826642317,Platanus × hispanica,37.3889372,-5.9956807
3826642318,Platanus × hispanica,37.3889424,-5.9956138
3826642319,broadleaved,37.3889443,-5.9950754
3826642320,Platanus × hispanica,37.3889532,-5.9954742
3826642321,Platanus × hispanica,37.3889581,-5.9954045
3826642322,Platanus × hispanica,37.3889631,-5.9953362
3826642323,Platanus × hispanica,37.388972,-5.9952048
3826642324,Platanus × hispanica,37.3889773,-5.9951368
3826642325,Platanus × hispanica,37.3889835,-5.9950559
3826737360,desconocida,37.3772407,-6.0116668
3826737361,desconocida,37.3773355,-6.0115796
3826737362,desconocida,37.3773728,-6.011534
3826737363,desconocida,37.3771831,-6.0115971
3826737364,desconocida,37.3772354,-6.0115461
3826737365,desconocida,37.3772844,-6.0114992
3826737366,desconocida,37.3773217,-6.0114643
3826737367,desconocida,37.3773601,-6.0114294
3826737368,desconocida,37.3774176,-6.011365
3826737369,desconocida,37.3774549,-6.0113262
3826737370,desconocida,37.3774943,-6.0112846
3826737371,desconocida,37.3775412,-6.0112376
3826737372,desconocida,37.3775764,-6.0111974
3826737373,desconocida,37.3774176,-6.0114938
3826737374,desconocida,37.3775135,-6.0113905
3826737375,desconocida,37.3775615,-6.0113476
3826737376,desconocida,37.3776062,-6.0113047
3826737377,desconocida,37.3776382,-6.0112752
3830561314,Citrus × aurantium,37.3904667,-5.9977364
3830561315,Citrus × aurantium,37.3904839,-5.9976698
3830561316,Citrus × aurantium,37.3904975,-5.9976171
3830561317,Citrus × aurantium,37.3905111,-5.9975641
3830561318,Citrus × aurantium,37.390525,-5.9975101
3830561319,Citrus × aurantium,37.3905387,-5.9974569
3830561320,Citrus × aurantium,37.3905691,-5.9973423
3830561321,Citrus × aurantium,37.3905828,-5.997289
3830561322,Citrus × aurantium,37.3905965,-5.9972357
3830561323,Citrus × aurantium,37.3906032,-5.997647
3830561324,Citrus × aurantium,37.3906103,-5.9971824
3830561325,Citrus × aurantium,37.3906223,-5.9975757
3830561326,Citrus × aurantium,37.390624,-5.9971291
3830561327,Citrus × aurantium,37.3906377,-5.9970758
3830561328,Citrus × aurantium,37.3906437,-5.9975007
3830561329,Citrus × aurantium,37.3906515,-5.9970225
3830561330,Citrus × aurantium,37.3906633,-5.9974244
3830561332,Citrus × aurantium,37.3906908,-5.9973304
3830561333,Citrus × aurantium,37.3907133,-5.99725
3830561334,Citrus × aurantium,37.3907326,-5.9971674
3830561335,Citrus × aurantium,37.3907528,-5.9970914
3830561351,broadleaved,37.3911487,-5.9972527
3830561354,broadleaved,37.391167,-5.9972255
3830563058,broadleaved,37.391195,-5.9971826
3830563060,broadleaved,37.3912046,-5.9973062
3830563062,broadleaved,37.3912155,-5.9971514
3830563064,broadleaved,37.3912211,-5.9972753
3830563068,broadleaved,37.3912399,-5.9973383
3830563070,broadleaved,37.3912479,-5.9972282
3830563072,broadleaved,37.391257,-5.9973061
3830563073,broadleaved,37.3912663,-5.9971976
3830563075,broadleaved,37.3912718,-5.9973656
3830563077,broadleaved,37.391283,-5.9972592
3830563079,broadleaved,37.3912877,-5.9973344
3830563080,broadleaved,37.3913015,-5.997228
3830563083,broadleaved,37.3913067,-5.9973973
3830563084,broadleaved,37.3913155,-5.9972874
3830563085,broadleaved,37.3913234,-5.9973665
3830563086,broadleaved,37.3913335,-5.9972566
3830563088,broadleaved,37.3913383,-5.9974253
3830563090,broadleaved,37.3913511,-5.9973191
3830563091,broadleaved,37.391356,-5.9973961
3830563092,broadleaved,37.3913689,-5.9972887
3830563095,broadleaved,37.3913733,-5.9974573
3830563097,broadleaved,37.3913836,-5.9973477
3830563099,broadleaved,37.3913918,-5.9974255
3830563101,broadleaved,37.3914007,-5.9973168
3830563104,broadleaved,37.3914183,-5.9973787
3830563106,broadleaved,37.3914358,-5.9973477
3841335618,Citrus × aurantium,37.3882901,-5.9963331
3841335619,Citrus × aurantium,37.3884616,-5.9963542
3841335620,Citrus × aurantium,37.3885896,-5.9963691
3841335621,Citrus × aurantium,37.3887009,-5.9963816
3841335622,Citrus × aurantium,37.3887531,-5.9963882
3841335623,Citrus × aurantium,37.3888066,-5.9963941
3841335625,broadleaved,37.389966,-5.9985311
3841335627,Platanus × hispanica,37.3900185,-5.9983983
3841335628,Platanus × hispanica,37.3900449,-5.9983535
3841335630,Platanus × hispanica,37.3901,-5.9982642
3841335631,Platanus × hispanica,37.3901539,-5.9981739
3841335636,Platanus × hispanica,37.3901827,-5.998582
3841335637,Platanus × hispanica,37.3901994,-5.9985082
3841335638,Platanus × hispanica,37.3902111,-5.9980807
3841335640,Platanus × hispanica,37.3902359,-5.9980404
3841335641,Platanus × hispanica,37.3902377,-5.9984471
3841335643,Platanus × hispanica,37.3902644,-5.9979941
3841335644,Platanus × hispanica,37.3902739,-5.998385
3841335646,Platanus × hispanica,37.3903121,-5.9983275
3841335647,Platanus × hispanica,37.3903186,-5.9979036
3841335649,Platanus × hispanica,37.3903506,-5.9982622
3841335651,Platanus × hispanica,37.3903831,-5.9982098
3841335653,Platanus × hispanica,37.3904244,-5.9981409
3841335654,Platanus × hispanica,37.3904613,-5.9980799
3841336306,Citrus × aurantium,37.390777,-5.9991055
3841336311,Citrus × aurantium,37.3907988,-5.9990462
3841336319,Citrus × aurantium,37.3908238,-5.9989791
3841336329,Citrus × aurantium,37.3908471,-5.9989195
3841336331,Citrus × aurantium,37.3908629,-5.9991537
3841336333,Citrus × aurantium,37.3908701,-5.9988577
3841336338,Citrus × aurantium,37.3908833,-5.9991011
3841336348,Citrus × aurantium,37.3908982,-5.9988002
3841336350,Citrus × aurantium,37.3909099,-5.9990315
3841336558,Citrus × aurantium,37.3909377,-5.9989745
3841336570,Citrus × aurantium,37.3909734,-5.9988795
3841336581,Citrus × aurantium,37.3910083,-5.9988791
3841336582,Citrus × aurantium,37.3909959,-5.9986208
3841336584,Citrus × aurantium,37.3909924,-5.9987168
3841336585,Citrus × aurantium,37.3910146,-5.9987834
3841336586,Citrus × aurantium,37.391015,-5.9985287
3841336590,Citrus × aurantium,37.3910379,-5.99883
3841336592,Citrus × aurantium,37.3910425,-5.9984842
3841336599,Citrus × aurantium,37.3910703,-5.9985105
3841336603,Citrus × aurantium,37.3910969,-5.998465
3841336604,Citrus × aurantium,37.3910985,-5.9983956
3841336607,Citrus × aurantium,37.3911242,-5.9984194
3841336608,Citrus × aurantium,37.3911266,-5.9983507
3841336614,Citrus × aurantium,37.3911518,-5.9983783
3856391466,Citrus × aurantium,37.3841909,-5.9903009
3856391467,Citrus × aurantium,37.3843224,-5.9900969
3856391469,needleleaved,37.384356,-5.99003
3856391470,Citrus × aurantium,37.3843665,-5.9901326
3856391471,Citrus × aurantium,37.3843999,-5.99007
3856391528,Citrus × aurantium,37.3850251,-5.9897886
3856391529,Citrus × aurantium,37.3850516,-5.9897154
3857024261,Citrus × aurantium,37.3863436,-5.9875713
3857024262,Citrus × aurantium,37.3860085,-5.9867294
3857024263,Citrus × aurantium,37.3863606,-5.9875205
3857024266,Citrus × aurantium,37.3863796,-5.9876228
3857024269,Citrus × aurantium,37.3863863,-5.9877146
3857024270,Citrus × aurantium,37.386387,-5.9875546
3857024271,Citrus × aurantium,37.3863873,-5.9873457
3857024275,Citrus × aurantium,37.386415,-5.9875926
3857024277,Citrus × aurantium,37.3864236,-5.9876808
3857024279,Citrus × aurantium,37.3864461,-5.9876422
3857024286,Citrus × aurantium,37.3865526,-5.9877928
3857024294,Citrus × aurantium,37.3865714,-5.9881693
3859152162,broadleaved,37.3827045,-5.971616
3859152164,broadleaved,37.382718,-5.9716836
3859152166,broadleaved,37.3827324,-5.9717676
3859152169,broadleaved,37.3827427,-5.9718431
3859152172,broadleaved,37.3827741,-5.972003
3859152174,broadleaved,37.3827886,-5.9720673
3859152176,broadleaved,37.3828037,-5.9721525
3859152177,broadleaved,37.382816,-5.9722235
3859152179,broadleaved,37.3828504,-5.9723751
3859152180,broadleaved,37.3828664,-5.9724537
3859152181,broadleaved,37.3828797,-5.9725311
3859152182,broadleaved,37.3828949,-5.9726104
3859152183,broadleaved,37.3828964,-5.9726853
3859152184,broadleaved,37.3829113,-5.972773
3859152186,broadleaved,37.3829274,-5.9728362
3872707556,Citrus × aurantium,37.3916966,-5.9973402
3872708258,Citrus × aurantium,37.3917217,-5.9972935
3872708261,Citrus × aurantium,37.3917468,-5.997247
3872708263,Citrus × aurantium,37.3917637,-5.9973709
3872708266,Citrus × aurantium,37.3918169,-5.997386
3872708269,Citrus × aurantium,37.3918691,-5.9974013
3872708280,Citrus × aurantium,37.3919224,-5.9974164
3872708287,Citrus × aurantium,37.3919746,-5.9974308
3872708297,Citrus × aurantium,37.3920277,-5.9974469
3872708305,Citrus × aurantium,37.3920768,-5.9974619
3872708315,Citrus × aurantium,37.3922051,-5.997273
3872708317,Citrus × aurantium,37.3922058,-5.9973303
3872708318,Citrus × aurantium,37.3922112,-5.997388
3872708319,Citrus × aurantium,37.392217,-5.9974464
3872708321,Citrus × aurantium,37.3922644,-5.9969744
3872708322,Citrus × aurantium,37.3923265,-5.9968805
3872708323,Citrus × aurantium,37.3923181,-5.996974
3872708324,Citrus × aurantium,37.392368,-5.9968803
3872708325,Citrus × aurantium,37.3923718,-5.9969735
3872708326,Citrus × aurantium,37.3924256,-5.9969731
3872708327,Citrus × aurantium,37.3924793,-5.9969727
3872708328,Citrus × aurantium,37.3924789,-5.9968782
3872708330,Citrus × aurantium,37.392533,-5.9969722
3872708331,Citrus × aurantium,37.3925332,-5.996879
3872708332,Citrus × aurantium,37.3925867,-5.9969718
3872708333,Citrus × aurantium,37.3925856,-5.9968782
3872708334,Citrus × aurantium,37.3926419,-5.996878
3872708335,Citrus × aurantium,37.3926405,-5.9969713
3872708337,Citrus × aurantium,37.3926942,-5.9969709
3872708338,Citrus × aurantium,37.3926941,-5.9968781
3872708339,Citrus × aurantium,37.3927462,-5.9968786
3872708340,Citrus × aurantium,37.3927479,-5.9969705
3899449859,Firmiana simplex,37.3645677,-5.9700364
3899449958,Jacaranda mimosifolia,37.3645881,-5.9708669
3899449959,Jacaranda mimosifolia,37.3645515,-5.9709879
3899450059,Rhus typhina,37.3647458,-5.9702516
3899450159,Jacaranda mimosifolia,37.364698,-5.9702429
3899450160,Jacaranda mimosifolia,37.3645265,-5.9708471
3899476158,Lagerstroemia indica,37.3645656,-5.9706423
3899476159,Ulmus minor,37.3645876,-5.9706705
3899476160,Ceiba speciosa,37.3645194,-5.9709223
3899476161,Lagerstroemia,37.3643702,-5.9709825
3899476162,Jacaranda mimosifolia,37.3643954,-5.9710268
3899478558,Thuja,37.364687,-5.970157
3899479368,Olea europaea var. sylvestris,37.3643871,-5.9702599
3899482757,Ceiba speciosa,37.364622,-5.9700111
3899482759,Duranta repens,37.3646379,-5.9702037
3899500880,Thuja,37.3647295,-5.9700957
3899501357,citrus aurantium,37.364775,-5.9703821
3899501358,Jacaranda mimosifolia,37.3647861,-5.9705808
3899502557,Trachycarpus fortunei,37.3648815,-5.970452
3899503357,citrus aurantium,37.364731,-5.9706634
3899503358,Ulmus minor,37.3645977,-5.9707492
3899503359,Jacaranda mimosifolia,37.3641893,-5.9711941
3899509457,Jacaranda mimosifolia,37.3646188,-5.9709319
3899509458,Ceratonia siliqua,37.3654142,-5.9707524
3899510858,Ulmus spp,37.3645847,-5.9707648
3899510859,Trachycarpus fortunei,37.364621,-5.9707894
3899510860,Jacaranda mimosifolia,37.3644457,-5.97098
3899510861,Jacaranda mimosifolia,37.3643248,-5.9710822
3899510862,Jacaranda mimosifolia,37.3642585,-5.9711353
3899510863,Jacaranda mimosifolia,37.3645513,-5.9708904
3899519657,Jacaranda mimosifolia,37.3644812,-5.9710431
3899519658,Ulmus minor,37.364642,-5.9707501
3899530934,Jacaranda mimosifolia,37.3644273,-5.9710891
3899530935,Jacaranda mimosifolia,37.3643607,-5.9711432
3899530936,Jacaranda mimosifolia,37.3642904,-5.9711977
3899530937,Jacaranda mimosifolia,37.3642203,-5.9712561
3899531560,Abizia julibrissim,37.3652923,-5.9710014
3899532057,Sophora japonica,37.3650937,-5.9706557
3899532857,Thevetia,37.3653543,-5.9709484
3899532858,Draena draco,37.3651873,-5.9710805
3899539357,Cercis Siliquastrum,37.3653216,-5.9707348
3899542757,Ligustrum japonicum,37.3652279,-5.9710782
3899542758,Ligustrum japonicum,37.3652276,-5.9713386
3899559762,Bauhinia variegata,37.3659365,-5.9712068
3899560057,Hibiscus rosa-sinensis,37.3654007,-5.9715981
3899568557,Caesalpinia spinosa,37.3663146,-5.9710835
3905124962,Platanus × hispanica,37.388901,-5.995654
3905124963,Platanus × hispanica,37.3889111,-5.9955104
3905124964,Platanus × hispanica,37.3889191,-5.9953763
3905124966,Platanus × hispanica,37.3889297,-5.9952589
3905124968,Platanus × hispanica,37.3889393,-5.9951363
3905124970,broadleaved,37.3889668,-5.995273
4085143791,Platanus × hispanica,37.3759071,-5.9920078
4085143793,Platanus × hispanica,37.3760391,-5.9920848
4085143795,Platanus × hispanica,37.3761001,-5.9921215
4085143796,Platanus × hispanica,37.3761537,-5.9917918
4085143797,Platanus × hispanica,37.3761719,-5.9921665
4085143798,Platanus × hispanica,37.3762356,-5.9922042
4085143800,Platanus × hispanica,37.3763603,-5.9922759
4085143801,Platanus × hispanica,37.3764226,-5.9923146
4085143802,Platanus × hispanica,37.3764758,-5.9919859
4085143803,Platanus × hispanica,37.3764968,-5.9923592
4085143805,Platanus × hispanica,37.3765336,-5.9920206
4085143806,Platanus × hispanica,37.376558,-5.9923978
4085143807,Platanus × hispanica,37.3766024,-5.9920619
4085143808,Platanus × hispanica,37.376628,-5.99244
4085143809,Platanus × hispanica,37.3766866,-5.9924759
4085143810,Platanus × hispanica,37.3767357,-5.9921425
4085143811,Platanus × hispanica,37.3767533,-5.992516
4085143813,Platanus × hispanica,37.376798,-5.992181
4085143814,Platanus × hispanica,37.3768179,-5.9925555
4085143815,Platanus × hispanica,37.3768648,-5.9922204
4085143816,Platanus × hispanica,37.3769501,-5.9926353
4085143818,Platanus × hispanica,37.37708,-5.9927141
4085143819,Platanus × hispanica,37.3771457,-5.9927549
4085143821,Platanus × hispanica,37.3772097,-5.9927933
4085143822,Platanus × hispanica,37.3772733,-5.992832
4085143823,Platanus × hispanica,37.3773387,-5.9928668
4085143824,Platanus × hispanica,37.377408,-5.9929083
4085143826,Platanus × hispanica,37.3775232,-5.9929795
4085143827,Platanus × hispanica,37.3775921,-5.9930191
4085143828,Platanus × hispanica,37.3776538,-5.9930591
4085143830,Platanus × hispanica,37.3777141,-5.9930966
4085143831,Platanus × hispanica,37.3777784,-5.9931367
4085143832,Platanus × hispanica,37.3778413,-5.9931715
4085143834,Platanus × hispanica,37.3780325,-5.9932902
4085143836,Platanus × hispanica,37.3782304,-5.9934103
4085143838,Platanus × hispanica,37.3784252,-5.9935253
4085143840,Platanus × hispanica,37.3785569,-5.9936061
4085143841,Platanus × hispanica,37.3786195,-5.9936465
4085143842,Platanus × hispanica,37.3786899,-5.9936854
4085143843,Platanus × hispanica,37.3787537,-5.9937252
4085143845,Platanus × hispanica,37.3788187,-5.993767
4085143847,Platanus × hispanica,37.3788777,-5.9938046
4085143849,Platanus × hispanica,37.3789444,-5.9938422
4085143851,Platanus × hispanica,37.379012,-5.993885
4085143852,Platanus × hispanica,37.3790758,-5.9939245
4085143853,Platanus × hispanica,37.3791347,-5.993963
4085143854,Platanus × hispanica,37.3792045,-5.994007
4133219529,desconocida,37.3853437,-5.9982734
4133219654,Platanus × hispanica,37.386189,-5.9968851
4133219656,Platanus × hispanica,37.3862354,-5.9970355
4133219662,Platanus × hispanica,37.3863197,-5.9973164
4133219666,Platanus × hispanica,37.3863847,-5.9975234
4133219668,Platanus × hispanica,37.3864056,-5.997593
4133219678,Platanus × hispanica,37.3865057,-5.9979341
4133219684,broadleaved,37.3865726,-5.9999321
4133219685,broadleaved,37.3865746,-5.9998543
4133219688,Platanus × hispanica,37.3865819,-5.9987644
4145003450,desconocida,37.4020128,-5.9980899
4152689538,desconocida,37.3769337,-6.0057727
4152689539,desconocida,37.3768949,-6.0058478
4152689540,desconocida,37.3769389,-6.0058835
4152689541,desconocida,37.3769887,-6.0059254
4152689542,desconocida,37.3770362,-6.005964
4152689543,desconocida,37.3770874,-6.0060084
4152689544,desconocida,37.3771314,-6.0060478
4152689545,desconocida,37.3771801,-6.0060897
4152689546,desconocida,37.3772273,-6.0061305
4152689547,desconocida,37.3773683,-6.0062387
4152689548,desconocida,37.3773906,-6.0061877
4152689549,desconocida,37.3772522,-6.0060853
4152689550,desconocida,37.3772058,-6.0060365
4152689551,desconocida,37.3771587,-6.0059917
4152689552,desconocida,37.3771158,-6.005948
4152689553,desconocida,37.3770689,-6.0058988
4152689554,desconocida,37.3770255,-6.0058652
4152689555,desconocida,37.3769817,-6.0058197
4190241497,desconocida,37.3861994,-5.9997306
4190241498,desconocida,37.3862569,-5.9997951
4190241499,desconocida,37.3864164,-5.9999638
4190241500,desconocida,37.3864712,-6.0000696
4190241501,desconocida,37.3864976,-6.0000433
4190241502,desconocida,37.3865274,-6.0000413
4190241503,desconocida,37.3865744,-6.0001239
4190241516,Citrus × aurantium,37.386762,-6.0002575
4190241529,Citrus × aurantium,37.3867837,-6.000347
4190241536,Citrus × aurantium,37.3867985,-6.0003899
4190241540,Citrus × aurantium,37.3868242,-6.0004183
4190241542,Citrus × aurantium,37.3868266,-6.0003455
4190241547,Citrus × aurantium,37.3868502,-6.0004403
4190241548,Citrus × aurantium,37.3868523,-6.0003754
4190241561,Citrus × aurantium,37.3868833,-6.0004075
4190241562,Citrus × aurantium,37.3868865,-6.0004767
4190241568,Citrus × aurantium,37.3869124,-6.0005064
4190241570,Citrus × aurantium,37.3869155,-6.0004421
4190241575,Citrus × aurantium,37.3869372,-6.0005384
4190241578,Citrus × aurantium,37.386943,-6.0004697
4190241582,Citrus × aurantium,37.3869621,-6.000564
4190241583,Citrus × aurantium,37.386967,-6.000493
4190241585,Citrus × aurantium,37.3869684,-6.0006375
4190241588,Citrus × aurantium,37.3869839,-6.0005885
4190241989,Citrus × aurantium,37.3869892,-6.0005214
4190241996,Citrus × aurantium,37.3870058,-6.0006154
4190241999,Citrus × aurantium,37.3870123,-6.000553
4190242004,Citrus × aurantium,37.3870352,-6.0005797
4190242013,desconocida,37.3870642,-6.0007418
4190242020,desconocida,37.3871151,-6.0007951
4190242022,desconocida,37.3871614,-6.0008441
4190242024,desconocida,37.3871785,-6.0007044
4190242032,desconocida,37.3872109,-6.000739
4190242037,desconocida,37.3872413,-6.0007733
4190242047,broadleaved,37.3872904,-6.000891
4190242048,broadleaved,37.3873116,-6.0008544
4206740736,Citrus × aurantium,37.391878,-5.9997745
4206740737,Citrus × aurantium,37.3919153,-5.999733
4206740738,Citrus × aurantium,37.3919237,-5.9998395
4206740739,Citrus × aurantium,37.3919528,-5.9996934
4206740740,Citrus × aurantium,37.3919579,-5.9998027
4206740742,Citrus × aurantium,37.3919912,-5.9996502
4206740743,Citrus × aurantium,37.3919995,-5.9997586
4206740744,Citrus × aurantium,37.392033,-5.9996053
4206740745,Citrus × aurantium,37.3920387,-5.9997167
4206740746,Citrus × aurantium,37.3920727,-5.99956
4206740747,Citrus × aurantium,37.3920794,-5.9996728
4206740749,Citrus × aurantium,37.3921148,-5.9995141
4206740750,Citrus × aurantium,37.3921211,-5.9996277
4206740751,Citrus × aurantium,37.3921502,-5.9994775
4206740753,Citrus × aurantium,37.3921629,-5.9995841
4206740755,Citrus × aurantium,37.3921866,-5.9993863
4206740756,Citrus × aurantium,37.3921888,-5.9994312
4206740773,Citrus × aurantium,37.392363,-5.9995177
4206740777,Citrus × aurantium,37.3923684,-5.9994069
4206740780,Citrus × aurantium,37.3923742,-5.9993325
4206741591,Citrus × aurantium,37.3924074,-5.9995286
4206741593,Citrus × aurantium,37.3924121,-5.9994004
4206741596,Citrus × aurantium,37.3924193,-5.9993273
4206741616,Citrus × aurantium,37.3924525,-5.9995403
4206741617,Citrus × aurantium,37.392455,-5.9993922
4206741622,Citrus × aurantium,37.3924646,-5.9993208
4206741642,Citrus × aurantium,37.3925022,-5.9995539
4206741646,Citrus × aurantium,37.3925088,-5.9993147
4206741647,Citrus × aurantium,37.3925103,-5.9993848
4206741667,Citrus × aurantium,37.3925447,-5.9995638
4206741670,Citrus × aurantium,37.3925526,-5.9993781
4206741687,Citrus × aurantium,37.3925882,-5.9995762
4206741691,Citrus × aurantium,37.3925933,-5.9993716
4206741709,Citrus × aurantium,37.3926728,-5.9995968
4206741713,Citrus × aurantium,37.39268,-5.9993583
4206741733,Citrus × aurantium,37.3927138,-5.999608
4206741736,Citrus × aurantium,37.3927243,-5.9993508
4206741742,Citrus × aurantium,37.392756,-5.9996177
4206741748,Citrus × aurantium,37.3927692,-5.9993431
4206741754,Citrus × aurantium,37.3927798,-6.0005342
4206741759,Citrus × aurantium,37.3928015,-5.9996298
4206741766,Citrus × aurantium,37.3928137,-5.9993369
4206741768,Citrus × aurantium,37.3928155,-6.000468
4206741772,Citrus × aurantium,37.3928226,-5.9992658
4206741795,Citrus × aurantium,37.3928675,-5.9992586
4206741801,Citrus × aurantium,37.3928884,-6.0003452
4206741808,Citrus × aurantium,37.392901,-5.9996546
4206741810,Citrus × aurantium,37.3929015,-5.9993228
4206741815,Citrus × aurantium,37.3929126,-5.9992512
4206741820,Citrus × aurantium,37.3929266,-6.000282
4206741826,Citrus × aurantium,37.3929429,-5.9996672
4206741829,Citrus × aurantium,37.3929458,-5.9993155
4206741839,Citrus × aurantium,37.3929573,-5.9992435
4206741846,Citrus × aurantium,37.3929729,-6.0002229
4206741848,Citrus × aurantium,37.3929767,-5.9993381
4206741850,Citrus × aurantium,37.3929859,-5.9996779
4206741851,Citrus × aurantium,37.3929875,-5.9993934
4206741854,Citrus × aurantium,37.3929958,-5.9994439
4206741855,Citrus × aurantium,37.392999,-5.9993076
4206741856,Citrus × aurantium,37.3930007,-5.9995483
4206741858,Citrus × aurantium,37.3930068,-5.9993606
4206741860,Citrus × aurantium,37.393015,-5.9994131
4206741862,Citrus × aurantium,37.3930247,-6.0001634
4206741865,Citrus × aurantium,37.3930428,-5.9995805
4206741866,Citrus × aurantium,37.3930517,-5.9996372
4206741868,Citrus × aurantium,37.3930622,-5.9996957
4206741869,Citrus × aurantium,37.3930758,-6.0000199
4206741870,Citrus × aurantium,37.3930801,-5.9998018
4206741873,Citrus × aurantium,37.3930934,-5.9998628
4206741875,Citrus × aurantium,37.3931066,-5.9999292
4206741876,Citrus × aurantium,37.3931166,-5.9999836
4206952465,Citrus × aurantium,37.3851674,-5.994714
4206952843,Citrus × aurantium,37.3854025,-5.9957732
4206952851,Citrus × aurantium,37.3854125,-5.9957394
4206952863,Citrus × aurantium,37.3854494,-5.9958111
4206952865,Citrus × aurantium,37.3854521,-5.9957648
4206952874,Citrus × aurantium,37.3854916,-5.9957913
4206952922,Citrus × aurantium,37.3856162,-5.9953327
4206952930,Citrus × aurantium,37.3856553,-5.9953602
4206952934,Citrus × aurantium,37.3856929,-5.9953924
4206952937,Citrus × aurantium,37.3857125,-5.9959355
4206952942,Citrus × aurantium,37.385748,-5.9959764
4206952947,Citrus × aurantium,37.385781,-5.9960113
4206952955,Citrus × aurantium,37.3858092,-5.9960438
4206952969,Citrus × aurantium,37.3858894,-5.995739
4206952975,Citrus × aurantium,37.3859145,-5.9957856
4206952979,Citrus × aurantium,37.3859403,-5.9958332
4206952980,Citrus × aurantium,37.3859664,-5.9958795
4206952982,Citrus × aurantium,37.3859901,-5.9959248
4207395499,desconocida,37.3820301,-5.9943917
4207395505,desconocida,37.3820901,-5.9944093
4218825146,broadleaved,37.3922486,-5.9982687
4218825150,broadleaved,37.392266,-5.9981926
4218825153,broadleaved,37.392273,-5.9982308
4218825154,broadleaved,37.3922798,-5.9982698
4219247704,Citrus × aurantium,37.3849482,-5.9915879
4219247705,Citrus × aurantium,37.3855927,-5.9911188
4219247747,Citrus × aurantium,37.3860461,-5.9909458
4219247748,Citrus × aurantium,37.3860478,-5.9910191
4219247749,Citrus × aurantium,37.3860481,-5.9911537
4219247750,Citrus × aurantium,37.3860486,-5.9912293
4219247751,Citrus × aurantium,37.3860487,-5.9910872
4219247752,Citrus × aurantium,37.3860497,-5.9912888
4219247753,Citrus × aurantium,37.3860501,-5.9913591
4219247754,Citrus × aurantium,37.3860507,-5.9914315
4219247755,Citrus × aurantium,37.3860519,-5.9914957
4219247756,Citrus × aurantium,37.3860519,-5.9915653
4219247759,Citrus × aurantium,37.3860545,-5.9916348
4219247764,Citrus × aurantium,37.3860581,-5.9917049
4219247767,Citrus × aurantium,37.3860699,-5.9907742
4219247772,Citrus × aurantium,37.3860839,-5.9907105
4219247780,Citrus × aurantium,37.3860979,-5.9906454
4219247788,Citrus × aurantium,37.3861115,-5.9905807
4219247991,Citrus × aurantium,37.3861268,-5.9910156
4219247992,Citrus × aurantium,37.3861268,-5.9910826
4219247993,Citrus × aurantium,37.3861269,-5.9909525
4219247995,Citrus × aurantium,37.3861277,-5.9905031
4219247996,Citrus × aurantium,37.386128,-5.991151
4219247998,Citrus × aurantium,37.3861289,-5.9912213
4219247999,Citrus × aurantium,37.3861296,-5.9913592
4219248000,Citrus × aurantium,37.3861301,-5.991292
4219248001,Citrus × aurantium,37.3861321,-5.9914301
4219248002,Citrus × aurantium,37.3861329,-5.9914979
4219248003,Citrus × aurantium,37.3861338,-5.9915626
4219248004,Citrus × aurantium,37.3861344,-5.9916327
4219248005,Citrus × aurantium,37.3861358,-5.9917022
4219248006,Citrus × aurantium,37.386142,-5.9904434
4219248008,Citrus × aurantium,37.3861473,-5.990801
4219248012,Citrus × aurantium,37.3861558,-5.9903819
4219248013,Citrus × aurantium,37.3861613,-5.9907338
4219248017,Citrus × aurantium,37.3861707,-5.9903135
4219248020,Citrus × aurantium,37.3861757,-5.9906706
4219248022,Citrus × aurantium,37.3861841,-5.9902515
4219248025,Citrus × aurantium,37.3861897,-5.9906069
4219248027,Citrus × aurantium,37.3861978,-5.9901908
4219248031,Citrus × aurantium,37.3862055,-5.9905366
4219248032,Citrus × aurantium,37.386211,-5.9901274
4219248035,Citrus × aurantium,37.3862202,-5.9904689
4219248037,Citrus × aurantium,37.3862333,-5.9904066
4219248038,Citrus × aurantium,37.3862485,-5.9903385
4221618797,Citrus × aurantium,37.3857118,-5.9880389
4221618798,Citrus × aurantium,37.3857537,-5.9880331
4221618799,Citrus × aurantium,37.3857897,-5.9880466
4221618801,Citrus × aurantium,37.3858258,-5.9880577
4232293970,Citrus × aurantium,37.3893894,-5.9993494
4232293972,Citrus × aurantium,37.3894152,-5.9994179
4232293973,Citrus × aurantium,37.3894161,-5.9993158
4232293975,Citrus × aurantium,37.3894447,-5.9992473
4232293976,Citrus × aurantium,37.3894582,-5.9993708
4232293978,Citrus × aurantium,37.3894766,-5.9992134
4232293979,Citrus × aurantium,37.3895099,-5.9991799
4232293980,Citrus × aurantium,37.3895136,-5.9993527
4232293981,Citrus × aurantium,37.3895432,-5.9991451
4232293982,Citrus × aurantium,37.3895465,-5.9993183
4232293985,Citrus × aurantium,37.3895804,-5.9992839
4232293986,Citrus × aurantium,37.389614,-5.9992508
4232296607,Citrus × aurantium,37.3898008,-5.9991428
4232296612,Citrus × aurantium,37.3898349,-5.9991776
4232296616,Citrus × aurantium,37.389868,-5.9992099
4232296621,Citrus × aurantium,37.389901,-5.9992446
4232296623,Citrus × aurantium,37.3899345,-5.9992776
4232296628,Citrus × aurantium,37.3899682,-5.999312
4232296633,Citrus × aurantium,37.3900014,-5.9993459
4232296637,Citrus × aurantium,37.390034,-5.9993792
4232296645,Citrus × aurantium,37.3901288,-6.0008261
4232296649,Citrus × aurantium,37.3901485,-5.9995306
4232296651,Citrus × aurantium,37.3901523,-6.0007613
4232296654,Citrus × aurantium,37.3901532,-6.0009933
4232296655,Citrus × aurantium,37.390176,-6.0006991
4232296656,Citrus × aurantium,37.3901785,-5.9994867
4232296658,Citrus × aurantium,37.3901771,-6.0009297
4232296659,Citrus × aurantium,37.3901997,-6.000636
4232296660,Citrus × aurantium,37.3901998,-5.9994518
4232296663,Citrus × aurantium,37.3901962,-6.0008791
4232296665,Citrus × aurantium,37.3902222,-5.9994157
4232296667,Citrus × aurantium,37.3902246,-6.0005699
4232296671,Citrus × aurantium,37.3902472,-5.9993748
4232296674,Citrus × aurantium,37.3902557,-5.9995049
4232296678,Citrus × aurantium,37.3902695,-6.0004494
4232296679,Citrus × aurantium,37.3902715,-5.9993352
4232296680,Citrus × aurantium,37.3902781,-5.9994672
4232296681,Citrus × aurantium,37.3902531,-6.0006669
4232296683,Citrus × aurantium,37.3902947,-5.9992963
4232296684,Citrus × aurantium,37.3903004,-6.0003621
4232296685,Citrus × aurantium,37.3903022,-5.9994277
4232296686,Citrus × aurantium,37.3902852,-6.0006113
4232296688,Citrus × aurantium,37.3903197,-5.9992562
4232296689,Citrus × aurantium,37.3903262,-5.9993882
4232296690,Citrus × aurantium,37.3903262,-6.000541
4232296691,Citrus × aurantium,37.3903442,-5.9992165
4232296692,Citrus × aurantium,37.3903507,-5.999348
4232296693,Citrus × aurantium,37.3903682,-5.9991768
4232296696,Citrus × aurantium,37.3903746,-5.9993098
4232296698,Citrus × aurantium,37.390377,-6.0004229
4232296699,Citrus × aurantium,37.3903889,-6.0001352
4232296701,Citrus × aurantium,37.3903927,-5.9991367
4232296702,Citrus × aurantium,37.3903909,-6.0003713
4232296703,Citrus × aurantium,37.3904123,-6.000075
4232296705,Citrus × aurantium,37.3904165,-5.9990977
4232296707,Citrus × aurantium,37.3904212,-5.9992333
4232296708,Citrus × aurantium,37.3904251,-5.9998345
4232296709,Citrus × aurantium,37.390417,-6.0003007
4232296711,Citrus × aurantium,37.3904358,-6.0000125
4232296712,Citrus × aurantium,37.3904398,-5.999059
4232296714,Citrus × aurantium,37.3904453,-5.9991933
4232296716,Citrus × aurantium,37.3904411,-6.0002398
4232296719,Citrus × aurantium,37.3904582,-5.9997571
4232296720,Citrus × aurantium,37.3904633,-5.9990207
4232296721,Citrus × aurantium,37.3904695,-5.9991542
4232296723,Citrus × aurantium,37.3904624,-6.0001806
4232296726,Citrus × aurantium,37.3904939,-5.9991139
4232296728,Citrus × aurantium,37.3904983,-6.0001251
4232296732,Citrus × aurantium,37.3905185,-5.9990737
4232296734,Citrus × aurantium,37.39052,-6.0000668
4232296739,Citrus × aurantium,37.3905513,-5.9997051
4232296743,Citrus × aurantium,37.3905727,-5.9996475
4232296746,Citrus × aurantium,37.3905968,-5.9995853
4232296748,Citrus × aurantium,37.3906116,-6.0000239
4232296749,Citrus × aurantium,37.3906154,-5.9998813
4232296750,Citrus × aurantium,37.3906192,-5.999525
4232296751,Citrus × aurantium,37.3906362,-5.9997543
4232296752,Citrus × aurantium,37.3906394,-5.9994726
4232296753,Citrus × aurantium,37.3906453,-5.9999709
4232296754,Citrus × aurantium,37.3906613,-5.9994116
4232296756,Citrus × aurantium,37.390682,-5.9996362
4232296757,Citrus × aurantium,37.3906842,-5.9993546
4232296760,Citrus × aurantium,37.3907039,-5.9995751
4232296761,Citrus × aurantium,37.3907064,-5.9992928
4232296762,Citrus × aurantium,37.3907231,-5.9995269
4232296763,Citrus × aurantium,37.3907694,-5.9994056
4232296764,Citrus × aurantium,37.3907929,-5.9993426
4232296765,Citrus × aurantium,37.3908179,-5.9992787
4232322664,Citrus × aurantium,37.3922296,-5.9975714
4232322665,Citrus × aurantium,37.3922355,-5.9976394
4232322666,Citrus × aurantium,37.3922422,-5.9977092
4232322667,Citrus × aurantium,37.3922483,-5.9977775
4256157766,Citrus × aurantium,37.399911,-5.9472755
4256157774,Citrus × aurantium,37.3999291,-5.9472976
4256157777,Citrus × aurantium,37.3999535,-5.9473184
4256157778,Citrus × aurantium,37.399969,-5.9471104
4256157782,Citrus × aurantium,37.3999866,-5.9470797
4256157783,Citrus × aurantium,37.3999866,-5.947348
4256157784,Citrus × aurantium,37.4000028,-5.9470476
4256157794,Citrus × aurantium,37.400081,-5.9468931
4256157798,Citrus × aurantium,37.4000922,-5.9468712
4256157802,Citrus × aurantium,37.4001085,-5.9468431
4256157807,Citrus × aurantium,37.4001199,-5.9468196
4256157809,Citrus × aurantium,37.4001321,-5.9467963
4256157815,Citrus × aurantium,37.4001442,-5.9467704
4256157820,Citrus × aurantium,37.4001578,-5.946744
4256157822,Citrus × aurantium,37.4001711,-5.9467191
4256157827,Citrus × aurantium,37.4001846,-5.9466992
4256157834,Citrus × aurantium,37.4002118,-5.9466842
4256157843,Citrus × aurantium,37.4002401,-5.9466927
4256157849,Citrus × aurantium,37.4002644,-5.9467116
4256157853,Citrus × aurantium,37.4002888,-5.9467305
4256157856,broadleaved,37.400297,-5.946509
4256157865,Citrus × aurantium,37.4003234,-5.9467565
4260300472,Citrus × aurantium,37.386203,-5.9960888
4260300473,Citrus × aurantium,37.3862152,-5.9960441
4260300474,Citrus × aurantium,37.3862244,-5.9962137
4260300475,Citrus × aurantium,37.3862559,-5.996302
4260300476,Citrus × aurantium,37.3862717,-5.9961414
4260300477,Citrus × aurantium,37.3862843,-5.9963462
4260300479,Citrus × aurantium,37.3862989,-5.9959451
4260300480,Citrus × aurantium,37.3863016,-5.9959889
4260300481,Citrus × aurantium,37.3863081,-5.9961544
4260300482,Citrus × aurantium,37.3863122,-5.995892
4260300483,Citrus × aurantium,37.3863136,-5.9963906
4260300484,Citrus × aurantium,37.3863254,-5.995838
4260300486,Citrus × aurantium,37.3863328,-5.9964879
4260300487,Citrus × aurantium,37.3863399,-5.9957845
4260301389,Citrus × aurantium,37.3863487,-5.9962034
4260301390,Citrus × aurantium,37.386354,-5.9957314
4260301391,Citrus × aurantium,37.3863554,-5.9956606
4260301393,Citrus × aurantium,37.3863693,-5.9956079
4260301395,Citrus × aurantium,37.3863836,-5.9955533
4260301396,Citrus × aurantium,37.3863889,-5.9962549
4260301397,Platanus × hispanica,37.3863937,-5.9969396
4260301398,Citrus × aurantium,37.3863953,-5.9954975
4260301400,Citrus × aurantium,37.3864057,-5.9954438
4260301404,Platanus × hispanica,37.3864152,-5.9970135
4260301405,Citrus × aurantium,37.3864161,-5.9953898
4260301407,Citrus × aurantium,37.3864246,-5.9963002
4260301408,Citrus × aurantium,37.3864267,-5.9953334
4260301412,Citrus × aurantium,37.3864371,-5.9952803
4260301413,Platanus × hispanica,37.3864377,-5.9970886
4260301418,Platanus × hispanica,37.3864609,-5.9971634
4260301420,Citrus × aurantium,37.3864635,-5.9951512
4260301421,Citrus × aurantium,37.3864641,-5.9963496
4260301423,Citrus × aurantium,37.386474,-5.9950976
4260301425,Citrus × aurantium,37.3864847,-5.9950417
4260301427,Citrus × aurantium,37.386495,-5.9949874
4260301430,Citrus × aurantium,37.3865046,-5.9949399
4260301433,Citrus × aurantium,37.3865143,-5.9948928
4260301436,Citrus × aurantium,37.3865236,-5.994842
4260301437,Citrus × aurantium,37.3865341,-5.9947909
4260301439,Citrus × aurantium,37.3865365,-5.9964442
4260301445,Citrus × aurantium,37.386575,-5.9964922
4260301449,Platanus × hispanica,37.3865989,-5.9976262
4260301454,Citrus × aurantium,37.3866124,-5.996541
4260301457,Platanus × hispanica,37.3866247,-5.9977042
4260301463,Platanus × hispanica,37.3866467,-5.9977799
4260301467,Platanus × hispanica,37.3866695,-5.9978529
4260301471,Platanus × hispanica,37.3866916,-5.997926
4260301472,Platanus × hispanica,37.3867153,-5.9980002
4260301473,Platanus × hispanica,37.386754,-5.9981334
4260301474,Citrus × aurantium,37.3867633,-5.996527
4260301475,Citrus × aurantium,37.386797,-5.9964915
4260301476,Citrus × aurantium,37.3868297,-5.9964545
4260301478,Citrus × aurantium,37.3870762,-5.9962139
4260301480,Citrus × aurantium,37.3871022,-5.9956109
4260301483,Citrus × aurantium,37.3871431,-5.9955954
4260301484,Citrus × aurantium,37.3871546,-5.9961684
4260301488,Citrus × aurantium,37.3871962,-5.9961435
4260301496,Citrus × aurantium,37.3872354,-5.9961228
4260301503,Citrus × aurantium,37.3872755,-5.996099
4260301516,Citrus × aurantium,37.3874744,-5.9959729
4260301522,Citrus × aurantium,37.3875071,-5.9959263
4260301527,Citrus × aurantium,37.3875346,-5.9958894
4260301535,Citrus × aurantium,37.3875662,-5.9958448
4260301539,Citrus × aurantium,37.3875964,-5.9958028
4261109973,Citrus × aurantium,37.401148,-5.9484074
4261109976,Citrus × aurantium,37.4011769,-5.9482895
4261109979,Citrus × aurantium,37.4011864,-5.9484383
4261109988,Citrus × aurantium,37.401231,-5.9484734
4261110089,Citrus × aurantium,37.4012504,-5.948348
4261110091,Citrus × aurantium,37.4012662,-5.9485014
4261110094,Citrus × aurantium,37.401298,-5.9485265
4261110096,Citrus × aurantium,37.4013111,-5.948396
4261110097,Citrus × aurantium,37.4013284,-5.9485507
4261110101,Citrus × aurantium,37.4013671,-5.9484404
4261110105,Citrus × aurantium,37.4014345,-5.948494
4261110114,Citrus × aurantium,37.4014965,-5.9485429
4261110136,Citrus × aurantium,37.4016791,-5.948688
4261110146,Citrus × aurantium,37.4017254,-5.948725
4261110150,Citrus × aurantium,37.4017524,-5.9488898
4261110157,Citrus × aurantium,37.4017765,-5.948909
4261110159,Citrus × aurantium,37.401801,-5.9489288
4261110165,Citrus × aurantium,37.4018263,-5.9489479
4261110169,Citrus × aurantium,37.4018417,-5.94896
4261110173,Citrus × aurantium,37.4018571,-5.9489729
4261110175,Citrus × aurantium,37.4018789,-5.9489902
4261110180,Citrus × aurantium,37.4019015,-5.9490076
4261110192,Citrus × aurantium,37.4019896,-5.9490781
4261110200,Citrus × aurantium,37.4020145,-5.949098
4261110204,Citrus × aurantium,37.4020397,-5.9491179
4261110211,Citrus × aurantium,37.4020655,-5.9491383
4261110216,Citrus × aurantium,37.4020946,-5.9491614
4261110217,Citrus × aurantium,37.4021227,-5.9491837
4261110220,Citrus × aurantium,37.4021492,-5.9492046
4261110224,Citrus × aurantium,37.4021756,-5.9492254
4261110225,broadleaved,37.4021763,-5.9490804
4261110229,Citrus × aurantium,37.4022078,-5.9492513
4261110232,Citrus × aurantium,37.4022418,-5.9492781
4261110237,Citrus × aurantium,37.4022807,-5.9493091
4278372642,broadleaved,37.392835,-5.993091
4278372643,broadleaved,37.3928393,-5.9931769
4278372644,broadleaved,37.3928425,-5.9939357
4278372645,broadleaved,37.3928433,-5.9932626
4278372647,broadleaved,37.3928471,-5.9938529
4278372648,broadleaved,37.3928478,-5.9933484
4278372649,broadleaved,37.3928502,-5.9937875
4278372651,broadleaved,37.3928522,-5.9934354
4278372652,broadleaved,37.3928571,-5.9935176
4278372654,broadleaved,37.3928604,-5.9936075
4278372658,Citrus × aurantium,37.3928874,-5.9939275
4278372663,broadleaved,37.3929208,-5.993727
4278372664,Citrus × aurantium,37.392925,-5.9939288
4278372665,Citrus × aurantium,37.3929285,-5.9938421
4278407939,broadleaved,37.3928115,-5.9945192
4278407940,broadleaved,37.3928165,-5.9944345
4278407941,broadleaved,37.39282,-5.9943519
4278407942,broadleaved,37.3928253,-5.9942687
4278407943,broadleaved,37.3928297,-5.9941854
4278407944,broadleaved,37.3928342,-5.9941025
4278407945,broadleaved,37.3928381,-5.994019
4279917024,broadleaved,37.3927092,-5.9947403
4279917027,broadleaved,37.3927134,-5.9946489
4279917030,broadleaved,37.3927191,-5.9945511
4279917033,broadleaved,37.392723,-5.9944683
4279917035,broadleaved,37.3927275,-5.9943858
4279917037,broadleaved,37.3927329,-5.9943027
4279917038,broadleaved,37.3927372,-5.994219
4279917039,broadleaved,37.3927416,-5.9941364
4279917041,broadleaved,37.3927504,-5.993976
4279917042,broadleaved,37.392755,-5.9938249
4279917043,broadleaved,37.3927605,-5.9937174
4279917044,broadleaved,37.3927643,-5.9935754
4279917045,broadleaved,37.3928023,-5.9946837
4279917046,broadleaved,37.3928076,-5.9945994
4280932496,Platanus × hispanica,37.3976635,-5.9224591
4280932498,Citrus × aurantium,37.3977003,-5.9221848
4280932499,Platanus × hispanica,37.3977111,-5.9224932
4280932503,Citrus × aurantium,37.3977323,-5.9221084
4280932506,Citrus × aurantium,37.3977674,-5.9220326
4280932507,Citrus × aurantium,37.3977685,-5.9222279
4280932508,Platanus × hispanica,37.3977715,-5.9223595
4280932509,Platanus × hispanica,37.3977719,-5.9225362
4280932511,Citrus × aurantium,37.3978002,-5.9219629
4280932512,Citrus × aurantium,37.3978027,-5.9221553
4280932514,Platanus × hispanica,37.3978257,-5.9225766
4280932516,Citrus × aurantium,37.3978358,-5.9220819
4280932517,Citrus × aurantium,37.3978363,-5.9218816
4280932518,Platanus × hispanica,37.3978495,-5.9223576
4280932520,Citrus × aurantium,37.3978662,-5.9218139
4280932521,Citrus × aurantium,37.3978686,-5.9220108
4280932524,Platanus × hispanica,37.3978849,-5.92262
4280932525,Citrus × aurantium,37.3979037,-5.9219359
4280932526,Citrus × aurantium,37.3979039,-5.9217357
4280932528,Platanus × hispanica,37.3979082,-5.9223991
4280932529,Citrus × aurantium,37.3979365,-5.9216625
4280932530,Citrus × aurantium,37.3979371,-5.9218635
4280932531,Platanus × hispanica,37.3979662,-5.9224405
4280932532,Citrus × aurantium,37.3979704,-5.9215894
4280932533,Citrus × aurantium,37.3979704,-5.9217883
4280932534,Citrus × aurantium,37.3980036,-5.9215183
4280932535,Citrus × aurantium,37.3980038,-5.9217152
4280932537,Platanus × hispanica,37.3980253,-5.9224837
4280932540,Citrus × aurantium,37.3980367,-5.921444
4280932541,Citrus × aurantium,37.398037,-5.9216413
4280932545,Citrus × aurantium,37.3980697,-5.9213714
4280932547,Citrus × aurantium,37.3980712,-5.9215672
4280932548,Platanus × hispanica,37.3980801,-5.9227561
4280932552,Platanus × hispanica,37.3980977,-5.9225358
4280932554,Citrus × aurantium,37.3981038,-5.9212962
4280932555,Citrus × aurantium,37.3981046,-5.9214949
4280932557,Platanus × hispanica,37.3981359,-5.9227954
4280932559,Citrus × aurantium,37.3981374,-5.9214216
4280932560,Citrus × aurantium,37.3981377,-5.921223
4280932561,Platanus × hispanica,37.3981562,-5.9225777
4280932562,Citrus × aurantium,37.3981705,-5.9213476
4280932564,Citrus × aurantium,37.3981735,-5.9211443
4280932566,Platanus × hispanica,37.3981937,-5.9228369
4280932567,Citrus × aurantium,37.398205,-5.9212726
4280932568,Citrus × aurantium,37.3982052,-5.9210764
4280932570,Platanus × hispanica,37.3982147,-5.9226193
4280932571,Citrus × aurantium,37.3982374,-5.9210046
4280932572,Citrus × aurantium,37.3982386,-5.9211992
4280932573,Platanus × hispanica,37.3982543,-5.92288
4280932574,Citrus × aurantium,37.3982721,-5.9209287
4280932575,Citrus × aurantium,37.3982724,-5.9211259
4280932576,Platanus × hispanica,37.3982742,-5.9226601
4280932578,Citrus × aurantium,37.3983055,-5.9208567
4280932579,Citrus × aurantium,37.3983057,-5.9210528
4280932582,Platanus × hispanica,37.3983338,-5.9227046
4280932583,broadleaved,37.3983351,-5.9238957
4280932585,Citrus × aurantium,37.3983386,-5.9207847
4280932586,Citrus × aurantium,37.3983392,-5.92098
4280932588,Citrus × aurantium,37.3983657,-5.9207257
4280933489,Platanus × hispanica,37.3983715,-5.9229651
4280933490,Citrus × aurantium,37.3983729,-5.9209054
4280933491,broadleaved,37.3983807,-5.9237959
4280933492,Platanus × hispanica,37.398391,-5.9227469
4280933493,Citrus × aurantium,37.3984062,-5.9208322
4280933494,Citrus × aurantium,37.3984066,-5.9206359
4280933495,Citrus × aurantium,37.3984076,-5.9237298
4280933497,broadleaved,37.3984125,-5.9239511
4280933498,Platanus × hispanica,37.3984284,-5.9230063
4280933499,Citrus × aurantium,37.3984346,-5.923671
4280933500,Citrus × aurantium,37.3984391,-5.9207596
4280933501,Citrus × aurantium,37.3984393,-5.9205626
4280933502,Platanus × hispanica,37.3984493,-5.9227896
4280933503,broadleaved,37.3984592,-5.9238513
4280933504,Citrus × aurantium,37.3984661,-5.923603
4280933505,Citrus × aurantium,37.3984733,-5.9204861
4280933506,Citrus × aurantium,37.3984745,-5.9206873
4280933507,Platanus × hispanica,37.3984869,-5.9230478
4280933508,Citrus × aurantium,37.3984869,-5.923786
4280933509,Citrus × aurantium,37.3984981,-5.923534
4280933510,Citrus × aurantium,37.3985063,-5.9206111
4280933511,Platanus × hispanica,37.3985088,-5.9228311
4280933512,Citrus × aurantium,37.3985113,-5.9204068
4280933513,Citrus × aurantium,37.3985127,-5.9237281
4280933514,Citrus × aurantium,37.3985288,-5.9234653
4280933515,Citrus × aurantium,37.3985398,-5.9203421
4280933516,Citrus × aurantium,37.3985399,-5.9205392
4280933517,Citrus × aurantium,37.3985444,-5.9236596
4280933518,Platanus × hispanica,37.3985456,-5.9230909
4280933520,Citrus × aurantium,37.39856,-5.9233976
4280933521,Platanus × hispanica,37.3985668,-5.9228729
4280933522,Citrus × aurantium,37.3985695,-5.920277
4280933523,Citrus × aurantium,37.3985751,-5.920464
4280933524,Citrus × aurantium,37.398577,-5.9235897
4280933526,broadleaved,37.3985876,-5.9233414
4280933527,Citrus × aurantium,37.398607,-5.9201947
4280933528,Citrus × aurantium,37.3986076,-5.9235211
4280933530,Citrus × aurantium,37.3986083,-5.9203904
4280933532,Platanus × hispanica,37.3986262,-5.9229158
4280933533,broadleaved,37.3986319,-5.9232426
4280933534,Citrus × aurantium,37.3986359,-5.9203288
4280933535,Citrus × aurantium,37.3986389,-5.9234543
4280933536,Citrus × aurantium,37.3986411,-5.9201195
4280933539,broadleaved,37.3986652,-5.9233978
4280933541,Citrus × aurantium,37.3986731,-5.9200511
4280933542,Citrus × aurantium,37.3986751,-5.9202446
4280933543,Platanus × hispanica,37.3986879,-5.9229599
4280933544,Citrus × aurantium,37.3987084,-5.9201719
4280933545,broadleaved,37.3987122,-5.9232973
4280933547,Citrus × aurantium,37.3987418,-5.9200963
4280933548,Platanus × hispanica,37.3987465,-5.9230029
4280933555,Platanus × hispanica,37.398819,-5.9230537
4280933557,Platanus × hispanica,37.3988541,-5.9233166
4280933558,Platanus × hispanica,37.398877,-5.9230979
4280933559,Platanus × hispanica,37.398911,-5.9233575
4280933560,Platanus × hispanica,37.3989366,-5.9231396
4280933561,Platanus × hispanica,37.3989704,-5.9233998
4280933562,Platanus × hispanica,37.3989947,-5.9231825
4280933565,Platanus × hispanica,37.3990305,-5.9234442
4280933567,Platanus × hispanica,37.3990543,-5.9232234
4280933569,broadleaved,37.3990581,-5.9244153
4280933571,Platanus × hispanica,37.3990902,-5.9234864
4280933573,broadleaved,37.3991029,-5.9243185
4280933574,Platanus × hispanica,37.3991129,-5.9232656
4280933575,Citrus × aurantium,37.3991256,-5.9242636
4280933577,broadleaved,37.3991442,-5.9244777
4280933578,Platanus × hispanica,37.3991495,-5.9235286
4280933579,Citrus × aurantium,37.3991579,-5.9241935
4280933580,Platanus × hispanica,37.3991715,-5.9233071
4280933581,broadleaved,37.3991871,-5.9243789
4280933582,Citrus × aurantium,37.3991888,-5.9241279
4280933583,Platanus × hispanica,37.3992083,-5.9235713
4280933584,Citrus × aurantium,37.3992108,-5.9243251
4280933585,Citrus × aurantium,37.3992197,-5.9240579
4280933586,Platanus × hispanica,37.3992298,-5.92335
4280933587,Citrus × aurantium,37.3992424,-5.9242542
4280933588,Citrus × aurantium,37.399252,-5.9239876
4280933689,Platanus × hispanica,37.3992681,-5.9236139
4280933690,Citrus × aurantium,37.3992731,-5.924189
4280933691,Citrus × aurantium,37.3992841,-5.9239174
4280933692,Platanus × hispanica,37.3992888,-5.9233917
4280933693,Citrus × aurantium,37.3993038,-5.9241192
4280933694,broadleaved,37.399308,-5.9238648
4280933696,Platanus × hispanica,37.3993327,-5.9234819
4280933697,Citrus × aurantium,37.3993369,-5.9240493
4280933699,broadleaved,37.3993534,-5.9237703
4280933700,Citrus × aurantium,37.3993699,-5.9239792
4280933701,Platanus × hispanica,37.3993844,-5.9236985
4280933702,broadleaved,37.3993935,-5.9239265
4280933703,Platanus × hispanica,37.3993978,-5.9235301
4280933706,broadleaved,37.3994367,-5.9238303
4280933708,Platanus × hispanica,37.3994438,-5.9237408
4280933711,Platanus × hispanica,37.3994689,-5.923471
4280933712,Platanus × hispanica,37.399515,-5.9233712
4280933713,Platanus × hispanica,37.3995397,-5.9238095
4280933714,Platanus × hispanica,37.3995405,-5.9233132
4280933716,Platanus × hispanica,37.3995754,-5.9232387
4280933717,Platanus × hispanica,37.3995836,-5.9235291
4280933718,Platanus × hispanica,37.3996014,-5.9236741
4280933719,Platanus × hispanica,37.3996085,-5.9238596
4280933720,Platanus × hispanica,37.3996095,-5.9231638
4280933721,Platanus × hispanica,37.39962,-5.9234481
4280933722,Platanus × hispanica,37.3996437,-5.9230929
4280933723,Platanus × hispanica,37.3996492,-5.9233871
4280933725,Platanus × hispanica,37.3996629,-5.9238979
4280933726,Platanus × hispanica,37.399669,-5.9237225
4280933728,Platanus × hispanica,37.3996795,-5.9230106
4280933729,Platanus × hispanica,37.3996832,-5.9233146
4280933730,Platanus × hispanica,37.3997108,-5.9229438
4280933731,Platanus × hispanica,37.3997217,-5.9239407
4280933732,Platanus × hispanica,37.3997236,-5.9237621
4280933733,Platanus × hispanica,37.3997428,-5.9228724
4280933734,Platanus × hispanica,37.3997491,-5.9231652
4280933735,Platanus × hispanica,37.3997769,-5.9228003
4280933736,Platanus × hispanica,37.3997807,-5.9239833
4280933737,Platanus × hispanica,37.3997824,-5.9238039
4280933738,Platanus × hispanica,37.3997833,-5.9230919
4280933739,Platanus × hispanica,37.3998101,-5.9227254
4280933740,Platanus × hispanica,37.3998163,-5.9230204
4280933741,Platanus × hispanica,37.399838,-5.9240249
4280933742,Platanus × hispanica,37.3998418,-5.9238464
4280933743,Platanus × hispanica,37.3998433,-5.9226516
4280933744,Platanus × hispanica,37.3998506,-5.9229447
4280933745,Platanus × hispanica,37.3998794,-5.9225757
4280933746,Platanus × hispanica,37.3998801,-5.9228795
4280933747,Platanus × hispanica,37.3998965,-5.9240666
4280933748,Platanus × hispanica,37.3999007,-5.9238887
4280933749,broadleaved,37.3999025,-5.9229463
4280933751,Platanus × hispanica,37.3999116,-5.922504
4280933752,Platanus × hispanica,37.3999179,-5.9227981
4280933753,Platanus × hispanica,37.3999451,-5.9224306
4280933754,broadleaved,37.39995,-5.922839
4280933755,Platanus × hispanica,37.3999517,-5.9227254
4280933756,Platanus × hispanica,37.3999561,-5.9241086
4280933757,Platanus × hispanica,37.3999589,-5.9239309
4280933758,Platanus × hispanica,37.3999793,-5.9223576
4280933759,Platanus × hispanica,37.3999855,-5.9226519
4280933760,broadleaved,37.3999858,-5.9230051
4280933761,Platanus × hispanica,37.4000014,-5.9241414
4280933762,Platanus × hispanica,37.4000143,-5.9222829
4280933763,Platanus × hispanica,37.4000179,-5.9239731
4280933764,broadleaved,37.4000325,-5.9229005
4280933765,Citrus × aurantium,37.4000411,-5.9230451
4280933767,Platanus × hispanica,37.4000463,-5.9222127
4280933768,Platanus × hispanica,37.4000525,-5.922505
4280933769,Platanus × hispanica,37.4000635,-5.9240067
4280933770,Platanus × hispanica,37.4000784,-5.9221392
4280933771,Platanus × hispanica,37.4000854,-5.9224315
4280933772,Citrus × aurantium,37.4000896,-5.9229405
4280933773,Citrus × aurantium,37.400097,-5.9230859
4280933774,Platanus × hispanica,37.4001125,-5.9220668
4280933775,Citrus × aurantium,37.4001458,-5.9229813
4280933776,Platanus × hispanica,37.4001467,-5.9219897
4280933777,Citrus × aurantium,37.4001527,-5.9231257
4280933778,Platanus × hispanica,37.400153,-5.9222845
4280933779,Platanus × hispanica,37.4001832,-5.9219116
4280933780,Platanus × hispanica,37.4001872,-5.9222113
4280933781,Citrus × aurantium,37.4002012,-5.9230215
4280933782,Citrus × aurantium,37.400209,-5.9231652
4280933783,Platanus × hispanica,37.4002177,-5.9218359
4280933784,Platanus × hispanica,37.4002191,-5.9221405
4280933785,Platanus × hispanica,37.4002506,-5.9217645
4280933786,Platanus × hispanica,37.4002542,-5.9220643
4280933787,Citrus × aurantium,37.400257,-5.923061
4280933788,Citrus × aurantium,37.4002644,-5.9232061
4280933789,broadleaved,37.4002711,-5.9221374
4280933790,Platanus × hispanica,37.4002846,-5.9216919
4280933791,Platanus × hispanica,37.4002901,-5.9219868
4280933792,Citrus × aurantium,37.4003123,-5.9231001
4280933793,Platanus × hispanica,37.4003174,-5.9216198
4280933794,broadleaved,37.4003206,-5.9220335
4280933795,broadleaved,37.4003223,-5.9232483
4280933796,Platanus × hispanica,37.400324,-5.9219149
4280933797,Platanus × hispanica,37.4003514,-5.921543
4280933798,broadleaved,37.400355,-5.9221975
4280933799,Platanus × hispanica,37.4003575,-5.9218398
4280933800,broadleaved,37.4003701,-5.9231413
4280933801,Platanus × hispanica,37.4003835,-5.9214709
4280933802,Platanus × hispanica,37.4003904,-5.9217663
4280933803,broadleaved,37.4004009,-5.9220913
4280933804,broadleaved,37.4004046,-5.9233077
4280933805,Citrus × aurantium,37.4004118,-5.9222383
4280933806,Platanus × hispanica,37.4004191,-5.9213971
4280933807,Platanus × hispanica,37.4004244,-5.921693
4280933808,broadleaved,37.4004515,-5.9232011
4280933809,Platanus × hispanica,37.400454,-5.9213189
4280933810,Platanus × hispanica,37.4004587,-5.9216202
4280933811,Citrus × aurantium,37.4004597,-5.9221333
4280933812,Citrus × aurantium,37.4004673,-5.9222789
4280933813,Platanus × hispanica,37.4004919,-5.9215465
4280933814,Citrus × aurantium,37.4005156,-5.9221732
4280933815,Citrus × aurantium,37.4005222,-5.922317
4280933816,Platanus × hispanica,37.4005258,-5.9214726
4280933817,Platanus × hispanica,37.4005627,-5.9213937
4280933818,Citrus × aurantium,37.4005703,-5.9222128
4280933819,Citrus × aurantium,37.4005785,-5.9223577
4280933820,Citrus × aurantium,37.4006262,-5.922252
4280933821,Citrus × aurantium,37.4006354,-5.9223987
4280933822,Citrus × aurantium,37.4006836,-5.9222935
4280933823,broadleaved,37.4006924,-5.9224407
4280933824,broadleaved,37.4007401,-5.9223337
4280933825,broadleaved,37.4007738,-5.9224988
4280933826,broadleaved,37.4008216,-5.9223918
4294357619,broadleaved,37.3915729,-5.989704
4294357621,broadleaved,37.3915823,-5.9898226
4294357654,Platanus × hispanica,37.3917231,-5.9896759
4294357655,Platanus × hispanica,37.3917292,-5.9898321
4294357660,Platanus × hispanica,37.3917646,-5.9896724
4294357661,Platanus × hispanica,37.3917727,-5.989829
4294357670,Platanus × hispanica,37.3918167,-5.989668
4294357671,Platanus × hispanica,37.3918224,-5.989826
4294357680,broadleaved,37.3919044,-5.9897058
4294357681,broadleaved,37.3919073,-5.9897745
4294357707,broadleaved,37.3920042,-5.9896947
4294357708,broadleaved,37.3920068,-5.9897711
4294357721,Platanus × hispanica,37.3920733,-5.9896483
4294357722,Platanus × hispanica,37.3920792,-5.9898057
4294357727,Citrus × aurantium,37.3921209,-5.9898856
4294357728,Platanus × hispanica,37.3921301,-5.9896441
4294357729,Platanus × hispanica,37.3921351,-5.9898023
4294357733,Citrus × aurantium,37.3921839,-5.9898805
4294357735,Platanus × hispanica,37.3921876,-5.9896401
4294357736,Platanus × hispanica,37.3921911,-5.9897973
4294357741,Citrus × aurantium,37.392245,-5.9898754
4294357760,Citrus × aurantium,37.3923078,-5.9898834
4294357763,Citrus × aurantium,37.3923322,-5.9899528
4294357765,broadleaved,37.3923425,-5.9896403
4294357766,broadleaved,37.3923466,-5.9897659
4294357768,Citrus × aurantium,37.3923546,-5.9900172
4294357773,Citrus × aurantium,37.3925615,-5.989696
4294357774,Citrus × aurantium,37.3925647,-5.989643
4294357776,Citrus × aurantium,37.3925778,-5.9895673
4294357778,Citrus × aurantium,37.392595,-5.9895176
4294357782,needleleaved,37.3926407,-5.9902224
4294357791,Citrus × aurantium,37.3927704,-5.9902024
4296675777,Citrus × aurantium,37.3937868,-5.9928067
4296675782,Citrus × aurantium,37.3938158,-5.9928226
4296675789,Citrus × aurantium,37.393845,-5.9928375
4296675792,Citrus × aurantium,37.3938744,-5.9928527
4296675793,Citrus × aurantium,37.3938892,-5.9928179
4296675797,Citrus × aurantium,37.3939015,-5.9927812
4296675798,Citrus × aurantium,37.3939157,-5.9927456
4296791790,Citrus × aurantium,37.393399,-5.9895377
4296791791,Citrus × aurantium,37.3934232,-5.9896244
4296791792,Citrus × aurantium,37.3934445,-5.9895161
4296791793,Citrus × aurantium,37.3934695,-5.989601
4296791794,Citrus × aurantium,37.3935244,-5.9895746
4296791796,Citrus × aurantium,37.3935483,-5.9894854
4296791797,Citrus × aurantium,37.3935724,-5.9895517
4296791799,Citrus × aurantium,37.3936036,-5.9894587
4296791800,Citrus × aurantium,37.3936263,-5.989525
4296791804,Citrus × aurantium,37.3936491,-5.9894367
4296791806,Citrus × aurantium,37.3936749,-5.9895004
4296791809,Citrus × aurantium,37.3937027,-5.9894108
4296791811,Citrus × aurantium,37.3937251,-5.989477
4296791817,Citrus × aurantium,37.3937484,-5.9893878
4296791821,Citrus × aurantium,37.3937751,-5.9894515
4296791823,Citrus × aurantium,37.3938046,-5.9893603
4296791830,Citrus × aurantium,37.393825,-5.9894291
4296791833,Citrus × aurantium,37.3938524,-5.9893347
4296791836,Citrus × aurantium,37.3938734,-5.9894045
4296791841,Citrus × aurantium,37.3939046,-5.9893106
4296791843,Citrus × aurantium,37.3939215,-5.9893803
4296791846,Citrus × aurantium,37.3939494,-5.9892885
4296791848,Citrus × aurantium,37.3939689,-5.9893601
4296791853,Citrus × aurantium,37.3940024,-5.9892621
4296791861,Citrus × aurantium,37.3940231,-5.9893318
4296791866,Citrus × aurantium,37.3940564,-5.9892364
4296792108,Citrus × aurantium,37.3942328,-5.989148
4296792123,Citrus × aurantium,37.3942768,-5.9891292
4296792130,Citrus × aurantium,37.3942962,-5.9891973
4296792138,Citrus × aurantium,37.3943284,-5.9891033
4296792146,Citrus × aurantium,37.3943456,-5.9891736
4296792153,Citrus × aurantium,37.3943647,-5.9890847
4296792161,Citrus × aurantium,37.3943958,-5.9891483
4296792173,Citrus × aurantium,37.3944285,-5.9890538
4296792176,Citrus × aurantium,37.3944449,-5.989124
4296792179,Citrus × aurantium,37.3944759,-5.9890308
4296792183,Citrus × aurantium,37.3944957,-5.9890996
4296792188,Citrus × aurantium,37.3945216,-5.9889994
4296792190,Citrus × aurantium,37.3945493,-5.9890718
4296792191,Citrus × aurantium,37.3945514,-5.9889656
4296792193,Citrus × aurantium,37.3945949,-5.9890467
4296792194,Citrus × aurantium,37.3946188,-5.988866
4296792195,Citrus × aurantium,37.3946298,-5.9888148
4296792200,Citrus × aurantium,37.3946472,-5.9889598
4296792202,Citrus × aurantium,37.3946667,-5.9887611
4296792204,Citrus × aurantium,37.3947016,-5.9887068
4296792205,Citrus × aurantium,37.3947384,-5.9886531
4296792208,Citrus × aurantium,37.3947721,-5.9885982
4296792209,Citrus × aurantium,37.394809,-5.9885454
4296792211,Citrus × aurantium,37.3949111,-5.988471
4296792212,Citrus × aurantium,37.394943,-5.9884712
4296792213,Citrus × aurantium,37.3949879,-5.9884678
4296792214,Citrus × aurantium,37.3950197,-5.9884685
4302338836,broadleaved,37.3927801,-5.9950918
4302338837,broadleaved,37.3927852,-5.9950095
4302338838,broadleaved,37.3927922,-5.9949216
4334200979,Citrus × aurantium,37.3911434,-5.9913174
4334200980,Citrus × aurantium,37.3911503,-5.9913746
4334200982,Citrus × aurantium,37.3911566,-5.9914322
4334200984,Citrus × aurantium,37.3911636,-5.9914898
4334200986,Citrus × aurantium,37.3911705,-5.9915472
4334201789,Citrus × aurantium,37.3911771,-5.991605
4342971889,Citrus × aurantium,37.3908047,-5.9964976
4342971898,Citrus × aurantium,37.390844,-5.9963814
4342971908,Citrus × aurantium,37.3908878,-5.9962514
4342971927,Citrus × aurantium,37.3909629,-5.9959207
4342971939,Citrus × aurantium,37.3909865,-5.9957819
4342971944,Citrus × aurantium,37.3910091,-5.9956431
4354092067,Citrus × aurantium,37.3900401,-5.9970862
4357602267,broadleaved,37.3928845,-5.9867136
4357602270,broadleaved,37.3929087,-5.9866354
4357602276,broadleaved,37.3929243,-5.9868077
4357602283,broadleaved,37.3929386,-5.9865362
4357602489,broadleaved,37.3929625,-5.9864579
4357602493,broadleaved,37.3929797,-5.9868709
4357602509,broadleaved,37.3930202,-5.9868688
4357602515,broadleaved,37.3930245,-5.9865361
4357602517,Citrus × aurantium,37.393025,-5.9879915
4357602518,broadleaved,37.3930276,-5.98693
4357602521,Citrus × aurantium,37.3930401,-5.9879422
4357602524,broadleaved,37.3930546,-5.9869642
4357602526,broadleaved,37.3930576,-5.9866028
4357602530,Citrus × aurantium,37.3930682,-5.9879066
4357602537,broadleaved,37.3930875,-5.9866613
4357602539,Jacaranda,37.3931,-5.9877473
4357602542,Citrus × aurantium,37.3931062,-5.9879042
4357602543,broadleaved,37.3931087,-5.9867032
4357602544,Jacaranda,37.3931097,-5.9877094
4357602549,broadleaved,37.3931263,-5.9868086
4357602551,Jacaranda,37.3931282,-5.987634
4357602556,broadleaved,37.3931439,-5.9868963
4357602557,Jacaranda,37.3931439,-5.9875977
4357602559,Jacaranda,37.3931458,-5.9876822
4357602560,Citrus × aurantium,37.3931465,-5.9879188
4357602561,Jacaranda,37.3931513,-5.9875603
4357602566,Jacaranda,37.3931631,-5.9875238
4357602570,Jacaranda,37.3931717,-5.9874849
4357602574,Jacaranda,37.3931824,-5.9874488
4357602579,Jacaranda,37.3932063,-5.9878446
4357602580,Jacaranda,37.3932089,-5.9873336
4357602582,Jacaranda,37.3932133,-5.9878082
4357602585,Jacaranda,37.3932184,-5.9872961
4357602587,Jacaranda,37.393222,-5.9877722
4357602595,Jacaranda,37.3932456,-5.9876961
4357602598,Jacaranda,37.3932562,-5.9876549
4357602599,Jacaranda,37.3932563,-5.9872241
4357602601,Citrus × aurantium,37.3932808,-5.9871125
4357602602,Jacaranda,37.3932878,-5.9875094
4357602606,Jacaranda,37.3933221,-5.9878915
4357602607,Citrus × aurantium,37.3933225,-5.9871275
4357602608,Jacaranda,37.3933321,-5.9878569
4357602609,Citrus × aurantium,37.3933379,-5.9879804
4357602610,Jacaranda,37.3933397,-5.9873093
4357602611,Jacaranda,37.3933426,-5.9878177
4357602613,Citrus × aurantium,37.393365,-5.9871439
4357602614,Citrus × aurantium,37.3933678,-5.9879668
4357602615,Jacaranda,37.3933704,-5.9877636
4357602616,Citrus × aurantium,37.393372,-5.9861051
4357602617,Jacaranda,37.3933794,-5.9876706
4357602619,Citrus × aurantium,37.3933832,-5.9860484
4357602620,Citrus × aurantium,37.3933949,-5.98599
4357602622,Citrus × aurantium,37.3934066,-5.9871599
4357602623,Jacaranda,37.3934152,-5.9875516
4357602624,Jacaranda,37.3934198,-5.9875186
4357602625,Citrus × aurantium,37.3934201,-5.9878856
4357602626,Citrus × aurantium,37.3934347,-5.9878298
4357602627,Citrus × aurantium,37.3934491,-5.9877743
4357602628,Citrus × aurantium,37.3934514,-5.9871774
4357602630,Jacaranda,37.3934612,-5.9873759
4357602631,Citrus × aurantium,37.3934629,-5.9877216
4357602632,Jacaranda,37.3934725,-5.9873065
4357602633,Citrus × aurantium,37.3934762,-5.9876688
4357602634,Citrus × aurantium,37.3934925,-5.9876137
4357602635,Citrus × aurantium,37.3935052,-5.9875604
4357602638,Citrus × aurantium,37.3935381,-5.9872106
4361742369,Citrus × aurantium,37.3948556,-5.9855877
4361742373,Citrus × aurantium,37.3949029,-5.9856197
4361742383,Citrus × aurantium,37.3949521,-5.9856572
4361742389,Citrus × aurantium,37.3950005,-5.9856928
4361742394,Citrus × aurantium,37.3950429,-5.9857265
4363369221,Citrus × aurantium,37.3898239,-5.9907469
4363369222,Citrus × aurantium,37.389833,-5.9908312
4363369223,Citrus × aurantium,37.3898605,-5.9907152
4363369224,Citrus × aurantium,37.3898729,-5.9908031
4363369225,Citrus × aurantium,37.389901,-5.9906804
4363369226,Citrus × aurantium,37.3899145,-5.9907766
4363369227,Citrus × aurantium,37.38994,-5.9906463
4363369228,Citrus × aurantium,37.390027,-5.9905739
4363369229,Citrus × aurantium,37.390064,-5.9905417
4363369230,Citrus × aurantium,37.3900743,-5.9906731
4363369231,Citrus × aurantium,37.3900998,-5.9905115
4363369258,Citrus × aurantium,37.3906226,-5.9900827
4363369260,Citrus × aurantium,37.3906375,-5.9901411
4363369262,Citrus × aurantium,37.3906497,-5.9901904
4363369277,Citrus × aurantium,37.3907567,-5.9903558
4363369286,Citrus × aurantium,37.3907918,-5.9903466
4363369490,Citrus × aurantium,37.3908045,-5.9914448
4363369491,Citrus × aurantium,37.3908121,-5.9914718
4363369493,Citrus × aurantium,37.3908191,-5.9914977
4363369494,Citrus × aurantium,37.3908207,-5.9903244
4363369496,Citrus × aurantium,37.390826,-5.9914348
4363369497,Citrus × aurantium,37.3908332,-5.9914624
4363369498,Citrus × aurantium,37.3908383,-5.9903887
4363369499,Citrus × aurantium,37.3908402,-5.9914888
4363369507,Citrus × aurantium,37.3910156,-5.9910188
4387560485,jacaranda mimosifolia,37.3874603,-5.9723294
4387561090,broadleaved,37.3876282,-5.9721342
4390196517,Ficus macrophylla,37.3852986,-6.0030786
4393283570,Citrus × aurantium,37.3813038,-5.9698972
4393283582,Citrus × aurantium,37.3813493,-5.9698917
4393283598,Citrus × aurantium,37.3813976,-5.9699371
4393283600,Citrus × aurantium,37.3814084,-5.9699982
4393283602,Citrus × aurantium,37.3814199,-5.9700566
4393283607,Citrus × aurantium,37.3814502,-5.9702185
4393283612,Citrus × aurantium,37.381468,-5.9699171
4393283613,Citrus × aurantium,37.3814786,-5.9699761
4393283614,Citrus × aurantium,37.3814801,-5.9703793
4393283617,Citrus × aurantium,37.3814901,-5.9700373
4393283620,Citrus × aurantium,37.3814944,-5.9704553
4393283621,Citrus × aurantium,37.3814966,-5.9698735
4393283622,Citrus × aurantium,37.3815073,-5.9705249
4393283625,Citrus × aurantium,37.3815198,-5.9701987
4393283628,Citrus × aurantium,37.3815371,-5.9706818
4393283629,Citrus × aurantium,37.3815431,-5.96987
4393283630,Citrus × aurantium,37.3815502,-5.9703578
4393283633,Citrus × aurantium,37.3815684,-5.9708387
4393283634,Citrus × aurantium,37.3815789,-5.9705051
4393283636,Citrus × aurantium,37.3815981,-5.9709908
4393283637,Citrus × aurantium,37.3816077,-5.9706602
4393283638,Citrus × aurantium,37.3816118,-5.9710613
4393283639,Citrus × aurantium,37.3816252,-5.9711352
4393283640,Citrus × aurantium,37.3816384,-5.9708174
4393283641,Citrus × aurantium,37.3816535,-5.9712979
4393283642,Citrus × aurantium,37.3816695,-5.9709716
4393283643,Citrus × aurantium,37.381694,-5.9711145
4393283644,Citrus × aurantium,37.3817194,-5.9716795
4393283645,Citrus × aurantium,37.3817269,-5.971277
4393283646,Citrus × aurantium,37.38173,-5.9717373
4393283647,Citrus × aurantium,37.3817398,-5.9717883
4393283648,Citrus × aurantium,37.3817503,-5.9718433
4393283649,Citrus × aurantium,37.3817599,-5.9718941
4393283650,Citrus × aurantium,37.3817707,-5.9719514
4393283651,Citrus × aurantium,37.3817801,-5.9720027
4393283652,Citrus × aurantium,37.3817906,-5.9720567
4393283653,Citrus × aurantium,37.3818013,-5.9721114
4393283654,Citrus × aurantium,37.381812,-5.9721677
4393283655,Citrus × aurantium,37.3818165,-5.9717602
4393283656,Citrus × aurantium,37.3818198,-5.9722089
4393283657,Citrus × aurantium,37.3818327,-5.9722745
4393283658,Citrus × aurantium,37.3818425,-5.9723264
4393283659,Citrus × aurantium,37.3818488,-5.9719203
4393283660,Citrus × aurantium,37.3818654,-5.9724414
4393283661,Citrus × aurantium,37.3818742,-5.972499
4393283662,Citrus × aurantium,37.3818802,-5.9720828
4393283663,Citrus × aurantium,37.3818849,-5.9725495
4393283664,Citrus × aurantium,37.3818944,-5.9726008
4393283665,Citrus × aurantium,37.3819039,-5.9726465
4393283666,Citrus × aurantium,37.3819111,-5.9722437
4393283667,Citrus × aurantium,37.3819155,-5.9727041
4393283668,Citrus × aurantium,37.3819242,-5.9727545
4393283669,Citrus × aurantium,37.3819336,-5.9728067
4393283670,Citrus × aurantium,37.381937,-5.972387
4393283671,Citrus × aurantium,37.3819467,-5.9728742
4393283672,Citrus × aurantium,37.3819558,-5.9729187
4393283673,Citrus × aurantium,37.3819655,-5.9729715
4393283674,Citrus × aurantium,37.3819753,-5.9730288
4393283675,Citrus × aurantium,37.3819843,-5.9730724
4393283676,Citrus × aurantium,37.3819927,-5.9731195
4393283677,Citrus × aurantium,37.3820036,-5.9731771
4393283678,Citrus × aurantium,37.3820535,-5.9730001
4398416581,desconocida,37.3777282,-5.9909549
4398416582,desconocida,37.377805,-5.9911253
4399041917,Citrus × aurantium,37.389525,-5.9979928
4399041921,Citrus × aurantium,37.3895519,-5.997951
4399041923,Citrus × aurantium,37.3895599,-5.9980278
4399041928,Citrus × aurantium,37.3895828,-5.997903
4399041932,Citrus × aurantium,37.3895866,-5.9979845
4399041935,Citrus × aurantium,37.3896148,-5.9979382
4399041945,Citrus × aurantium,37.3898289,-5.997704
4399041950,Citrus × aurantium,37.3898618,-5.9976529
4399041953,Citrus × aurantium,37.3898916,-5.997602
4399041957,Citrus × aurantium,37.389917,-5.9975577
4402401455,Platanus × hispanica,37.3876632,-6.0013967
4402401458,Citrus × aurantium,37.3877115,-6.0014169
4402401459,Platanus × hispanica,37.3877155,-6.0010027
4402401462,Citrus × aurantium,37.3877489,-6.0014648
4402401468,Citrus × aurantium,37.3877848,-6.0015126
4402401469,Platanus × hispanica,37.3877972,-6.0009178
4402401470,Platanus × hispanica,37.3878042,-6.0012257
4402401472,Citrus × aurantium,37.3878202,-6.0015582
4402401475,Platanus × hispanica,37.387837,-6.0008767
4402401476,Citrus × aurantium,37.3878391,-6.0013747
4402401480,Platanus × hispanica,37.3878445,-6.0011843
4402401482,Platanus × hispanica,37.3878767,-6.0008358
4402401483,Citrus × aurantium,37.3878896,-6.0014259
4402401487,Platanus × hispanica,37.3879203,-6.0007904
4402405090,Platanus × hispanica,37.3879261,-6.0011001
4402405094,Platanus × hispanica,37.3879574,-6.0007521
4402405097,Platanus × hispanica,37.3879675,-6.001057
4402405101,Platanus × hispanica,37.3880064,-6.0010169
4402405104,Platanus × hispanica,37.3880381,-6.0006695
4402405108,Platanus × hispanica,37.3880461,-6.000976
4402405114,Platanus × hispanica,37.3880907,-6.0009299
4402405120,Platanus × hispanica,37.3881195,-6.0005857
4402405125,Platanus × hispanica,37.3881314,-6.0008884
4402405143,Platanus × hispanica,37.3882165,-6.0008003
4402405147,Platanus × hispanica,37.3882581,-6.000755
4402405166,Platanus × hispanica,37.3883453,-6.0006822
4402405174,Platanus × hispanica,37.3884483,-6.0002361
4402405175,Platanus × hispanica,37.3884919,-6.0001908
4402405177,Platanus × hispanica,37.3885305,-6.0001506
4402405187,Platanus × hispanica,37.3885714,-6.0004257
4402405188,Platanus × hispanica,37.3885719,-6.000107
4402405294,Platanus × hispanica,37.388592,-6.0007604
4402405295,Platanus × hispanica,37.3886105,-6.0000671
4402405296,Platanus × hispanica,37.3886125,-6.0003827
4402405297,Platanus × hispanica,37.3886428,-6.000565
4402405298,Platanus × hispanica,37.3886486,-6.0003452
4402405299,Platanus × hispanica,37.3886532,-6.0000226
4402405300,Platanus × hispanica,37.3886549,-6.0007823
4402405302,Platanus × hispanica,37.3887063,-6.000801
4402405303,Platanus × hispanica,37.3887318,-6.0002588
4402405304,Platanus × hispanica,37.3887332,-5.9999394
4402405305,Platanus × hispanica,37.3887704,-6.0002183
4402405306,Platanus × hispanica,37.3887706,-6.000824
4402405311,Platanus × hispanica,37.3888116,-6.0001761
4402405312,Platanus × hispanica,37.3888215,-6.0008424
4402405313,Platanus × hispanica,37.3888513,-6.0001342
4402405314,Platanus × hispanica,37.3888556,-5.9998116
4402405315,Platanus × hispanica,37.3888785,-6.0008626
4402405317,Platanus × hispanica,37.3888924,-6.0000914
4402405322,Platanus × hispanica,37.3889328,-6.0000499
4402405323,Platanus × hispanica,37.3889347,-5.9997289
4402405330,Platanus × hispanica,37.3889707,-6.0000103
4402405334,Platanus × hispanica,37.3889811,-6.0009
4402405335,Platanus × hispanica,37.3889814,-5.9996805
4402405341,Platanus × hispanica,37.3890132,-5.999966
4402405362,Platanus × hispanica,37.3890901,-5.9998859
4402405363,Platanus × hispanica,37.3890902,-6.0009426
4402405382,broadleaved,37.3891373,-5.9995208
4402405384,Platanus × hispanica,37.3891434,-5.9998301
4402405386,Platanus × hispanica,37.3891476,-6.000964
4402405402,broadleaved,37.3891799,-5.9995611
4402405405,Platanus × hispanica,37.3891893,-6.0007588
4402405416,Citrus × aurantium,37.3892242,-5.9998328
4402405421,Platanus × hispanica,37.3892416,-6.0007782
4402405424,Citrus × aurantium,37.3892583,-5.9998824
4402405433,Platanus × hispanica,37.3892799,-6.0010031
4402405436,Citrus × aurantium,37.3892896,-5.9999273
4402405440,Citrus × aurantium,37.389301,-5.9997528
4402405447,Citrus × aurantium,37.3893182,-5.9999691
4402405456,Platanus × hispanica,37.3893406,-6.0008126
4402405458,Platanus × hispanica,37.3893439,-6.0010262
4402405461,Citrus × aurantium,37.3893496,-6.0000142
4402405464,Citrus × aurantium,37.3893648,-5.9998421
4402405467,Citrus × aurantium,37.3893852,-6.0000655
4402405474,Citrus × aurantium,37.3893945,-5.9998876
4402405476,Platanus × hispanica,37.3894014,-6.0008339
4402405477,Citrus × aurantium,37.3894126,-6.0001048
4402405479,Citrus × aurantium,37.3894234,-5.9999294
4402405483,Citrus × aurantium,37.3894438,-6.0001499
4402405484,Citrus × aurantium,37.3894503,-5.999968
4402405488,Citrus × aurantium,37.3894696,-6.0001875
4402405691,Citrus × aurantium,37.3894812,-6.0000131
4402405697,Citrus × aurantium,37.3895112,-6.0000558
4402405700,Platanus × hispanica,37.3895257,-6.0008781
4402405705,Citrus × aurantium,37.389549,-6.0001102
4402405707,Citrus × aurantium,37.3895532,-6.0003103
4402405710,Citrus × aurantium,37.3895846,-6.0001619
4402405712,Citrus × aurantium,37.3895885,-6.0003612
4402405713,Platanus × hispanica,37.38959,-6.0009051
4402405715,Platanus × hispanica,37.3896135,-6.0011295
4402405716,Citrus × aurantium,37.3896177,-6.0004034
4402405721,Citrus × aurantium,37.3896348,-6.0002339
4402405725,Citrus × aurantium,37.3896478,-6.0004466
4402405728,Citrus × aurantium,37.3896647,-6.0002771
4402405729,Citrus × aurantium,37.389678,-6.0004902
4402405732,Citrus × aurantium,37.3896944,-6.0003202
4402405735,Platanus × hispanica,37.3897048,-6.0009466
4402405736,Citrus × aurantium,37.3897071,-6.000532
4402405740,Citrus × aurantium,37.389719,-6.0003552
4402405742,Platanus × hispanica,37.3897318,-6.0011719
4402405743,Citrus × aurantium,37.3897399,-6.0005798
4402405746,Citrus × aurantium,37.389753,-6.0004048
4402405747,Citrus × aurantium,37.3897713,-6.0006249
4402405748,Citrus × aurantium,37.3897828,-6.0004476
4402405749,Platanus × hispanica,37.3897946,-6.0011947
4402405750,Citrus × aurantium,37.3898006,-6.0006673
4402405751,Citrus × aurantium,37.3898137,-6.0004919
4402405752,Citrus × aurantium,37.3898293,-6.000708
4402405753,Citrus × aurantium,37.3898435,-6.0005347
4402405754,Citrus × aurantium,37.3898563,-6.0007468
4402405757,Citrus × aurantium,37.3898723,-6.0005763
4402405758,Citrus × aurantium,37.3898834,-6.0007862
4402405760,Platanus × hispanica,37.3898902,-6.0010113
4402405761,Citrus × aurantium,37.3898979,-6.0006127
4402405765,Citrus × aurantium,37.3899225,-6.0006487
4402405767,Platanus × hispanica,37.3899437,-6.0009949
4402405770,Citrus × aurantium,37.3899575,-6.0008928
4402405776,Citrus × aurantium,37.3899862,-6.0007405
4402405784,Citrus × aurantium,37.3900204,-6.0007896
4402406091,Citrus × aurantium,37.3900638,-6.0008518
4402877474,Platanus × hispanica,37.3867521,-5.9992118
4404133802,broadleaved,37.3818077,-5.9866958
4404133804,broadleaved,37.3818177,-5.9867333
4404133807,broadleaved,37.3818277,-5.9867722
4404133811,broadleaved,37.3818385,-5.98681
4404133813,broadleaved,37.3818486,-5.9868469
4404133818,broadleaved,37.381858,-5.9868871
4404133821,broadleaved,37.3818684,-5.9869241
4404133822,broadleaved,37.3818789,-5.9869627
4404133824,broadleaved,37.3818883,-5.9870011
4404133827,broadleaved,37.3818989,-5.9870386
4404133829,broadleaved,37.3819093,-5.9870767
4404133830,broadleaved,37.3819188,-5.9871126
4404133831,broadleaved,37.3819297,-5.9871519
4404133833,broadleaved,37.3819414,-5.9871939
4404133834,broadleaved,37.3819514,-5.9872331
4404133835,broadleaved,37.3819613,-5.9872687
4404133837,broadleaved,37.3819722,-5.9873088
4404133838,broadleaved,37.3819823,-5.987347
4404133840,broadleaved,37.3819918,-5.9873821
4404133841,broadleaved,37.3820018,-5.9874204
4404133843,broadleaved,37.3820114,-5.9874544
4404133844,broadleaved,37.3820221,-5.9874928
4404133846,broadleaved,37.3820325,-5.9875317
4404133848,broadleaved,37.3820432,-5.987572
4413305553,Citrus × aurantium,37.3884048,-6.0018216
4413305560,Citrus × aurantium,37.3884431,-6.0018459
4413305572,Citrus × aurantium,37.3884845,-6.0018724
4413305579,Citrus × aurantium,37.3885247,-6.0018979
4413305582,Citrus × aurantium,37.388565,-6.0019242
4413305585,Citrus × aurantium,37.388645,-6.0019758
4413305588,Citrus × aurantium,37.3886852,-6.0020019
4413305789,Citrus × aurantium,37.3887241,-6.0020267
4416257200,Citrus × aurantium,37.3771334,-5.9773183
4416257210,Citrus × aurantium,37.3771859,-5.9773379
4416257221,Citrus × aurantium,37.3772377,-5.9773577
4416257236,Citrus × aurantium,37.37729,-5.9773773
4416257264,Citrus × aurantium,37.3773419,-5.9773967
4416257294,Citrus × aurantium,37.3773934,-5.9774159
4416257324,Citrus × aurantium,37.3774454,-5.9774365
4416257335,Citrus × aurantium,37.377497,-5.9774558
4416257345,Citrus × aurantium,37.3775501,-5.9774754
4416257354,Citrus × aurantium,37.3776016,-5.977495
4416257360,Citrus × aurantium,37.377654,-5.9775148
4416257364,Citrus × aurantium,37.3777058,-5.9775347
4420225657,Citrus × aurantium,37.3872453,-5.9934338
4420225658,Citrus × aurantium,37.3872822,-5.9934384
4420225659,Citrus × aurantium,37.3873179,-5.9934427
4420225662,Citrus × aurantium,37.3873535,-5.9934497
4420225700,broadleaved,37.3880505,-5.9941773
4420225702,broadleaved,37.3880704,-5.9939144
4420225767,Citrus × aurantium,37.3892673,-5.9908438
4420225768,Citrus × aurantium,37.3892768,-5.9908976
4420225770,Citrus × aurantium,37.3893008,-5.9910206
4436126766,broadleaved,37.3878035,-5.9586138
4436126771,broadleaved,37.3878452,-5.9586121
4436126776,broadleaved,37.3878847,-5.9586074
4436126780,broadleaved,37.387928,-5.9586014
4436126783,broadleaved,37.3879757,-5.9585975
4436126786,broadleaved,37.3880249,-5.9585926
4436126787,broadleaved,37.3880736,-5.9585881
4453328562,Platanus × hispanica,37.3899816,-6.0012617
4453328571,Platanus × hispanica,37.3900428,-6.0012833
4453328586,Platanus × hispanica,37.3901024,-6.0013049
4453328676,broadleaved,37.3906604,-6.0034009
4453328677,broadleaved,37.3906609,-6.0033281
4453328679,broadleaved,37.3906619,-6.003197
4453328685,broadleaved,37.3906807,-6.0035125
4453328688,broadleaved,37.3906841,-6.0030697
4453328689,broadleaved,37.390692,-6.0032246
4453328693,broadleaved,37.3907133,-6.0033407
4453328694,broadleaved,37.3907161,-6.0031018
4453328696,broadleaved,37.3907253,-6.0032655
4453328701,broadleaved,37.390747,-6.003134
4472057417,broadleaved,37.3746171,-6.0277997
4494715340,desconocida,37.3751188,-6.0277014
4508939791,Citrus × aurantium,37.3863325,-5.9965739
4530707971,needleleaved,37.3942008,-6.0100632
4530707972,needleleaved,37.3941492,-6.0100766
4530707973,needleleaved,37.3940959,-6.0100917
4530707974,needleleaved,37.3940437,-6.0101054
4530707975,needleleaved,37.3939875,-6.0101195
4530707976,needleleaved,37.3915057,-6.0107867
4530707977,needleleaved,37.3915581,-6.010772
4530707978,needleleaved,37.3916106,-6.0107579
4530707979,needleleaved,37.3916636,-6.0107435
4530707980,needleleaved,37.3917158,-6.0107301
4530707981,needleleaved,37.3917702,-6.0107156
4530707982,needleleaved,37.3918224,-6.0107019
4530707983,needleleaved,37.3918746,-6.0106881
4530707984,needleleaved,37.3919279,-6.0106741
4530708009,needleleaved,37.3934606,-6.0102626
4530708010,needleleaved,37.3935128,-6.0102481
4530708011,needleleaved,37.3935666,-6.0102341
4530708012,needleleaved,37.3936197,-6.0102196
4530708013,needleleaved,37.3936719,-6.0102056
4530708014,needleleaved,37.3937254,-6.0101908
4530708015,needleleaved,37.3934066,-6.0102766
4530708016,needleleaved,37.3933544,-6.0102907
4530708017,needleleaved,37.3933021,-6.0103048
4530708018,needleleaved,37.3932483,-6.0103189
4530708019,needleleaved,37.3931956,-6.0103336
4530708020,needleleaved,37.3931418,-6.0103477
4530708021,needleleaved,37.3930885,-6.0103625
4530708022,needleleaved,37.3930358,-6.0103752
4530708099,needleleaved,37.3922213,-6.0105939
4530708100,needleleaved,37.3922748,-6.0105798
4530708101,needleleaved,37.392379,-6.0105509
4530708102,needleleaved,37.392432,-6.0105375
4530708103,needleleaved,37.392485,-6.0105238
4530708104,needleleaved,37.392537,-6.0105097
4530708105,needleleaved,37.39259,-6.010496
4530708106,needleleaved,37.3926427,-6.0104812
4530708107,needleleaved,37.3926952,-6.0104668
4530708108,needleleaved,37.3927548,-6.010451
4530708109,needleleaved,37.3927991,-6.0104386
4534010836,Magniliopsida,37.430784,-5.9814006
4534818874,desconocida,37.4234198,-5.9838648
4535102896,desconocida,37.4232857,-5.9863235
4550051059,desconocida,37.4265386,-5.9847515
4550051303,desconocida,37.4263435,-5.9863967
4550853901,Grevillea robusta,37.429068,-5.9810642
4550853902,Grevillea robusta,37.4291297,-5.9810441
4564744858,Magniliopsida,37.4281281,-5.9834573
4564952954,Magniliopsida,37.4293187,-5.9818692
4564966711,Magniliopsida,37.4308278,-5.9817224
4564966713,Magniliopsida,37.4302944,-5.9815627
4568546315,Magniliopsida,37.4286854,-5.9815971
4568546318,Magniliopsida,37.4287025,-5.9816803
4568546321,Magniliopsida,37.4288129,-5.9815652
4568563114,Magniliopsida,37.4297908,-5.9813381
4568563115,Magniliopsida,37.4297748,-5.981253
4568563127,Magniliopsida,37.4298975,-5.9813197
4568563128,Magniliopsida,37.4298858,-5.9812339
4568618227,Jacaranda,37.3878657,-5.9980345
4568618228,Jacaranda,37.3879308,-5.9979599
4568618229,Jacaranda,37.387873,-5.9978765
4568618230,Jacaranda,37.3878056,-5.9979511
4568618231,Citrus × aurantium,37.3867737,-5.9967491
4568618232,Citrus × aurantium,37.3868048,-5.9967871
4568618233,Citrus × aurantium,37.3868333,-5.996824
4568618234,Citrus × aurantium,37.3868636,-5.9968622
4568618235,Citrus × aurantium,37.3868911,-5.9968984
4568618236,Citrus × aurantium,37.386921,-5.9969373
4568618237,Citrus × aurantium,37.3869509,-5.9969736
4568618238,Citrus × aurantium,37.3869801,-5.9970105
4568618239,Citrus × aurantium,37.3870398,-5.9970881
4568618240,Citrus × aurantium,37.3870852,-5.9971467
4568618241,Citrus × aurantium,37.3871215,-5.9971948
4568618242,Citrus × aurantium,37.3871567,-5.9972392
4568618243,Citrus × aurantium,37.3872292,-5.9973302
4568618244,Citrus × aurantium,37.3872563,-5.9973644
4568618245,Citrus × aurantium,37.3872836,-5.9973986
4568618246,Citrus × aurantium,37.3873101,-5.9974323
4568618247,Citrus × aurantium,37.3873809,-5.9975233
4568618248,Citrus × aurantium,37.3874205,-5.9975758
4568618249,Citrus × aurantium,37.3874863,-5.9976594
4568618250,Citrus × aurantium,37.3875175,-5.9976995
4568618251,Citrus × aurantium,37.3875488,-5.9977401
4568618252,Citrus × aurantium,37.3875813,-5.9977801
4713200991,desconocida,37.3841777,-5.9906447
4713200995,desconocida,37.3841401,-5.9907288
4713201005,desconocida,37.3842448,-5.9907872
4713201007,desconocida,37.3842753,-5.9907235
4819689721,palm,37.3762036,-6.0075268
4819689722,palm,37.3762489,-6.0074388
4819689723,Citrus × aurantium,37.3762811,-6.0073803
4819689724,Citrus × aurantium,37.3763054,-6.0073289
4819689725,Citrus × aurantium,37.3763266,-6.0072844
4819689726,Citrus × aurantium,37.3763502,-6.007238
4819689727,Citrus × aurantium,37.3763793,-6.0071796
4819689728,Citrus × aurantium,37.3764036,-6.0071312
4819689729,Citrus × aurantium,37.3762371,-6.0073447
4819689730,Citrus × aurantium,37.3762606,-6.0073042
4819689731,Citrus × aurantium,37.3762928,-6.0072538
4819689732,Citrus × aurantium,37.3763148,-6.0072024
4819689733,Citrus × aurantium,37.3763471,-6.007149
4819689734,Citrus × aurantium,37.3763667,-6.0071035
4819695469,palm,37.376001,-6.0078216
4819695474,Citrus × aurantium,37.3760542,-6.0078067
4819695475,Citrus × aurantium,37.3760809,-6.0077671
4819695476,Citrus × aurantium,37.3761068,-6.0077197
4819695477,Citrus × aurantium,37.3761312,-6.0076712
4819695478,Citrus × aurantium,37.3761587,-6.0076238
4819695479,Citrus × aurantium,37.3761759,-6.0075852
4819695480,Citrus × aurantium,37.3760157,-6.0077721
4819695481,Citrus × aurantium,37.3760361,-6.0077256
4819695482,Citrus × aurantium,37.3760644,-6.0076821
4819695483,Citrus × aurantium,37.3760856,-6.0076366
4819695484,Citrus × aurantium,37.3761076,-6.0075911
4819695485,Citrus × aurantium,37.3761296,-6.0075476
4828484281,broadleaved,37.3927062,-5.9544828
4828484282,broadleaved,37.392755,-5.9543873
4828484283,broadleaved,37.3928043,-5.9542909
4828484284,broadleaved,37.3928525,-5.9541961
4828484285,broadleaved,37.3929018,-5.9541009
4828484286,broadleaved,37.392941,-5.9540228
4867779637,broadleaved,37.3845092,-5.9832425
4867779638,broadleaved,37.3844919,-5.9831044
4867779639,broadleaved,37.3844809,-5.9830756
4867779640,broadleaved,37.3844732,-5.9830151
4867779641,broadleaved,37.3844669,-5.9829824
4867779642,broadleaved,37.3846517,-5.9839111
4867779648,Citrus × aurantium,37.3856672,-5.9859026
4867779649,Citrus × aurantium,37.3856444,-5.9858367
4867779650,Citrus × aurantium,37.385623,-5.9857791
4867779651,Citrus × aurantium,37.3855996,-5.9857176
4867779652,Citrus × aurantium,37.3855784,-5.9856575
4867779658,broadleaved,37.3845792,-5.9825043
4867779659,broadleaved,37.3845622,-5.9823946
4867779660,broadleaved,37.3845273,-5.9822411
4867779663,broadleaved,37.3843861,-5.980508
4867779664,broadleaved,37.3843983,-5.9805717
4867779667,broadleaved,37.3844564,-5.9820892
4867779668,broadleaved,37.3844879,-5.9819454
4867779669,broadleaved,37.3844828,-5.9818766
4867779670,broadleaved,37.3844769,-5.981771
4867779672,broadleaved,37.3844719,-5.9816332
4867779673,broadleaved,37.3844753,-5.9817019
4867779674,broadleaved,37.3844213,-5.9816959
4867779675,broadleaved,37.384417,-5.9816067
4867779684,broadleaved,37.3842337,-5.9825532
4867779685,broadleaved,37.3842721,-5.9825485
4867779686,broadleaved,37.3842534,-5.9825036
4867779687,broadleaved,37.3842332,-5.9824332
4867779688,broadleaved,37.3842465,-5.9823594
4867779689,broadleaved,37.3842119,-5.9823675
4867779690,broadleaved,37.3842161,-5.9822796
4867779691,broadleaved,37.3842348,-5.9821938
4867779692,broadleaved,37.3842049,-5.9821972
4867779693,broadleaved,37.3841991,-5.9821334
4867779694,broadleaved,37.3842273,-5.9821274
4867779695,broadleaved,37.3842252,-5.9820738
4867779696,broadleaved,37.3841959,-5.9820832
4867779697,broadleaved,37.3842151,-5.9820047
4867779698,broadleaved,37.3841469,-5.9813932
4867779699,broadleaved,37.3841106,-5.9809667
4867779700,broadleaved,37.3841463,-5.9817713
4867779704,broadleaved,37.3838557,-5.9806864
4867779705,broadleaved,37.3839865,-5.9806354
4867779706,broadleaved,37.3840523,-5.9806193
4867779707,broadleaved,37.3841216,-5.9805922
4867779708,broadleaved,37.3841549,-5.9806874
4867779709,broadleaved,37.3841882,-5.9808654
4867779710,broadleaved,37.3841562,-5.9809107
4867779711,broadleaved,37.3841908,-5.9812413
4867779712,broadleaved,37.3842257,-5.9815786
4867779713,broadleaved,37.3842992,-5.9823001
4867779714,broadleaved,37.3842694,-5.9820223
4867779715,broadleaved,37.3842622,-5.9819511
4867780710,broadleaved,37.3850871,-5.9813978
4867780711,broadleaved,37.3850321,-5.9814055
4867780712,broadleaved,37.3849787,-5.9814123
4867780713,broadleaved,37.3849242,-5.9814206
4867780714,broadleaved,37.3848697,-5.9814281
4867780715,broadleaved,37.3847746,-5.9814416
4867780716,broadleaved,37.38472,-5.9814495
4867780717,broadleaved,37.3846666,-5.9814569
4867780718,broadleaved,37.3846132,-5.9814644
4867780719,broadleaved,37.3845601,-5.9814719
4867780720,broadleaved,37.3844137,-5.9815001
4867780721,broadleaved,37.384447,-5.9814429
4867780722,broadleaved,37.3843894,-5.9813706
4867780723,broadleaved,37.3844405,-5.9813657
4867780724,broadleaved,37.384399,-5.9813011
4867780725,broadleaved,37.384435,-5.9812886
4867780726,broadleaved,37.3844282,-5.9812101
4867780727,broadleaved,37.3844237,-5.9811377
4867780728,broadleaved,37.3844221,-5.9810542
4867780729,broadleaved,37.3844175,-5.9809868
4867780730,broadleaved,37.3844122,-5.9808959
4867780731,broadleaved,37.3843889,-5.9811801
4867780732,broadleaved,37.3843742,-5.9809707
4867780733,broadleaved,37.384409,-5.9808175
4867780734,broadleaved,37.3844031,-5.9807387
4867780735,broadleaved,37.3843982,-5.9806604
4867780736,broadleaved,37.3843774,-5.9804363
4867780737,broadleaved,37.3850265,-5.9799911
4867780738,broadleaved,37.3850183,-5.9799007
4867780739,broadleaved,37.3849961,-5.9798267
4867780740,broadleaved,37.3849581,-5.9797796
4867780741,broadleaved,37.38491,-5.9797431
4867780742,broadleaved,37.3849359,-5.9796491
4867780743,broadleaved,37.3848314,-5.9797084
4867780744,broadleaved,37.3848419,-5.9797426
4867780745,broadleaved,37.3847171,-5.9797763
4867780746,broadleaved,37.3847744,-5.9797423
4867780747,broadleaved,37.3847676,-5.9797753
4867780748,broadleaved,37.3846583,-5.9798113
4867780749,broadleaved,37.3846013,-5.979845
4867780750,broadleaved,37.3845925,-5.979922
4867780751,broadleaved,37.3845433,-5.9798801
4867780752,broadleaved,37.3845527,-5.9799782
4867780753,broadleaved,37.3844851,-5.9799147
4867780754,broadleaved,37.3844751,-5.9800242
4867780755,broadleaved,37.3843489,-5.9802831
4867780756,broadleaved,37.3843963,-5.9801798
4867780757,broadleaved,37.3843239,-5.9801541
4867780758,broadleaved,37.384362,-5.9801148
4867780759,broadleaved,37.3843148,-5.9800889
4867780760,broadleaved,37.3843416,-5.9800578
4867780761,broadleaved,37.3843046,-5.9800224
4867780762,broadleaved,37.3843393,-5.9799795
4867780763,broadleaved,37.3847455,-5.9792018
4867780764,broadleaved,37.3846615,-5.9792342
4867780765,broadleaved,37.3845769,-5.9792702
4867780766,broadleaved,37.3844881,-5.9793071
4867780767,broadleaved,37.3844082,-5.9793413
4867780768,broadleaved,37.3843211,-5.9793716
4867780769,broadleaved,37.384233,-5.979417
4867780770,broadleaved,37.3842456,-5.9794779
4867780771,broadleaved,37.3841989,-5.9794648
4867780772,broadleaved,37.3842115,-5.9795294
4867780773,broadleaved,37.3842565,-5.9795384
4867780774,broadleaved,37.3842183,-5.9795927
4867780775,broadleaved,37.3842674,-5.9795973
4867780776,broadleaved,37.3842882,-5.9797176
4867780777,broadleaved,37.3842552,-5.9797698
4867780778,broadleaved,37.3843018,-5.9797842
4867780779,broadleaved,37.3842675,-5.9798338
4867780780,broadleaved,37.3842121,-5.9798809
4867780781,broadleaved,37.3842207,-5.9799505
4867780782,broadleaved,37.3842805,-5.9798975
4867780783,broadleaved,37.3843151,-5.9798509
4867780784,broadleaved,37.3844475,-5.979816
4867780785,broadleaved,37.3845041,-5.979782
4867780786,broadleaved,37.3845606,-5.9797485
4867780787,broadleaved,37.3846173,-5.9797146
4867780788,broadleaved,37.3846743,-5.9796806
4867780789,broadleaved,37.3847307,-5.9796469
4867780790,broadleaved,37.3847876,-5.9796135
4867780791,broadleaved,37.3848438,-5.97958
4867780792,broadleaved,37.3849004,-5.9795453
4867780793,broadleaved,37.3849575,-5.9795119
4867780794,broadleaved,37.3849366,-5.9792311
4867780795,broadleaved,37.3849557,-5.9793222
4867780796,broadleaved,37.3849708,-5.9793909
4867780797,broadleaved,37.385847,-5.978827
4867780798,broadleaved,37.3858759,-5.9788862
4867780799,broadleaved,37.3858464,-5.9789833
4867780800,broadleaved,37.3857836,-5.9790211
4867780801,broadleaved,37.3857212,-5.9790577
4867780802,broadleaved,37.3856589,-5.9790939
4867780803,broadleaved,37.3855962,-5.9791309
4867780804,broadleaved,37.3855336,-5.9791681
4867780805,broadleaved,37.3854709,-5.9792052
4867780806,broadleaved,37.3852933,-5.9793146
4867780807,broadleaved,37.3852388,-5.9793465
4867780808,broadleaved,37.3851848,-5.9793776
4867780809,broadleaved,37.38513,-5.9794092
4867780810,broadleaved,37.3850734,-5.9793488
4867780811,broadleaved,37.385039,-5.9791907
4867780812,broadleaved,37.3850489,-5.9790751
4867780813,broadleaved,37.3851348,-5.9790399
4867780814,broadleaved,37.3852181,-5.9790062
4867780815,broadleaved,37.3853025,-5.9789716
4867780816,broadleaved,37.3853884,-5.9789364
4867780817,broadleaved,37.3854742,-5.9789014
4867780818,broadleaved,37.3855623,-5.9788662
4867780819,broadleaved,37.3856519,-5.9788296
4867780820,broadleaved,37.3857372,-5.9787949
4873776583,Citrus × aurantium,37.3869531,-5.9632229
4873776584,Citrus × aurantium,37.3869576,-5.9632785
4873776585,Citrus × aurantium,37.3867927,-5.9632423
4873776586,Citrus × aurantium,37.386797,-5.9632986
4873776587,Citrus × aurantium,37.3866199,-5.9632631
4873776588,Citrus × aurantium,37.3866246,-5.9633188
4873776589,Citrus × aurantium,37.3864875,-5.9633365
4873776590,Citrus × aurantium,37.386484,-5.9632799
4873776591,Citrus × aurantium,37.3863785,-5.9632212
4873776592,Citrus × aurantium,37.3863756,-5.9631649
4873776593,Citrus × aurantium,37.386367,-5.9630532
4873776594,Citrus × aurantium,37.3863625,-5.9629966
4873776595,Citrus × aurantium,37.3863543,-5.9628987
4873776596,Citrus × aurantium,37.3864885,-5.9627314
4873776597,Citrus × aurantium,37.3864888,-5.9628296
4873776598,Citrus × aurantium,37.3865906,-5.9627179
4873776599,Citrus × aurantium,37.3865961,-5.9628168
4873776600,Citrus × aurantium,37.3867424,-5.9627015
4873776601,Citrus × aurantium,37.3867469,-5.9627991
4873776602,Citrus × aurantium,37.3868143,-5.9626911
4873776603,Citrus × aurantium,37.3868207,-5.962789
4873776604,Citrus × aurantium,37.3868676,-5.9626858
4873776605,Citrus × aurantium,37.3868767,-5.9627827
4873776606,Citrus × aurantium,37.3869385,-5.9626767
4873776607,Citrus × aurantium,37.3869462,-5.9627739
4873776608,Citrus × aurantium,37.3869912,-5.9627686
4873776609,Citrus × aurantium,37.3870482,-5.9628011
4873776610,Citrus × aurantium,37.3870525,-5.9628745
4873776611,Citrus × aurantium,37.387057,-5.9629493
4873776612,Citrus × aurantium,37.3870639,-5.9630227
4873776613,Citrus × aurantium,37.3870674,-5.9630929
4873776614,Citrus × aurantium,37.3870719,-5.963157
4873776615,Citrus × aurantium,37.3871377,-5.9629436
4873776616,Citrus × aurantium,37.3871425,-5.9630177
4873776733,Citrus × aurantium,37.3870797,-5.9633154
4873776734,Citrus × aurantium,37.3871621,-5.9633025
4873776735,Citrus × aurantium,37.3871654,-5.9633856
4873776736,Citrus × aurantium,37.3870836,-5.9633903
4873776737,Citrus × aurantium,37.3870911,-5.9634941
4873776738,Citrus × aurantium,37.3871732,-5.9634869
4873776769,Citrus × aurantium,37.3871768,-5.9635664
4873776770,Citrus × aurantium,37.387096,-5.9635757
4873776771,Citrus × aurantium,37.3871184,-5.9636498
4873776772,Citrus × aurantium,37.3870349,-5.9637211
4873776773,Citrus × aurantium,37.3869339,-5.9637342
4873776774,Citrus × aurantium,37.3868701,-5.9637424
4873776775,Citrus × aurantium,37.3868063,-5.9638358
4873776776,Citrus × aurantium,37.3868482,-5.9638304
4873776777,Citrus × aurantium,37.386901,-5.963824
4873776778,Citrus × aurantium,37.3869425,-5.9638182
4873776779,Citrus × aurantium,37.3870449,-5.9638066
4873776780,Citrus × aurantium,37.3871361,-5.9637959
4873776782,Citrus × aurantium,37.3873768,-5.9637672
4873776783,Citrus × aurantium,37.3873182,-5.9637739
4873776784,Citrus × aurantium,37.3872747,-5.9637794
4873776785,Citrus × aurantium,37.3872283,-5.9637848
4873776786,Citrus × aurantium,37.3871873,-5.9637894
4873776787,Citrus × aurantium,37.3872136,-5.9637003
4873776788,Citrus × aurantium,37.3872749,-5.9636934
4873776789,Citrus × aurantium,37.3873367,-5.9636859
4881588749,Citrus × aurantium,37.3930293,-5.9985528
4881588750,Citrus × aurantium,37.393065,-5.9985467
4881588751,Citrus × aurantium,37.3931002,-5.9985399
4881588875,Citrus × aurantium,37.3935848,-5.9957763
4881588876,Citrus × aurantium,37.3935949,-5.9958313
4881588878,Citrus × aurantium,37.3935575,-5.9975399
4881588879,Citrus × aurantium,37.3935794,-5.9975349
4881588880,Citrus × aurantium,37.3936043,-5.9975285
4881588881,Citrus × aurantium,37.3936305,-5.9975228
4881588882,Citrus × aurantium,37.3936564,-5.9975168
4881588883,Citrus × aurantium,37.3936817,-5.9975111
4881588884,Citrus × aurantium,37.3937062,-5.9975049
4881588885,Citrus × aurantium,37.393733,-5.9974987
4881588978,broadleaved,37.3927515,-5.9932318
4881588979,broadleaved,37.3927475,-5.9931435
4881588980,broadleaved,37.3927406,-5.9929396
4881588981,broadleaved,37.3927411,-5.9928484
4881588982,broadleaved,37.3927408,-5.9927632
4881588983,broadleaved,37.3927399,-5.9926794
4881588984,broadleaved,37.3927404,-5.9925941
4881588985,broadleaved,37.39274,-5.992446
4881588986,broadleaved,37.3927398,-5.9923551
4881588987,broadleaved,37.3928298,-5.992467
4881588988,broadleaved,37.3928306,-5.9925517
4881588989,broadleaved,37.39283,-5.9926356
4881588990,broadleaved,37.3928303,-5.9927208
4881588991,broadleaved,37.3928306,-5.9928048
4881588992,broadleaved,37.3928306,-5.9928892
4893564095,Citrus × aurantium,37.3945907,-5.9968455
4893564096,Citrus × aurantium,37.3945536,-5.9968385
4893564097,Citrus × aurantium,37.3945136,-5.9968471
4893564098,Citrus × aurantium,37.3944692,-5.9968553
4893564099,Citrus × aurantium,37.3943392,-5.9968807
4893564100,Citrus × aurantium,37.3943397,-5.9968983
4893564101,Citrus × aurantium,37.394354,-5.9968949
4893564117,broadleaved,37.3946423,-5.9966739
4893564118,broadleaved,37.3946157,-5.9966818
4893564120,broadleaved,37.3939092,-5.996964
4893564721,broadleaved,37.3942484,-5.9966469
4893564722,broadleaved,37.3942572,-5.9966744
4893564723,broadleaved,37.3942301,-5.9966591
4893564724,broadleaved,37.3942335,-5.9966857
4893564725,broadleaved,37.3942083,-5.9966539
4893564726,broadleaved,37.39417,-5.9966608
4893564727,broadleaved,37.3941332,-5.9966671
4893564728,broadleaved,37.3940811,-5.9966752
4893564729,broadleaved,37.3939657,-5.9964477
4893564731,broadleaved,37.3938682,-5.9964645
4893564732,broadleaved,37.3938735,-5.9965196
4893564734,broadleaved,37.3939726,-5.9965027
4893564735,broadleaved,37.3939802,-5.9965722
4893564736,broadleaved,37.3939861,-5.996627
4893564737,broadleaved,37.3940222,-5.996682
4893564738,broadleaved,37.3939932,-5.9966652
4893564739,broadleaved,37.3939922,-5.9966864
4893564740,broadleaved,37.3939637,-5.9966697
4893564741,broadleaved,37.393946,-5.9966722
4893564742,broadleaved,37.3939465,-5.9966924
4893564743,broadleaved,37.3939261,-5.9966757
4893564744,broadleaved,37.3939027,-5.9966809
4893564745,broadleaved,37.3938801,-5.9966844
4893564746,broadleaved,37.3938591,-5.9966877
4893564747,broadleaved,37.3938157,-5.996691
4893564748,broadleaved,37.3938324,-5.9966555
4893564749,broadleaved,37.3938238,-5.9966046
4893564750,broadleaved,37.3938152,-5.99653
4893564751,broadleaved,37.3938093,-5.9964782
4893564752,broadleaved,37.3937885,-5.996443
4893564753,broadleaved,37.3937917,-5.9963333
4893564754,broadleaved,37.3938321,-5.9963254
4893564755,broadleaved,37.393921,-5.9963109
4893564756,broadleaved,37.3939115,-5.9962479
4893564757,broadleaved,37.3938699,-5.9962532
4893564758,broadleaved,37.3938296,-5.9962607
4893564759,broadleaved,37.3937851,-5.9962673
4893564760,broadleaved,37.3938308,-5.9960656
4893564761,Citrus × aurantium,37.3939381,-5.9961788
4893564762,Citrus × aurantium,37.3939309,-5.9961174
4893564812,broadleaved,37.3942917,-5.9965899
4893564813,broadleaved,37.3942865,-5.9965402
4893564814,broadleaved,37.3942814,-5.9964915
4893564839,Citrus × aurantium,37.3941646,-5.9963822
4893564840,Citrus × aurantium,37.3941707,-5.9964363
4893564841,Citrus × aurantium,37.3941765,-5.9964905
4893564842,Citrus × aurantium,37.3941824,-5.996545
4893564843,Citrus × aurantium,37.3941192,-5.996554
4893564844,Citrus × aurantium,37.3941135,-5.9965001
4893564845,Citrus × aurantium,37.3941063,-5.9964456
4893564846,Citrus × aurantium,37.3940999,-5.9963921
4893564847,Citrus × aurantium,37.3940495,-5.9963847
4893564848,Citrus × aurantium,37.394055,-5.9964365
4893564849,Citrus × aurantium,37.3940601,-5.9964824
4893564850,Citrus × aurantium,37.3940654,-5.9965299
4893564851,Citrus × aurantium,37.3940706,-5.996578
4893564852,Citrus × aurantium,37.3940762,-5.9966258
4893564853,Citrus × aurantium,37.3941264,-5.996617
4893564854,Citrus × aurantium,37.3941634,-5.9966102
4893564855,Citrus × aurantium,37.3942022,-5.996602
4893564856,Citrus × aurantium,37.3942412,-5.9965947
4893564857,Citrus × aurantium,37.3942361,-5.996549
4893564858,Citrus × aurantium,37.3942307,-5.996499
4893564859,Citrus × aurantium,37.3942252,-5.9964528
4893564982,Citrus × aurantium,37.3940566,-5.9983142
4893564983,Citrus × aurantium,37.3940474,-5.9982587
4893564984,Citrus × aurantium,37.3940378,-5.9982022
4893564985,Citrus × aurantium,37.3940278,-5.9981464
4893564986,Citrus × aurantium,37.3940133,-5.9980892
4893564987,Citrus × aurantium,37.3939956,-5.9980364
4893564988,Citrus × aurantium,37.393974,-5.9979821
4893564989,Citrus × aurantium,37.3939516,-5.9979353
4893564990,Citrus × aurantium,37.3939243,-5.9978901
4895450162,broadleaved,37.3755199,-5.9919344
4895450163,broadleaved,37.3755873,-5.9919264
4895450164,broadleaved,37.3756513,-5.9919111
4895450165,broadleaved,37.3757173,-5.9918896
4895450179,broadleaved,37.3795369,-5.9943402
4895450180,broadleaved,37.3795742,-5.9943187
4895450181,broadleaved,37.3796141,-5.9943613
4895450186,broadleaved,37.3803719,-5.9947824
4895450187,broadleaved,37.3803329,-5.9947802
4895450193,Platanus × hispanica,37.3796561,-5.9942923
4895450194,Platanus × hispanica,37.379713,-5.9943289
4895450195,Platanus × hispanica,37.3798199,-5.9943813
4895450196,Platanus × hispanica,37.3799019,-5.9944265
4895450197,Platanus × hispanica,37.3795547,-5.9942171
4895450198,Platanus × hispanica,37.3794792,-5.9941719
4903684054,broadleaved,37.3852382,-5.9718324
4903684055,broadleaved,37.3852504,-5.9719069
4903684056,broadleaved,37.3852608,-5.9719858
4903684057,broadleaved,37.3852721,-5.9720643
4903684058,broadleaved,37.3852816,-5.9721421
4903684059,broadleaved,37.3852917,-5.9722195
4903684060,broadleaved,37.3853042,-5.9722996
4903684091,Citrus × aurantium,37.385257,-5.9724959
4903684092,Citrus × aurantium,37.3852106,-5.9725057
4903684093,Citrus × aurantium,37.3851664,-5.972514
4903684094,Citrus × aurantium,37.3851142,-5.9725248
4903684095,Citrus × aurantium,37.3850686,-5.9725338
4903684096,Citrus × aurantium,37.3850239,-5.9725429
4903684097,Citrus × aurantium,37.38497,-5.9725523
4903684098,Citrus × aurantium,37.3849256,-5.9725617
4903684099,Citrus × aurantium,37.3848805,-5.9725704
4903684100,Citrus × aurantium,37.3848363,-5.9725784
4903684101,Citrus × aurantium,37.3847913,-5.9725875
4903684102,Citrus × aurantium,37.3847457,-5.9725965
4903684103,Citrus × aurantium,37.3847007,-5.9726052
4903684104,Citrus × aurantium,37.3846573,-5.9726133
4903684105,Citrus × aurantium,37.3846108,-5.9726228
4903684106,Citrus × aurantium,37.3845667,-5.9726317
4903684107,Citrus × aurantium,37.3845216,-5.9726403
4903684108,Citrus × aurantium,37.3844736,-5.9726523
4903684109,Citrus × aurantium,37.384429,-5.9726627
4903684110,Citrus × aurantium,37.3843857,-5.9726721
4903684117,Citrus × aurantium,37.3840603,-5.9727419
4903684118,Citrus × aurantium,37.3840186,-5.9727511
4903684119,Citrus × aurantium,37.3839706,-5.9727613
4903684120,Citrus × aurantium,37.3839311,-5.9727699
4903684221,Citrus × aurantium,37.3838821,-5.9727814
4903684222,Citrus × aurantium,37.383838,-5.972788
4903684223,Citrus × aurantium,37.3837912,-5.9727984
4903684224,Citrus × aurantium,37.3837443,-5.9728087
4903684225,Citrus × aurantium,37.3836981,-5.9728201
4903684226,Citrus × aurantium,37.3836524,-5.9728292
4903684227,Citrus × aurantium,37.3836082,-5.9728399
4903684228,Citrus × aurantium,37.3835642,-5.9728493
4903684229,Citrus × aurantium,37.3835197,-5.9728584
4903684230,Citrus × aurantium,37.3834759,-5.9728669
4903684231,Citrus × aurantium,37.3834308,-5.9728765
4903684233,Citrus × aurantium,37.3833861,-5.9728859
4903684234,Citrus × aurantium,37.3833075,-5.9729006
4903684235,Citrus × aurantium,37.3832648,-5.9729093
4903684236,Citrus × aurantium,37.3832262,-5.9729174
4903684237,Citrus × aurantium,37.3831743,-5.9729276
4903684374,broadleaved,37.3831854,-5.9741021
4903684375,broadleaved,37.383224,-5.9741416
4903684376,broadleaved,37.3832444,-5.974225
4903684377,broadleaved,37.3832014,-5.9741953
4903684378,broadleaved,37.3832135,-5.974264
4903684379,broadleaved,37.3832372,-5.9743804
4903684380,broadleaved,37.3832508,-5.9744528
4903684381,broadleaved,37.3832886,-5.974467
4903684382,broadleaved,37.3832623,-5.9745125
4903684383,broadleaved,37.383303,-5.9745374
4903684384,broadleaved,37.3832029,-5.9745496
4903684385,broadleaved,37.3831809,-5.9744992
4910500673,broadleaved,37.382826,-5.973594
4910500674,broadleaved,37.3827613,-5.9735306
4912776569,Jacaranda,37.3783659,-5.9778681
4912776570,Jacaranda,37.3783928,-5.9779385
4912776571,Jacaranda,37.3784213,-5.9780082
4912776572,Jacaranda,37.3784447,-5.9781582
4912776573,Jacaranda,37.3785402,-5.9783998
4912776574,Jacaranda,37.3785591,-5.9784649
4912776575,Jacaranda,37.3786108,-5.9784732
4912776576,Jacaranda,37.3786374,-5.9785594
4912776577,Jacaranda,37.3786625,-5.9786439
4912776578,Jacaranda,37.3786896,-5.9787348
4912776579,Jacaranda,37.3787176,-5.9788249
4912776580,Jacaranda,37.3787441,-5.9789068
4912776581,Jacaranda,37.3787113,-5.978956
4912776582,Jacaranda,37.3787307,-5.9790189
4943621618,Platanus × hispanica,37.3861197,-5.9652578
4943621619,Platanus × hispanica,37.386191,-5.9652525
4943621620,Platanus × hispanica,37.3862573,-5.9652422
4943621721,Platanus × hispanica,37.3863235,-5.9652332
4943621722,Platanus × hispanica,37.3863894,-5.9652243
4943621723,Platanus × hispanica,37.3864591,-5.9652164
4943621724,Platanus × hispanica,37.3865228,-5.9652082
4943621725,Platanus × hispanica,37.3865919,-5.9652015
4943621726,Platanus × hispanica,37.3866594,-5.9651931
4943621727,Platanus × hispanica,37.3867261,-5.9651854
4943621728,Platanus × hispanica,37.3867925,-5.9651768
4943621729,Platanus × hispanica,37.3869299,-5.9651596
4943621730,Platanus × hispanica,37.3869973,-5.9651523
4999081581,desconocida,37.3779174,-6.0098032
4999081582,desconocida,37.3779662,-6.0097295
4999081583,desconocida,37.3779932,-6.0096746
4999081584,desconocida,37.3780219,-6.0096221
4999081585,desconocida,37.3780572,-6.0095509
4999081586,desconocida,37.3780859,-6.0094983
4999081587,desconocida,37.3781268,-6.0094131
4999081588,desconocida,37.3781787,-6.0093302
4999081589,desconocida,37.3782065,-6.0092777
5000242812,Platanus × hispanica,37.3819874,-5.9657601
5000242813,Platanus × hispanica,37.3820553,-5.9657542
5000242814,Platanus × hispanica,37.3821246,-5.9657436
5000242815,Platanus × hispanica,37.382192,-5.9657368
5000242816,Platanus × hispanica,37.3822556,-5.9657277
5000242817,Platanus × hispanica,37.3823261,-5.9657205
5000242818,Platanus × hispanica,37.3823907,-5.9657096
5000242819,Platanus × hispanica,37.3824618,-5.9657026
5000242820,Platanus × hispanica,37.3825262,-5.9656942
5000242821,Platanus × hispanica,37.3825944,-5.9656863
5000242876,Platanus × hispanica,37.3833684,-5.9655926
5000242877,Platanus × hispanica,37.3834345,-5.9655852
5000242878,Platanus × hispanica,37.3835048,-5.9655765
5000242879,Platanus × hispanica,37.3835728,-5.9655654
5000242880,Platanus × hispanica,37.3836383,-5.9655584
5000242881,Platanus × hispanica,37.3837006,-5.9655514
5000242882,Platanus × hispanica,37.3837723,-5.965542
5000242883,Platanus × hispanica,37.3838418,-5.9655369
5000242884,Platanus × hispanica,37.383906,-5.9655272
5000242885,Platanus × hispanica,37.3839736,-5.965518
5000242886,Platanus × hispanica,37.3847463,-5.965425
5000242887,Platanus × hispanica,37.3848813,-5.9654089
5000242888,Platanus × hispanica,37.3849502,-5.9654008
5000242889,Platanus × hispanica,37.3850171,-5.9653933
5000242890,Platanus × hispanica,37.3850851,-5.9653866
5000242891,Platanus × hispanica,37.3851513,-5.9653775
5000242892,Platanus × hispanica,37.3852181,-5.9653696
5000242893,Platanus × hispanica,37.3852885,-5.9653598
5000242894,Platanus × hispanica,37.3853537,-5.9653529
5003001495,Citrus × aurantium,37.3912174,-5.9883924
5003001496,Citrus × aurantium,37.3912209,-5.9883371
5003001497,Citrus × aurantium,37.3912086,-5.988269
5003001498,Citrus × aurantium,37.3911612,-5.9882844
5003001499,Citrus × aurantium,37.3911231,-5.9883119
5003001500,Citrus × aurantium,37.3910912,-5.9883374
5003001501,Citrus × aurantium,37.3910587,-5.9883619
5003001502,Citrus × aurantium,37.3910494,-5.9884051
5003001503,Citrus × aurantium,37.391072,-5.9884531
5003001504,Citrus × aurantium,37.3910941,-5.9885003
5003001505,Citrus × aurantium,37.391117,-5.9885473
5003001506,Citrus × aurantium,37.3911383,-5.9885915
5003001507,Citrus × aurantium,37.3911591,-5.9886358
5003001508,Citrus × aurantium,37.3912078,-5.9885842
5003001509,broadleaved,37.3911881,-5.9884886
5034742946,Citrus × aurantium,37.3918637,-5.9904644
5034742947,Citrus × aurantium,37.3918641,-5.9904946
5034742948,Citrus × aurantium,37.3918651,-5.9905236
5034742953,Citrus × aurantium,37.3917585,-5.9914109
5034742954,Citrus × aurantium,37.3917425,-5.9913284
5034742955,Citrus × aurantium,37.3917505,-5.9913696
5055853783,desconocida,37.3870859,-6.0074323
5056028437,desconocida,37.3846376,-6.0034358
5056028438,desconocida,37.3845813,-6.0033551
5056028439,desconocida,37.3845512,-6.0033074
5056028440,desconocida,37.3846659,-6.0034865
5125514041,desconocida,37.3848277,-5.9531895
5125514042,desconocida,37.3849244,-5.953371
5125514043,desconocida,37.3848604,-5.9533822
5125514044,desconocida,37.3847698,-5.9533915
5125514045,desconocida,37.3846925,-5.9534084
5125514046,desconocida,37.3846182,-5.9534121
5125514047,desconocida,37.3845424,-5.9534252
5125514048,desconocida,37.3844681,-5.9534402
5125514049,desconocida,37.3843061,-5.9534664
5125514050,desconocida,37.3843715,-5.9534514
5125514051,desconocida,37.3846776,-5.9532812
5125514052,desconocida,37.3846048,-5.9532868
5125514053,desconocida,37.3846791,-5.9530698
5125514054,desconocida,37.3845989,-5.953081
5125514055,desconocida,37.3845186,-5.9530885
5125514056,desconocida,37.3844324,-5.9531054
5125514057,desconocida,37.3843744,-5.9531054
5125514058,desconocida,37.3844547,-5.9533092
5125514059,desconocida,37.3843759,-5.9533223
5125514060,desconocida,37.3842154,-5.9532999
5125514061,desconocida,37.3840698,-5.9533167
5125514062,desconocida,37.3840044,-5.9531895
5125514063,desconocida,37.3839613,-5.9533261
5125514064,desconocida,37.3841143,-5.9534626
5125514065,desconocida,37.3841768,-5.953457
5125514066,desconocida,37.3839717,-5.9535056
5125514067,desconocida,37.3838542,-5.9535094
5125514068,desconocida,37.3837695,-5.9535281
5125514069,desconocida,37.3836908,-5.9535374
5125514070,desconocida,37.3835956,-5.9535524
5125514071,desconocida,37.3834901,-5.9535356
5125514072,desconocida,37.3834396,-5.9535805
5125514073,desconocida,37.3833667,-5.9535225
5125514074,desconocida,37.3833831,-5.953414
5125514075,desconocida,37.3833757,-5.9533055
5125514076,desconocida,37.3834589,-5.953255
5125514077,desconocida,37.383557,-5.9533092
5125514078,desconocida,37.3836254,-5.9534551
5125514079,desconocida,37.3836417,-5.9532456
5125514080,desconocida,37.3837576,-5.9532195
5125514081,desconocida,37.3838007,-5.9530717
5125514082,desconocida,37.3837353,-5.9530754
5125514083,desconocida,37.3836447,-5.953081
5125514084,desconocida,37.3833682,-5.9531184
5125514085,desconocida,37.3832954,-5.9532064
5125514086,desconocida,37.3833118,-5.9533747
5125514087,desconocida,37.3840876,-5.9530305
5125514088,desconocida,37.3841857,-5.9530081
5125514089,desconocida,37.3842615,-5.9530025
5125514090,desconocida,37.3843373,-5.9529969
5125514091,desconocida,37.3844265,-5.9529913
5125514092,desconocida,37.3845082,-5.9529763
5125514093,desconocida,37.384587,-5.9529669
5125514094,desconocida,37.3846613,-5.9529595
5125514095,desconocida,37.3847356,-5.9529464
5125514096,desconocida,37.3848887,-5.952922
5125514097,desconocida,37.3849184,-5.9531521
5125514098,desconocida,37.3848233,-5.9529333
5277863894,desconocida,37.4078231,-5.998738
5277863895,desconocida,37.4079501,-5.9987877
5277863896,desconocida,37.40796,-5.9987532
5277884227,desconocida,37.4062778,-5.9998844
5277884228,desconocida,37.4062499,-5.999928
5277884229,desconocida,37.4062047,-5.9999196
5309125894,broadleaved,37.4115907,-5.9768233
5309125895,broadleaved,37.4115369,-5.9768589
5309125896,broadleaved,37.4114818,-5.9768829
5309125897,broadleaved,37.4114326,-5.9769091
5309125898,broadleaved,37.4113774,-5.9769442
5309125899,broadleaved,37.4113255,-5.9769745
5309125900,broadleaved,37.4112286,-5.977023
5309125901,broadleaved,37.4111368,-5.9770743
5309125902,broadleaved,37.411071,-5.9771065
5309125904,broadleaved,37.410981,-5.977159
5309125905,broadleaved,37.4107719,-5.9772757
5309125906,broadleaved,37.4108312,-5.9772466
5309125907,broadleaved,37.410879,-5.9772215
5309125908,broadleaved,37.4109119,-5.9771999
5309125909,broadleaved,37.4118184,-5.9766954
5309125910,broadleaved,37.411868,-5.9766669
5309125911,broadleaved,37.4119201,-5.9766319
5309125912,broadleaved,37.4119705,-5.9766095
5309125913,broadleaved,37.4120267,-5.9765882
5309127558,desconocida,37.4103919,-5.9776686
5309127559,desconocida,37.4105027,-5.9775996
5309127560,desconocida,37.4106156,-5.9775379
5309127561,desconocida,37.4107754,-5.9774655
5309127562,desconocida,37.4108382,-5.9774541
5309127563,desconocida,37.4107999,-5.9774359
5309127564,desconocida,37.410958,-5.9773334
5309127565,desconocida,37.411031,-5.9773059
5309127566,desconocida,37.4109133,-5.9773649
5309127567,desconocida,37.4109059,-5.9774266
5309127568,desconocida,37.4107056,-5.9774769
5309127569,desconocida,37.410566,-5.9775647
5309127570,desconocida,37.4104526,-5.9776311
5309127571,desconocida,37.4112401,-5.9774109
5309127572,desconocida,37.4110125,-5.9775927
5322907844,desconocida,37.4194523,-5.9659926
5322907877,desconocida,37.4197035,-5.96679
5347003203,Carnegiea gigantea,37.4092144,-6.003381
5349319064,desconocida,37.3890697,-6.0294592
5349319065,desconocida,37.3889653,-6.0296657
5349319067,desconocida,37.3889866,-6.0294914
5349319113,desconocida,37.3850587,-6.0288004
5349319114,desconocida,37.3852766,-6.0288866
5349319115,desconocida,37.3848849,-6.02852
5349319116,desconocida,37.3849779,-6.0283937
5349319117,desconocida,37.3851003,-6.0285015
5349319118,desconocida,37.3855091,-6.0289821
5349319119,desconocida,37.3855875,-6.0291208
5349319120,desconocida,37.3856976,-6.0291393
5349319121,desconocida,37.385443,-6.0291393
5349319122,desconocida,37.385452,-6.0288897
5349319123,desconocida,37.3853149,-6.0291054
5349319124,desconocida,37.3851766,-6.02911
5349319125,desconocida,37.3850297,-6.0290715
5349319126,desconocida,37.3850077,-6.0287064
5349319127,desconocida,37.3849722,-6.0286586
5349319128,desconocida,37.3851472,-6.0285878
5349319129,desconocida,37.3849416,-6.0287911
5349319130,desconocida,37.3849514,-6.0290869
5349319131,desconocida,37.3849146,-6.0290946
5349319132,desconocida,37.3848779,-6.0289975
5349319133,desconocida,37.3848681,-6.0286725
5349319138,desconocida,37.3847726,-6.0290314
5349319139,desconocida,37.3847947,-6.0286648
5349319140,desconocida,37.3848069,-6.0282535
5349319141,desconocida,37.3849024,-6.0282904
5349319142,desconocida,37.3848081,-6.0285015
5349319143,desconocida,37.3848179,-6.0281271
5349319144,desconocida,37.3848167,-6.0279284
5349319145,desconocida,37.3848106,-6.0278498
5349319146,desconocida,37.3846919,-6.0279007
5349319147,desconocida,37.3847102,-6.0279685
5349319148,desconocida,37.3847629,-6.0279808
5349319149,desconocida,37.3847237,-6.0278391
5349319150,desconocida,37.3847482,-6.0277651
5349319155,desconocida,37.3846523,-6.0272011
5349319156,desconocida,37.3849622,-6.0270119
5390715615,desconocida,37.3696269,-5.984468
5390715616,desconocida,37.3695696,-5.9844657
5390715925,desconocida,37.3692523,-5.984283
5390715977,desconocida,37.3685113,-5.9843808
5390715978,desconocida,37.368656,-5.9843921
5390715979,desconocida,37.3687856,-5.9843808
5390715980,desconocida,37.3689537,-5.9844335
5390715981,desconocida,37.3689213,-5.9842897
5390715982,desconocida,37.3694579,-5.9845325
5390715983,desconocida,37.3694911,-5.9839863
5390715984,desconocida,37.3695634,-5.9843504
5390716005,desconocida,37.3697743,-5.9834578
5390716006,desconocida,37.3697564,-5.9831871
5390716007,desconocida,37.3697958,-5.9830157
5390716008,desconocida,37.3697994,-5.9828217
5390716009,desconocida,37.369803,-5.9826007
5390716010,desconocida,37.3698281,-5.9823391
5390716011,desconocida,37.369846,-5.9821316
5390716012,desconocida,37.369742,-5.9820504
5390716013,desconocida,37.3697277,-5.9822128
5390716014,desconocida,37.3697133,-5.9824428
5390716015,desconocida,37.369699,-5.9829886
5390716016,desconocida,37.3696739,-5.9832954
5390716017,desconocida,37.3696596,-5.9833811
5390716018,desconocida,37.3689067,-5.9836202
5390716019,desconocida,37.3690824,-5.9836382
5390716020,desconocida,37.3690501,-5.9835119
5390716021,desconocida,37.3691863,-5.98353
5390716022,desconocida,37.3694301,-5.9835435
5390716023,desconocida,37.3695556,-5.983557
5454298639,desconocida,37.3863291,-5.9098891
5454298640,desconocida,37.3863717,-5.9098663
5454298641,desconocida,37.3864463,-5.9098247
5454298642,desconocida,37.38649,-5.9097979
5454298643,desconocida,37.386538,-5.9097738
5454298644,desconocida,37.3866115,-5.9097282
5454298645,desconocida,37.3866658,-5.9096947
5454298646,desconocida,37.3867383,-5.9096558
5454298647,desconocida,37.38688,-5.9095659
5454298648,desconocida,37.3869706,-5.909519
5454298649,desconocida,37.3870335,-5.9094881
5454298650,desconocida,37.3871965,-5.9093916
5454298651,desconocida,37.3873062,-5.9093352
5454298652,desconocida,37.3874245,-5.9092588
5482164903,desconocida,37.3659404,-5.9812326
5482164904,desconocida,37.3659563,-5.981195
5482164905,desconocida,37.3659716,-5.9811581
5482164906,desconocida,37.3659841,-5.9811215
5482164907,desconocida,37.3660024,-5.9810751
5482164908,desconocida,37.3660134,-5.9810349
5482164909,desconocida,37.3660304,-5.9809897
5482164910,desconocida,37.3660794,-5.9808617
5482164911,desconocida,37.366099,-5.9808212
5482164912,desconocida,37.3661124,-5.9807826
5482164913,desconocida,37.3661297,-5.9807362
5482164914,desconocida,37.366147,-5.9806907
5482164915,desconocida,37.3661603,-5.9806561
5482164916,desconocida,37.3661745,-5.9806156
5482164917,desconocida,37.3661894,-5.980579
5482164918,desconocida,37.3662059,-5.9805385
5482164919,desconocida,37.3662161,-5.9804979
5482164920,desconocida,37.366235,-5.9804544
5482166721,palm,37.3665211,-5.9813294
5482166722,desconocida,37.3662036,-5.9815639
5482166723,desconocida,37.3662266,-5.981466
5482166724,desconocida,37.3662365,-5.9813764
5482166725,desconocida,37.366254,-5.981284
5482166726,desconocida,37.3661751,-5.9815046
5482166727,desconocida,37.3661992,-5.9814163
5482166728,desconocida,37.3662047,-5.9813143
5482166729,desconocida,37.3662376,-5.9811295
5482166730,desconocida,37.3662212,-5.9812288
5482166731,desconocida,37.3659045,-5.9808329
5482166732,desconocida,37.365935,-5.9808553
5482166733,desconocida,37.3659953,-5.9808911
5482166734,desconocida,37.3660226,-5.9809077
5482166735,desconocida,37.3661629,-5.9809904
5482166736,desconocida,37.3661377,-5.9809766
5482166737,desconocida,37.3660983,-5.9809532
5482166738,desconocida,37.3660731,-5.9809408
5496191547,desconocida,37.3818699,-6.0122902
5496191548,desconocida,37.3819094,-6.0127653
5496191549,desconocida,37.3820095,-6.01276
5496191550,desconocida,37.3820828,-6.0127579
5496191551,desconocida,37.3821506,-6.0127552
5496191552,desconocida,37.3823871,-6.0123
5496191553,desconocida,37.3823547,-6.0123105
5496191554,desconocida,37.3822786,-6.0123094
5496191555,desconocida,37.3823066,-6.0122677
5496191556,desconocida,37.382317,-6.0123085
5496191558,desconocida,37.3821113,-6.0121504
5496191559,desconocida,37.382081,-6.0121514
5496191560,desconocida,37.3820504,-6.0121524
5520427455,desconocida,37.3431594,-5.9779438
5520427456,desconocida,37.3431952,-5.9779076
5520427457,desconocida,37.3432096,-5.9778164
5520427458,desconocida,37.3432885,-5.9777863
5520427459,desconocida,37.3432789,-5.9778768
5520427460,desconocida,37.3431498,-5.977795
5520427461,desconocida,37.3431211,-5.9778902
5520427462,desconocida,37.3430491,-5.9779163
5520427463,desconocida,37.3430981,-5.977736
5520427464,desconocida,37.3430704,-5.9778252
5526486202,desconocida,37.3438605,-5.976474
5526486203,desconocida,37.3438462,-5.9765654
5526486204,desconocida,37.3438332,-5.9766485
5526486205,desconocida,37.3437923,-5.9769107
5526486206,desconocida,37.3437805,-5.9769864
5526486207,desconocida,37.3437512,-5.977174
5526486208,desconocida,37.3437048,-5.9775369
5526486209,desconocida,37.3436929,-5.9776146
5526486210,desconocida,37.3436791,-5.9777053
5526486211,desconocida,37.3436507,-5.9778918
5526486212,desconocida,37.3436387,-5.9779709
5526486213,desconocida,37.3436262,-5.9780529
5526486214,desconocida,37.343585,-5.9783236
5526486215,desconocida,37.3435726,-5.9784052
5526486216,desconocida,37.3432199,-5.980728
5526486217,desconocida,37.3432474,-5.9805463
5526486218,desconocida,37.3432621,-5.9804496
5526486219,desconocida,37.3432764,-5.9803555
5526486220,desconocida,37.3433181,-5.9800806
5526486621,desconocida,37.3433326,-5.9799848
5526486622,desconocida,37.3433586,-5.9798131
5526486623,desconocida,37.3433736,-5.9797147
5526486624,desconocida,37.3433862,-5.9796314
5526486625,desconocida,37.3434114,-5.9794623
5526486626,desconocida,37.3434257,-5.9793692
5526486627,desconocida,37.3434399,-5.9792761
5526486628,desconocida,37.3434682,-5.9790905
5526486629,desconocida,37.3434794,-5.9790169
5526486630,desconocida,37.3434956,-5.9789102
5526486631,desconocida,37.3435214,-5.9787398
5526486632,desconocida,37.3432064,-5.9808172
5526486633,desconocida,37.3433242,-5.9771492
5526486634,desconocida,37.3430884,-5.977092
5526486635,desconocida,37.3431495,-5.9771052
5526486636,desconocida,37.3432106,-5.9771184
5526486637,desconocida,37.3430272,-5.9770788
5526486638,desconocida,37.3430088,-5.9772009
5526486639,desconocida,37.3433012,-5.9772699
5526486640,desconocida,37.3432437,-5.9772559
5526486641,desconocida,37.3437576,-5.9758666
5526486642,desconocida,37.3436911,-5.9758825
5526486643,desconocida,37.3435802,-5.9759378
5526486644,desconocida,37.3434473,-5.9760055
5526486645,desconocida,37.343394,-5.9760435
5526486646,desconocida,37.3433402,-5.9760856
5526486647,desconocida,37.3432787,-5.9761457
5526486648,desconocida,37.343187,-5.9762562
5526486649,desconocida,37.3431469,-5.9763128
5526486650,desconocida,37.3431052,-5.976375
5526486651,desconocida,37.3430591,-5.9764496
5526486652,desconocida,37.3429833,-5.9765788
5526486653,desconocida,37.3429399,-5.976654
5526486654,desconocida,37.3429097,-5.9767162
5526486655,desconocida,37.3428746,-5.9767874
5526486656,desconocida,37.3428087,-5.9769269
5526486657,desconocida,37.3427812,-5.9769946
5526486658,desconocida,37.3427439,-5.9770788
5526486659,desconocida,37.3426637,-5.9772978
5526486660,desconocida,37.342611,-5.9774622
5526486661,desconocida,37.3425896,-5.9775368
5526486662,desconocida,37.3425517,-5.9776949
5526486663,desconocida,37.3425281,-5.9777834
5526486664,desconocida,37.3425105,-5.9778628
5526486665,desconocida,37.3424918,-5.9779553
5526486666,desconocida,37.3424671,-5.9781142
5526486667,desconocida,37.3424567,-5.9782026
5526486668,desconocida,37.3438284,-5.9760662
5526486669,desconocida,37.3437619,-5.9760814
5526486670,desconocida,37.3436373,-5.9761215
5526486671,desconocida,37.3435796,-5.9761512
5526486672,desconocida,37.3435126,-5.9761926
5526486673,desconocida,37.3434061,-5.9762811
5526486674,desconocida,37.34336,-5.9763225
5526486675,desconocida,37.3432864,-5.9764171
5526486676,desconocida,37.3432161,-5.9765207
5526486677,desconocida,37.3431749,-5.9765912
5526486678,desconocida,37.343137,-5.976654
5526486679,desconocida,37.3430991,-5.9767231
5526486680,desconocida,37.3430305,-5.9768544
5526486681,desconocida,37.3429998,-5.9769165
5526486682,desconocida,37.3429778,-5.9769621
5526486683,desconocida,37.3428498,-5.977266
5526486684,desconocida,37.342824,-5.9773365
5526486685,desconocida,37.3427999,-5.9774138
5526486686,desconocida,37.3427554,-5.9775568
5526486687,desconocida,37.3427334,-5.9776404
5526486688,desconocida,37.3427142,-5.9777157
5526486689,desconocida,37.342695,-5.9777847
5526486690,desconocida,37.3426626,-5.9779436
5526486691,desconocida,37.3426478,-5.9780196
5526486692,desconocida,37.3426346,-5.9780914
5526486693,desconocida,37.3426242,-5.9781805
5526486694,desconocida,37.3431068,-5.978452
5526486695,desconocida,37.3430459,-5.9784375
5526486696,desconocida,37.3429882,-5.9784209
5526486697,desconocida,37.3432908,-5.9784941
5526486698,desconocida,37.3434687,-5.978539
5526486699,desconocida,37.3430289,-5.9785628
5526486700,desconocida,37.3427291,-5.9784958
5526486701,desconocida,37.3427891,-5.9785092
5526486702,desconocida,37.342849,-5.9785226
5526486703,desconocida,37.342909,-5.978536
5526486704,desconocida,37.3429689,-5.9785494
5526486705,desconocida,37.3430888,-5.9785762
5526486706,desconocida,37.3431488,-5.9785897
5526486707,desconocida,37.3432087,-5.9786031
5526486708,desconocida,37.3432686,-5.9786165
5526486709,desconocida,37.3433286,-5.9786299
5526486710,desconocida,37.3433885,-5.9786433
5526486711,desconocida,37.3426692,-5.9784824
5526486712,desconocida,37.3424287,-5.978521
5526486713,desconocida,37.3424221,-5.9786164
5526486714,desconocida,37.3424182,-5.9786841
5526486715,desconocida,37.3424177,-5.9787745
5526486716,desconocida,37.3424226,-5.9789272
5526486717,desconocida,37.3424248,-5.9789928
5526486718,desconocida,37.3424325,-5.9791758
5526486719,desconocida,37.342449,-5.979325
5526486720,desconocida,37.3424665,-5.9794784
5526486921,desconocida,37.3424836,-5.9795785
5526486922,desconocida,37.3425121,-5.9797343
5526486923,desconocida,37.3425495,-5.9799049
5526486924,desconocida,37.3425698,-5.9799857
5526486925,desconocida,37.3426349,-5.9802105
5526486926,desconocida,37.3426626,-5.9802951
5526486927,desconocida,37.3426873,-5.9803659
5526486928,desconocida,37.3428372,-5.9807386
5526486929,desconocida,37.3429102,-5.9808854
5526486930,desconocida,37.3429459,-5.9809582
5526486931,desconocida,37.3425857,-5.9785687
5526486932,desconocida,37.3425791,-5.9787766
5526486933,desconocida,37.3425813,-5.9787213
5526486934,desconocida,37.3425775,-5.9788533
5526486935,desconocida,37.3425802,-5.9789486
5526486936,desconocida,37.3425879,-5.9790985
5526486937,desconocida,37.3425967,-5.9791862
5526486938,desconocida,37.3426033,-5.9792629
5526486939,desconocida,37.342611,-5.9793326
5526486940,desconocida,37.3426302,-5.9795012
5526486941,desconocida,37.3426423,-5.9795723
5526486942,desconocida,37.3426555,-5.9796469
5526486943,desconocida,37.3426697,-5.9797339
5526486944,desconocida,37.3427093,-5.9798762
5526486945,desconocida,37.3427279,-5.9799481
5526486946,desconocida,37.342771,-5.9800952
5526486947,desconocida,37.3428163,-5.9802375
5526486948,desconocida,37.3428713,-5.9803818
5526486949,desconocida,37.3429572,-5.9805877
5526486950,desconocida,37.3429888,-5.9806588
5526486951,desconocida,37.3430571,-5.980799
5526486952,desconocida,37.3429004,-5.9794362
5526486953,desconocida,37.3430113,-5.9800054
5529404389,desconocida,37.3440457,-5.9763677
5529404390,desconocida,37.3440339,-5.9764459
5529404391,desconocida,37.344022,-5.976524
5529404392,desconocida,37.3440102,-5.9766022
5529404393,desconocida,37.3439983,-5.9766804
5529404394,desconocida,37.3439865,-5.9767586
5529404395,desconocida,37.3439746,-5.9768367
5529404396,desconocida,37.3439628,-5.9769149
5529404397,desconocida,37.3439509,-5.9769931
5529404398,desconocida,37.3439391,-5.9770712
5529404399,desconocida,37.3439272,-5.9771494
5529404400,desconocida,37.3439154,-5.9772276
5529404401,desconocida,37.3439035,-5.9773058
5529404402,desconocida,37.3438917,-5.9773839
5529404404,desconocida,37.3440561,-5.9762909
5529404405,desconocida,37.3439972,-5.9762742
5529404408,desconocida,37.3439849,-5.9763556
5529404409,desconocida,37.3439731,-5.9764338
5529404410,desconocida,37.3439257,-5.9767465
5529404411,desconocida,37.3439138,-5.9768247
5529404412,desconocida,37.343902,-5.9769028
5529404413,desconocida,37.3438901,-5.976981
5529404414,desconocida,37.3438783,-5.9770592
5529404415,desconocida,37.3438664,-5.9771373
5529404416,desconocida,37.3438546,-5.9772155
5529404417,desconocida,37.3438427,-5.9772937
5529404418,desconocida,37.3438309,-5.9773719
5529404419,desconocida,37.3433556,-5.9809422
5529404420,desconocida,37.3434028,-5.9806348
5529404721,desconocida,37.3433687,-5.9808613
5529404722,desconocida,37.3433914,-5.9807103
5529404723,desconocida,37.3433801,-5.9807858
5529404725,desconocida,37.3435045,-5.9799358
5529404726,desconocida,37.343493,-5.9800134
5529404727,desconocida,37.3434814,-5.980091
5529404728,desconocida,37.3434699,-5.9801686
5529404729,desconocida,37.3434584,-5.9802462
5529404730,desconocida,37.3434468,-5.9803238
5529404731,desconocida,37.3434353,-5.9804014
5529404732,desconocida,37.3434237,-5.980479
5529404733,desconocida,37.3435738,-5.9794702
5529404734,desconocida,37.3435623,-5.9795478
5529404735,desconocida,37.3435507,-5.9796254
5529404736,desconocida,37.3435392,-5.979703
5529404737,desconocida,37.3435276,-5.9797806
5529404739,desconocida,37.3438604,-5.9776036
5529404740,desconocida,37.3438503,-5.9776702
5529404741,desconocida,37.3438403,-5.9777368
5529404742,desconocida,37.3438302,-5.9778033
5529404743,desconocida,37.3438202,-5.9778699
5529404744,desconocida,37.3438101,-5.9779365
5529404745,desconocida,37.3438001,-5.9780031
5529404746,desconocida,37.34379,-5.9780697
5529404747,desconocida,37.3437799,-5.9781362
5529404748,desconocida,37.3437699,-5.9782028
5529404749,desconocida,37.3437598,-5.9782694
5529404750,desconocida,37.3437498,-5.978336
5529404751,desconocida,37.3437397,-5.9784026
5529404752,desconocida,37.3438788,-5.9774816
5529404753,desconocida,37.3437297,-5.9784691
5529404756,desconocida,37.3438073,-5.9775224
5529404757,desconocida,37.3437973,-5.9775889
5529404758,desconocida,37.3437872,-5.9776555
5529404759,desconocida,37.3437772,-5.9777221
5529404760,desconocida,37.3437671,-5.9777887
5529404761,desconocida,37.3437571,-5.9778552
5529404762,desconocida,37.343747,-5.9779218
5529404763,desconocida,37.3437369,-5.9779884
5529404764,desconocida,37.3437269,-5.978055
5529404765,desconocida,37.3437168,-5.9781216
5529404766,desconocida,37.3437068,-5.9781881
5529404767,desconocida,37.3436967,-5.9782547
5529404768,desconocida,37.3436867,-5.9783213
5529404769,desconocida,37.3436766,-5.9783879
5529404770,desconocida,37.3438157,-5.9774669
5529404771,desconocida,37.3436666,-5.9784545
5529404772,desconocida,37.3436327,-5.9791002
5529404773,desconocida,37.3436211,-5.9791777
5529404774,desconocida,37.3436559,-5.9789453
5529404775,desconocida,37.3436443,-5.9790228
5529404776,desconocida,37.3436074,-5.9788538
5529404777,desconocida,37.3435957,-5.9789312
5529404778,desconocida,37.3435841,-5.9790087
5529404779,desconocida,37.3435725,-5.9790861
5529404780,desconocida,37.3435609,-5.9791636
5529404781,desconocida,37.3435158,-5.9794549
5529404782,desconocida,37.3435043,-5.9795325
5529404783,desconocida,37.3434927,-5.9796101
5529404784,desconocida,37.3434812,-5.9796877
5529404785,desconocida,37.3434696,-5.9797653
5529404786,desconocida,37.3434581,-5.9798429
5529404787,desconocida,37.3434466,-5.9799205
5529404788,desconocida,37.343435,-5.9799982
5529404789,desconocida,37.3434235,-5.9800758
5529404790,desconocida,37.3434119,-5.9801534
5529404791,desconocida,37.3434004,-5.980231
5529404792,desconocida,37.3433888,-5.9803086
5529404793,desconocida,37.3433773,-5.9803862
5529404794,desconocida,37.3433658,-5.9804638
5529404795,desconocida,37.343353,-5.9805369
5529404796,desconocida,37.3432951,-5.9809298
5529404797,desconocida,37.3433299,-5.9806938
5529404798,desconocida,37.3433187,-5.9807694
5529404799,desconocida,37.3433076,-5.9808451
5531566052,desconocida,37.3782708,-5.9087001
5531566275,desconocida,37.3785457,-5.9077426
5536919843,desconocida,37.3444066,-5.9761625
5536919844,desconocida,37.3444745,-5.9761785
5536919845,desconocida,37.3445328,-5.9761922
5536919848,desconocida,37.3445945,-5.9762067
5536919849,desconocida,37.3447205,-5.9762364
5536919850,desconocida,37.3447852,-5.9762516
5536919851,desconocida,37.3449057,-5.97628
5536919854,desconocida,37.3450306,-5.9763094
5536919859,desconocida,37.3450401,-5.9766389
5536919860,desconocida,37.3450519,-5.9765605
5536919861,desconocida,37.345029,-5.9767127
5536919862,desconocida,37.3450071,-5.976858
5536919863,desconocida,37.344997,-5.9769251
5536919864,desconocida,37.3449615,-5.9771602
5536919865,desconocida,37.344951,-5.9772296
5536919866,desconocida,37.3449394,-5.9773065
5536919869,desconocida,37.3448366,-5.9775013
5536919870,desconocida,37.3447768,-5.9774872
5536919871,desconocida,37.3447157,-5.9774727
5536919872,desconocida,37.3446585,-5.9774592
5536919873,desconocida,37.3445964,-5.9774445
5536919874,desconocida,37.3445391,-5.977431
5536919875,desconocida,37.3444795,-5.9774169
5536919876,desconocida,37.3444162,-5.9774019
5536919877,desconocida,37.3443695,-5.9773909
5536919878,desconocida,37.3442989,-5.9773742
5536919880,desconocida,37.3441225,-5.9773299
5536919881,desconocida,37.3441851,-5.9773457
5536919889,desconocida,37.3441547,-5.9763496
5536919890,desconocida,37.3441267,-5.9765323
5536919891,desconocida,37.3441017,-5.9767057
5536919892,desconocida,37.3440734,-5.9768857
5536919893,desconocida,37.3440183,-5.9772424
5538830076,desconocida,37.3441609,-5.9774692
5538830077,desconocida,37.3442249,-5.9774846
5538830079,desconocida,37.3442775,-5.9774972
5538830080,desconocida,37.3443971,-5.9775261
5538830081,desconocida,37.3444567,-5.9775404
5538830082,desconocida,37.3445163,-5.9775548
5538830084,desconocida,37.3446417,-5.977585
5538830085,desconocida,37.3447427,-5.9776093
5538830089,broadleaved,37.3448545,-5.9778642
5538830090,broadleaved,37.3448435,-5.9779364
5538830091,broadleaved,37.3448325,-5.9780085
5538830092,broadleaved,37.344808,-5.9781698
5538830093,broadleaved,37.3447966,-5.9782448
5538830094,broadleaved,37.3447852,-5.9783198
5538830097,broadleaved,37.3447617,-5.9784738
5538830098,broadleaved,37.3447518,-5.9785391
5538830099,broadleaved,37.3447418,-5.9786044
5538830102,desconocida,37.34458,-5.9787966
5538830104,desconocida,37.3443365,-5.9787392
5538830105,desconocida,37.3442837,-5.9787268
5538830106,desconocida,37.3442199,-5.9787117
5538830108,desconocida,37.343978,-5.9786547
5538830113,desconocida,37.3438503,-5.9783646
5538830115,desconocida,37.3438882,-5.9781105
5538830116,desconocida,37.3439682,-5.9775794
5538830117,desconocida,37.3439559,-5.9776542
5538830118,desconocida,37.3439418,-5.9777534
5538925299,broadleaved,37.3452388,-5.9793156
5538925300,broadleaved,37.3451821,-5.9793013
5538925301,broadleaved,37.3451253,-5.979287
5538925302,broadleaved,37.3450686,-5.9792726
5538925303,broadleaved,37.3450118,-5.9792583
5538925304,broadleaved,37.3449551,-5.979244
5538925305,broadleaved,37.3448983,-5.9792297
5538925306,broadleaved,37.3448416,-5.9792154
5538925307,broadleaved,37.3452955,-5.9793299
5538925308,broadleaved,37.3441011,-5.9790192
5538925309,broadleaved,37.3441547,-5.979031
5538925310,broadleaved,37.3442082,-5.9790428
5538925311,broadleaved,37.3442618,-5.9790546
5538925312,broadleaved,37.3443153,-5.9790665
5538925313,broadleaved,37.3443689,-5.9790783
5538925314,broadleaved,37.3444224,-5.9790901
5538925315,broadleaved,37.344476,-5.9791019
5538925316,broadleaved,37.3445831,-5.9791256
5538925317,broadleaved,37.3445295,-5.9791138
5538925318,broadleaved,37.3446367,-5.9791374
5538925319,broadleaved,37.3440476,-5.9790073
5538925320,broadleaved,37.3447848,-5.9792011
5538925349,broadleaved,37.3441023,-5.9788829
5538925350,broadleaved,37.3442441,-5.9789173
5538925351,broadleaved,37.3441732,-5.9789001
5538925352,broadleaved,37.3443151,-5.9789346
5538925353,broadleaved,37.344386,-5.9789518
5538925354,broadleaved,37.3445278,-5.9789863
5538925355,broadleaved,37.3444569,-5.978969
5538925356,broadleaved,37.3445988,-5.9790035
5538925357,broadleaved,37.3446697,-5.9790207
5538925358,broadleaved,37.3439604,-5.9788484
5538925359,broadleaved,37.3448599,-5.9790553
5538925360,broadleaved,37.3449313,-5.979073
5538925361,broadleaved,37.3450741,-5.9791083
5538925362,broadleaved,37.3450027,-5.9790907
5538925363,broadleaved,37.3451455,-5.979126
5538925364,broadleaved,37.3452169,-5.9791437
5538925365,broadleaved,37.3452884,-5.9791613
5538925366,broadleaved,37.3453598,-5.979179
5538925367,broadleaved,37.3447884,-5.9790377
5538925368,broadleaved,37.3442669,-5.9792959
5538925369,broadleaved,37.3444154,-5.9793299
5538925370,broadleaved,37.3443374,-5.979312
5538925371,broadleaved,37.344194,-5.9792792
5538925372,broadleaved,37.3439698,-5.9792279
5538925373,broadleaved,37.3441199,-5.9792623
5538925374,broadleaved,37.3446393,-5.9793111
5538925375,broadleaved,37.344609,-5.9793037
5538925376,broadleaved,37.3445635,-5.9792926
5538925377,broadleaved,37.3445186,-5.9792816
5538925378,broadleaved,37.344384,-5.9792488
5538925379,broadleaved,37.3442942,-5.9792269
5538925380,broadleaved,37.3441147,-5.9791831
5538925381,broadleaved,37.3441596,-5.9791941
5538925382,broadleaved,37.3440698,-5.9791722
5538925383,broadleaved,37.3442044,-5.979205
5538925384,broadleaved,37.3442493,-5.979216
5538925385,broadleaved,37.3444288,-5.9792598
5538925386,broadleaved,37.3443391,-5.9792379
5538925387,broadleaved,37.3444737,-5.9792707
5538925388,broadleaved,37.3440249,-5.9791612
5538925389,broadleaved,37.3453091,-5.9794744
5538925390,broadleaved,37.3451275,-5.9794308
5538925391,broadleaved,37.3449913,-5.9793981
5538925392,broadleaved,37.3448551,-5.9793654
5538925393,broadleaved,37.3449459,-5.9793872
5538925394,broadleaved,37.3450821,-5.9794199
5538925395,broadleaved,37.3452183,-5.9794526
5538925396,broadleaved,37.3452637,-5.9794635
5538925397,broadleaved,37.3451729,-5.9794417
5538925398,broadleaved,37.3450367,-5.979409
5538925399,broadleaved,37.3449005,-5.9793763
5538925400,broadleaved,37.3448097,-5.9793545
5538925401,broadleaved,37.3447643,-5.9793436
5538925402,broadleaved,37.3452441,-5.9794922
5538925403,broadleaved,37.3451982,-5.9794816
5538925404,broadleaved,37.3451523,-5.979471
5538925405,broadleaved,37.3451065,-5.9794603
5538925406,broadleaved,37.3450606,-5.9794497
5538925407,broadleaved,37.3450147,-5.979439
5538925408,broadleaved,37.3449689,-5.9794284
5538925409,broadleaved,37.344923,-5.9794178
5538925410,broadleaved,37.3448771,-5.9794071
5538925411,broadleaved,37.3448313,-5.9793965
5538925412,broadleaved,37.3452899,-5.9795029
5538925413,broadleaved,37.3447854,-5.9793859
5538925418,broadleaved,37.3453622,-5.9796055
5538925419,broadleaved,37.3452941,-5.9795897
5538925420,broadleaved,37.3452261,-5.9795739
5538925421,broadleaved,37.345158,-5.9795581
5538925422,broadleaved,37.34509,-5.9795423
5538925423,broadleaved,37.3450219,-5.9795265
5538925424,broadleaved,37.3449538,-5.9795107
5538925425,broadleaved,37.3448858,-5.9794949
5538925426,broadleaved,37.3448177,-5.9794791
5538925427,broadleaved,37.3447497,-5.9794633
5538925428,broadleaved,37.3445892,-5.9794231
5538925429,broadleaved,37.3445159,-5.9794058
5538925430,broadleaved,37.3444426,-5.9793885
5538925431,broadleaved,37.3443692,-5.9793712
5538925432,broadleaved,37.3442959,-5.979354
5538925433,broadleaved,37.3442226,-5.9793367
5538925434,broadleaved,37.3441493,-5.9793194
5538925435,broadleaved,37.344076,-5.9793021
5538925436,broadleaved,37.3439319,-5.9792682
5538925482,broadleaved,37.3456509,-5.9793284
5538925483,broadleaved,37.3456395,-5.9794038
5538925484,broadleaved,37.3456281,-5.9794792
5538925485,broadleaved,37.3456623,-5.9792531
5538925486,broadleaved,37.3456167,-5.9795545
5538925487,palm,37.345498,-5.9794863
5538925488,palm,37.345553,-5.9794301
5538925489,palm,37.3455082,-5.9794201
5538925490,palm,37.3455425,-5.9794968
5538925491,palm,37.345532,-5.9795636
5538925492,palm,37.3454877,-5.9795525
5538925514,broadleaved,37.343742,-5.9790729
5538925516,broadleaved,37.343776,-5.9788162
5538925517,broadleaved,37.343728,-5.9791609
5538925518,palm,37.3438274,-5.9789265
5538925519,palm,37.3438186,-5.9789922
5538925520,palm,37.3438098,-5.979058
5538925521,palm,37.3438554,-5.979069
5538925522,palm,37.3438651,-5.9790028
5538925523,palm,37.3438749,-5.9789366
5544008366,palm,37.3454864,-5.9785842
5544008367,palm,37.3454667,-5.9785755
5544008368,palm,37.3451783,-5.9783173
5544008369,desconocida,37.3452358,-5.9781966
5544008370,desconocida,37.3451863,-5.9781893
5544008371,desconocida,37.3452044,-5.978139
5544008372,desconocida,37.3452161,-5.9780632
5544008373,desconocida,37.3452401,-5.9784836
5544008374,desconocida,37.3452129,-5.9784421
5544008375,desconocida,37.3451548,-5.9785024
5544008376,palm,37.3451697,-5.9784354
5544028828,broadleaved,37.3450637,-5.977683
5544028830,broadleaved,37.3453039,-5.977741
5544028831,broadleaved,37.3452425,-5.9777262
5544028832,broadleaved,37.3454212,-5.9777691
5544028833,broadleaved,37.3454815,-5.9777835
5544028834,broadleaved,37.3455403,-5.9777976
5544028837,broadleaved,37.3457145,-5.9778389
5544028842,broadleaved,37.3458558,-5.9779951
5544028843,broadleaved,37.3458427,-5.9780807
5544028844,broadleaved,37.3458295,-5.9781668
5544028845,broadleaved,37.3458163,-5.978253
5544028846,broadleaved,37.3458031,-5.9783391
5544028847,broadleaved,37.3457492,-5.9786907
5544028848,broadleaved,37.3457368,-5.9787718
5544028849,broadleaved,37.3457256,-5.9788453
5544028850,broadleaved,37.3457771,-5.9785088
5544028851,broadleaved,37.3457903,-5.9784229
5544028852,broadleaved,37.3457103,-5.978945
5544028853,broadleaved,37.3458675,-5.9779184
5544028856,broadleaved,37.3455754,-5.9790358
5544028859,broadleaved,37.345456,-5.979006
5544028860,broadleaved,37.3453387,-5.9789778
5544028861,broadleaved,37.3450925,-5.9789194
5544028862,broadleaved,37.3450325,-5.9789047
5544028867,broadleaved,37.3449573,-5.9778824
5544028868,broadleaved,37.3449471,-5.9779504
5544028869,broadleaved,37.3449348,-5.9780323
5544028870,broadleaved,37.344911,-5.9781913
5544028871,broadleaved,37.3448993,-5.9782693
5544028872,broadleaved,37.3449243,-5.9781024
5544028873,broadleaved,37.3448888,-5.9783397
5544028874,broadleaved,37.3448556,-5.9785612
5544028875,broadleaved,37.3448684,-5.978476
5544028876,broadleaved,37.3448783,-5.97841
5544028877,broadleaved,37.3448466,-5.978621
5544028878,broadleaved,37.3448314,-5.9787229
5544028879,broadleaved,37.3449673,-5.9778158
5544039028,desconocida,37.3416918,-5.9754118
5544039029,desconocida,37.3416793,-5.9754953
5544039030,desconocida,37.3416513,-5.9756812
5544039031,desconocida,37.3416396,-5.975759
5544039032,desconocida,37.3416123,-5.9759411
5544039033,desconocida,37.3416003,-5.9760205
5544039034,desconocida,37.3415607,-5.9762838
5544039035,desconocida,37.3415739,-5.9761962
5544039036,desconocida,37.3415339,-5.9764622
5544039037,desconocida,37.3415226,-5.9765377
5544039038,desconocida,37.3414943,-5.9767262
5544039039,desconocida,37.3414801,-5.9768201
5544039040,desconocida,37.3414578,-5.9769687
5544039041,desconocida,37.3414443,-5.9770583
5544039042,desconocida,37.3414161,-5.9772462
5544039043,desconocida,37.3414028,-5.9773345
5544039044,desconocida,37.3413371,-5.9777717
5544039045,desconocida,37.3413631,-5.977599
5544039046,desconocida,37.3413761,-5.9775121
5544039047,desconocida,37.3413757,-5.9781457
5544039048,desconocida,37.3415846,-5.978198
5544039049,desconocida,37.3417272,-5.9782292
5544039050,desconocida,37.3418023,-5.9782483
5544039051,desconocida,37.3419429,-5.9782841
5544039052,desconocida,37.3420217,-5.9783041
5544039053,desconocida,37.3421527,-5.9783375
5544039054,desconocida,37.3422238,-5.9783556
5544039055,desconocida,37.3423049,-5.9782784
5544039056,desconocida,37.3422352,-5.9782621
5544039057,desconocida,37.3421656,-5.9782458
5544039058,desconocida,37.3420959,-5.9782295
5544039059,desconocida,37.3420262,-5.9782132
5544039060,desconocida,37.3419566,-5.9781969
5544039061,desconocida,37.3418869,-5.9781805
5544039062,desconocida,37.3418173,-5.9781642
5544039063,desconocida,37.3417476,-5.9781479
5544039064,desconocida,37.3416779,-5.9781316
5544039065,desconocida,37.3416083,-5.9781153
5544039066,desconocida,37.3415386,-5.978099
5544039067,desconocida,37.3414098,-5.9778821
5544039068,desconocida,37.3417515,-5.9756014
5544039069,desconocida,37.3417382,-5.9756884
5544039070,desconocida,37.3417249,-5.9757753
5544039071,desconocida,37.3417115,-5.9758623
5544039072,desconocida,37.3416982,-5.9759493
5544039073,desconocida,37.3416849,-5.9760363
5544039074,desconocida,37.3416715,-5.9761232
5544039075,desconocida,37.3416582,-5.9762102
5544039076,desconocida,37.3416449,-5.9762972
5544039077,desconocida,37.3415293,-5.9770911
5544039078,desconocida,37.3415161,-5.9771785
5544039079,desconocida,37.3415029,-5.9772659
5544039080,desconocida,37.3414897,-5.9773533
5544039081,desconocida,37.3414765,-5.9774407
5544039082,desconocida,37.3414633,-5.9775281
5544039083,desconocida,37.3414501,-5.9776155
5544039084,desconocida,37.3414369,-5.9777029
5544039085,desconocida,37.3414236,-5.9777903
5544039086,desconocida,37.3413234,-5.9778627
5544039087,desconocida,37.3415201,-5.9781826
5544039088,desconocida,37.341469,-5.9780826
5544039089,desconocida,37.3413986,-5.9779693
5544039090,desconocida,37.3415425,-5.9770037
5544039091,desconocida,37.3416316,-5.9763841
5544039092,desconocida,37.3417648,-5.9755144
5544039093,desconocida,37.3434638,-5.9758229
5544039094,desconocida,37.3433961,-5.9758067
5544039095,desconocida,37.3433312,-5.9757912
5544039096,desconocida,37.3432649,-5.9757753
5544039097,desconocida,37.343196,-5.9757589
5544039098,desconocida,37.3431251,-5.9757419
5544039099,desconocida,37.3430543,-5.975725
5544039100,desconocida,37.3429834,-5.9757081
5544039101,desconocida,37.3429125,-5.9756911
5544039102,desconocida,37.3428417,-5.9756742
5544039103,desconocida,37.3427708,-5.9756573
5544039104,desconocida,37.3427,-5.9756403
5544039105,desconocida,37.3426291,-5.9756234
5544039106,desconocida,37.3425582,-5.9756065
5544039107,desconocida,37.3424874,-5.9755895
5544039108,desconocida,37.3424165,-5.9755726
5544039109,desconocida,37.3423457,-5.9755557
5544039110,desconocida,37.3422748,-5.9755387
5544039111,desconocida,37.3422039,-5.9755218
5544039112,desconocida,37.3421331,-5.9755049
5544039113,desconocida,37.3420622,-5.9754879
5544039114,desconocida,37.3419914,-5.975471
5544039115,desconocida,37.3419205,-5.9754541
5544989793,broadleaved,37.3423539,-5.9785051
5544989794,broadleaved,37.3423651,-5.979063
5544989795,broadleaved,37.3423723,-5.9788223
5544989796,broadleaved,37.3423667,-5.978945
5544989797,broadleaved,37.3421873,-5.9789051
5544989798,broadleaved,37.3422796,-5.9789252
5544989799,broadleaved,37.3422929,-5.9788078
5544989800,broadleaved,37.3423075,-5.9786999
5544989801,broadleaved,37.3422537,-5.9784595
5544989802,broadleaved,37.3422422,-5.9785604
5544989803,broadleaved,37.3419053,-5.9783753
5544989804,broadleaved,37.3418158,-5.9783546
5544989805,broadleaved,37.3417264,-5.9783338
5544989806,broadleaved,37.3416882,-5.9785619
5544989807,broadleaved,37.3417789,-5.9785822
5544989808,broadleaved,37.3418696,-5.9786025
5544989809,broadleaved,37.3419603,-5.9786228
5544989810,broadleaved,37.342051,-5.9786431
5544989811,broadleaved,37.3416172,-5.9784273
5544989812,broadleaved,37.3417073,-5.9784478
5544989813,broadleaved,37.3417974,-5.9784684
5544989814,broadleaved,37.3418875,-5.9784889
5544989815,broadleaved,37.3419776,-5.9785094
5544989816,broadleaved,37.3420676,-5.97853
5544989817,broadleaved,37.3421577,-5.9785505
5544989818,broadleaved,37.3419948,-5.9783961
5544989819,broadleaved,37.3416369,-5.978313
5544989820,broadleaved,37.3421737,-5.9784377
5544990021,broadleaved,37.3421417,-5.9786633
5544990022,broadleaved,37.3415974,-5.9785416
5544990028,broadleaved,37.3414932,-5.978253
5544990029,broadleaved,37.3415287,-5.9782784
5544990030,broadleaved,37.3414586,-5.9782683
5544990031,broadleaved,37.3413673,-5.9782471
5544990032,broadleaved,37.3412788,-5.9782242
5544990033,broadleaved,37.3411992,-5.978203
5544990034,broadleaved,37.3412162,-5.9780916
5544990035,broadleaved,37.3412319,-5.9779815
5544990036,broadleaved,37.3412475,-5.9778714
5544990037,broadleaved,37.3412632,-5.9777613
5544990038,broadleaved,37.3412788,-5.9776512
5544990039,broadleaved,37.3412945,-5.9775411
5544990040,broadleaved,37.3413102,-5.977431
5544990041,broadleaved,37.3413258,-5.9773209
5544990042,broadleaved,37.3416742,-5.9789316
5544990043,broadleaved,37.3417702,-5.9786882
5544990044,broadleaved,37.3415966,-5.9788816
5544990045,broadleaved,37.3413655,-5.978725
5544990046,broadleaved,37.3415143,-5.978841
5544990047,broadleaved,37.3413538,-5.9783596
5544990048,broadleaved,37.3412427,-5.9785426
5544990049,broadleaved,37.3411949,-5.9784803
5544990050,broadleaved,37.3412443,-5.9784514
5544990051,broadleaved,37.3411246,-5.9782872
5544990052,broadleaved,37.3411022,-5.9781859
5544990053,broadleaved,37.3411299,-5.9780692
5544990054,broadleaved,37.3411454,-5.9779519
5544990055,broadleaved,37.3410585,-5.9779619
5544990056,broadleaved,37.3410318,-5.9778459
5544990057,broadleaved,37.3410553,-5.9778131
5544990058,broadleaved,37.3410894,-5.9777011
5544990059,broadleaved,37.3410004,-5.9777527
5544990060,broadleaved,37.3409844,-5.9776307
5544990061,broadleaved,37.3410137,-5.9775824
5544990062,broadleaved,37.3409292,-5.9774161
5544990063,broadleaved,37.3409151,-5.9773162
5544990064,broadleaved,37.340894,-5.9772039
5544990065,broadleaved,37.3410305,-5.9774674
5544990066,broadleaved,37.3410463,-5.9773589
5544990067,broadleaved,37.3410622,-5.9772505
5544990068,broadleaved,37.3409727,-5.9772257
5544990069,broadleaved,37.3409537,-5.9773377
5544990070,broadleaved,37.3410247,-5.9768946
5544990071,broadleaved,37.3410072,-5.9770077
5544990072,broadleaved,37.340918,-5.976989
5544990073,broadleaved,37.3409369,-5.9768691
5544990074,broadleaved,37.3409513,-5.9767781
5544990075,broadleaved,37.3410401,-5.9767925
5544990076,broadleaved,37.3411288,-5.9768069
5544990077,broadleaved,37.3411127,-5.9769167
5544990078,broadleaved,37.3410965,-5.9770264
5544990079,broadleaved,37.3410803,-5.9771362
5544990080,broadleaved,37.341019,-5.9763291
5544990081,broadleaved,37.3411123,-5.9763481
5544990082,broadleaved,37.3412056,-5.976367
5544990083,broadleaved,37.3412189,-5.9762564
5544990084,broadleaved,37.3412323,-5.9761458
5544990085,broadleaved,37.3412456,-5.9760351
5544990086,broadleaved,37.3411566,-5.9760139
5544990087,broadleaved,37.3410675,-5.9759927
5544990088,broadleaved,37.3409785,-5.9759715
5544990089,broadleaved,37.3408895,-5.9759503
5544990090,broadleaved,37.3408399,-5.9762802
5544990091,broadleaved,37.3408569,-5.9761709
5544990092,broadleaved,37.3412013,-5.9745187
5544990093,broadleaved,37.3411118,-5.974516
5544990094,broadleaved,37.3411091,-5.9744731
5544990095,broadleaved,37.3408801,-5.9745874
5544990096,broadleaved,37.3408553,-5.9755996
5544990097,broadleaved,37.3408707,-5.9754925
5544990098,broadleaved,37.340886,-5.9753853
5544990099,broadleaved,37.340826,-5.9751483
5544990100,broadleaved,37.340689,-5.97544
5544990101,broadleaved,37.3407002,-5.9753273
5544990102,broadleaved,37.3407931,-5.9753563
5544990103,broadleaved,37.3407801,-5.9754651
5544990104,broadleaved,37.3407671,-5.9755739
5544990105,broadleaved,37.3407541,-5.9756827
5544990106,broadleaved,37.3416262,-5.9753357
5544990107,broadleaved,37.341538,-5.9753148
5544990108,broadleaved,37.3414498,-5.9752938
5544990109,broadleaved,37.3413615,-5.9752729
5544990110,broadleaved,37.3412884,-5.9752555
5544990111,broadleaved,37.341179,-5.9752295
5544990112,broadleaved,37.3410969,-5.97521
5544990113,broadleaved,37.3414903,-5.9756318
5544990114,broadleaved,37.3414013,-5.9756119
5544990115,broadleaved,37.3413124,-5.975592
5544990116,broadleaved,37.3412235,-5.9755721
5544990117,broadleaved,37.3411345,-5.9755522
5544990118,broadleaved,37.3410456,-5.9755323
5544990119,broadleaved,37.3410642,-5.9754153
5544990120,broadleaved,37.3411531,-5.9754362
5544990321,broadleaved,37.3412419,-5.9754571
5544990322,broadleaved,37.3413308,-5.975478
5544990323,broadleaved,37.3414197,-5.9754988
5544990324,broadleaved,37.3415086,-5.9755197
5544990325,broadleaved,37.3415974,-5.9755406
5544990326,broadleaved,37.3416124,-5.9754266
5544990327,broadleaved,37.3415241,-5.9754052
5544990328,broadleaved,37.3414358,-5.9753838
5544990329,broadleaved,37.3413476,-5.9753625
5544990330,broadleaved,37.3412593,-5.9753411
5544990331,broadleaved,37.3411711,-5.9753197
5544990332,broadleaved,37.3410828,-5.9752984
5544990333,broadleaved,37.3409908,-5.9752834
5544990334,broadleaved,37.3409566,-5.9755124
5544990335,broadleaved,37.341272,-5.977068
5544990336,broadleaved,37.3412889,-5.9769587
5544990337,broadleaved,37.3413057,-5.9768495
5544990338,broadleaved,37.3413225,-5.9767403
5544990339,broadleaved,37.3413394,-5.976631
5544990340,broadleaved,37.3413619,-5.9770906
5544990341,broadleaved,37.3413783,-5.9769806
5544990342,broadleaved,37.3413947,-5.9768706
5544990343,broadleaved,37.3414111,-5.9767606
5544990344,broadleaved,37.3414275,-5.9766507
5544990345,broadleaved,37.3414439,-5.9765407
5544990346,broadleaved,37.3413562,-5.9765218
5544990347,broadleaved,37.3412685,-5.9765028
5544990348,broadleaved,37.3412512,-5.9766113
5544990349,broadleaved,37.3412339,-5.9767199
5544990350,broadleaved,37.3412167,-5.9768284
5544990351,broadleaved,37.3411994,-5.9769369
5544990352,broadleaved,37.3411821,-5.9770454
5544990353,broadleaved,37.3411648,-5.9771539
5544990354,broadleaved,37.3412552,-5.9771772
5544990355,broadleaved,37.3413455,-5.9772005
5544990356,broadleaved,37.341373,-5.9764051
5544990357,broadleaved,37.3413892,-5.976296
5544990358,broadleaved,37.3414053,-5.976187
5544990359,broadleaved,37.3414215,-5.9760779
5544990360,broadleaved,37.3414377,-5.9759689
5544990361,broadleaved,37.341558,-5.9757759
5544990362,broadleaved,37.34147,-5.9757508
5544990363,broadleaved,37.3413821,-5.9757257
5544990364,broadleaved,37.3412845,-5.9763791
5544990365,broadleaved,37.3413008,-5.9762702
5544990366,broadleaved,37.341317,-5.9761613
5544990367,broadleaved,37.3413333,-5.9760524
5544990368,broadleaved,37.3413495,-5.9759435
5544990369,broadleaved,37.3413658,-5.9758346
5544990370,broadleaved,37.3414539,-5.9758598
5544990371,broadleaved,37.3415419,-5.9758851
5544990372,broadleaved,37.3415258,-5.9759943
5544990373,broadleaved,37.3415097,-5.9761035
5544990374,broadleaved,37.3414937,-5.9762127
5544990375,broadleaved,37.3414776,-5.9763219
5544990376,broadleaved,37.3414615,-5.9764311
5546697916,desconocida,37.3457569,-5.9768337
5546697917,desconocida,37.3453537,-5.9770916
5546697918,desconocida,37.3456087,-5.9767933
5546697919,desconocida,37.3456876,-5.9768089
5546697920,desconocida,37.34569,-5.9772961
5546699421,desconocida,37.3457018,-5.9772404
5546699422,desconocida,37.3457385,-5.9769655
5546699423,desconocida,37.3455298,-5.9767777
5546699424,desconocida,37.3453243,-5.9771891
5546699425,desconocida,37.3453731,-5.9768498
5546699426,desconocida,37.3453571,-5.976939
5546699427,desconocida,37.345553,-5.9770292
5546699428,desconocida,37.3455434,-5.9770969
5546699429,desconocida,37.3453883,-5.9773055
5546699430,desconocida,37.3454472,-5.9773191
5546699431,desconocida,37.3455061,-5.9773326
5547886924,broadleaved,37.345942,-5.9774285
5547886925,broadleaved,37.3460024,-5.9770319
5547886926,broadleaved,37.3460143,-5.97695
5547886927,broadleaved,37.3460263,-5.9768681
5547886928,broadleaved,37.3460382,-5.9767862
5547886929,broadleaved,37.3460501,-5.9767043
5547886930,broadleaved,37.3459565,-5.9773346
5547886931,broadleaved,37.3459702,-5.9772458
5547886932,broadleaved,37.3459291,-5.9775122
5547886933,broadleaved,37.3459181,-5.9775835
5547886934,broadleaved,37.3459051,-5.9776679
5547886937,broadleaved,37.345742,-5.9777142
5547886938,broadleaved,37.3456217,-5.9776852
5547886939,broadleaved,37.3455621,-5.9776709
5547886940,broadleaved,37.3455011,-5.9776562
5547886941,broadleaved,37.3454437,-5.9776424
5547886942,broadleaved,37.3453805,-5.9776272
5547886943,broadleaved,37.3453262,-5.9776141
5547886944,broadleaved,37.345141,-5.9775696
5547886945,broadleaved,37.34508,-5.9775549
5547886946,broadleaved,37.3450427,-5.9773296
5547886947,broadleaved,37.3450539,-5.9772547
5547886948,broadleaved,37.3450652,-5.9771799
5547886949,broadleaved,37.3450765,-5.9771051
5547886950,broadleaved,37.3450877,-5.9770302
5547886951,broadleaved,37.345099,-5.9769554
5547886952,broadleaved,37.3451103,-5.9768806
5547886953,broadleaved,37.3451215,-5.9768058
5547886954,broadleaved,37.3451328,-5.9767309
5547886955,broadleaved,37.3451441,-5.9766561
5547886956,broadleaved,37.3450314,-5.9774044
5547886957,broadleaved,37.3451553,-5.9765813
5547886960,broadleaved,37.3455415,-5.9764334
5547886961,broadleaved,37.3454747,-5.9764177
5547886963,broadleaved,37.3456664,-5.9764627
5547886964,broadleaved,37.345731,-5.9764779
5547886965,broadleaved,37.3457923,-5.9764923
5547886967,broadleaved,37.3459766,-5.9765357
5553484807,Cupressus,37.3457476,-5.9799441
5553485680,palm,37.3451724,-5.9831108
5553485681,palm,37.3451324,-5.9831222
5553485682,palm,37.3451561,-5.9831604
5553485683,palm,37.345243,-5.9831396
5553485684,palm,37.345231,-5.9831688
5553485685,palm,37.3452105,-5.9831332
5553485686,palm,37.3452508,-5.9830749
5553485687,palm,37.3452758,-5.9830571
5553485688,palm,37.345247,-5.983035
5553485689,palm,37.3451668,-5.9832268
5553485690,palm,37.3451903,-5.983257
5553485716,broadleaved,37.3432733,-5.9813083
5553485717,broadleaved,37.3432357,-5.9812057
5553485718,broadleaved,37.3432341,-5.9812497
5553485719,broadleaved,37.3432316,-5.9812902
5553516963,broadleaved,37.345818,-5.979506
5553516964,broadleaved,37.345803,-5.9796017
5553516965,broadleaved,37.3457513,-5.9793885
5553516966,broadleaved,37.3457363,-5.9794843
5553516967,broadleaved,37.3457212,-5.97958
5553516968,broadleaved,37.345835,-5.9793926
5553516969,Cupressus,37.3457865,-5.9797071
5553516970,Cupressus,37.3457068,-5.979689
5553516971,Cupressus,37.3458478,-5.9792933
5553516972,Cupressus,37.345774,-5.9792712
5553516973,broadleaved,37.3459128,-5.9788591
5553516974,broadleaved,37.3460398,-5.9780052
5553516975,broadleaved,37.3460257,-5.9781001
5553516976,broadleaved,37.3460116,-5.978195
5553516977,broadleaved,37.3459975,-5.9782899
5553516978,broadleaved,37.3459834,-5.9783847
5553516979,broadleaved,37.3459552,-5.9785745
5553516980,broadleaved,37.345941,-5.9786694
5553516981,broadleaved,37.3459269,-5.9787643
5553516982,broadleaved,37.3458987,-5.978954
5553516983,Cupressus,37.3458846,-5.9790489
5553516984,Cupressus,37.3458097,-5.9790321
5553516985,broadleaved,37.3458241,-5.9789371
5553516986,broadleaved,37.3458385,-5.9788421
5553516987,broadleaved,37.345853,-5.978747
5553516988,broadleaved,37.3458674,-5.978652
5553516989,broadleaved,37.3458818,-5.978557
5553516990,broadleaved,37.3458962,-5.9784619
5553516991,broadleaved,37.3459106,-5.9783669
5553516992,broadleaved,37.345925,-5.9782719
5553516993,broadleaved,37.3459395,-5.9781768
5553516994,broadleaved,37.3459539,-5.9780818
5553516995,broadleaved,37.3459683,-5.9779868
5553517226,broadleaved,37.3460601,-5.9779031
5553517227,broadleaved,37.3460742,-5.97781
5553517228,broadleaved,37.3460883,-5.9777168
5553517229,broadleaved,37.3461023,-5.9776237
5553517230,broadleaved,37.3461727,-5.977158
5553517231,broadleaved,37.3461586,-5.9772511
5553517232,broadleaved,37.3461445,-5.9773442
5553517233,broadleaved,37.3461305,-5.9774374
5553517234,broadleaved,37.3461164,-5.9775305
5553517235,broadleaved,37.3462034,-5.9769281
5553517236,broadleaved,37.346217,-5.9768284
5553517237,broadleaved,37.346085,-5.9771372
5553517238,broadleaved,37.3460715,-5.9772306
5553517239,broadleaved,37.3460579,-5.977324
5553517240,broadleaved,37.3460444,-5.9774174
5553517241,broadleaved,37.3460308,-5.9775108
5553517242,broadleaved,37.3460173,-5.9776042
5553517243,broadleaved,37.3460037,-5.9776976
5553517244,broadleaved,37.3459902,-5.977791
5553517251,Cupressus,37.3461727,-5.976649
5553517252,Cupressus,37.3461605,-5.9767345
5553517253,Cupressus,37.3461547,-5.9767709
5553517254,Cupressus,37.3461415,-5.9768536
5553517255,Cupressus,37.3461346,-5.9768971
5553517256,Cupressus,37.3461277,-5.9769407
5553517264,Cupressus,37.3462482,-5.9766027
5553517265,Cupressus,37.3462138,-5.9765977
5553517266,Cupressus,37.3461834,-5.976583
5553517295,Cupressus,37.3462463,-5.9763912
5553517296,Cupressus,37.3462884,-5.976363
5553517297,Cupressus,37.3462183,-5.9763456
5553517298,broadleaved,37.3462959,-5.976306
5553517299,broadleaved,37.346226,-5.9762906
5553517300,broadleaved,37.34624,-5.9762021
5553517301,broadleaved,37.3462473,-5.9761545
5553517302,broadleaved,37.3462803,-5.9761818
5553517303,broadleaved,37.346286,-5.9761344
5553517304,broadleaved,37.3462746,-5.9762292
5553517305,broadleaved,37.3463087,-5.9762122
5553517306,broadleaved,37.3463159,-5.9761668
5553517307,broadleaved,37.3463015,-5.9762577
5553517308,broadleaved,37.3463231,-5.9761213
5553517309,broadleaved,37.3462546,-5.9761069
5553517310,broadleaved,37.3462327,-5.9762497
5555428212,broadleaved,37.3454523,-5.9813442
5555428213,broadleaved,37.3454384,-5.9814374
5555428214,broadleaved,37.3454245,-5.9815306
5555428215,broadleaved,37.3454107,-5.9816239
5555428216,broadleaved,37.3453968,-5.9817171
5555428217,broadleaved,37.3453829,-5.9818103
5555428218,broadleaved,37.345369,-5.9819035
5555428219,broadleaved,37.3453552,-5.9819967
5555428220,broadleaved,37.3453413,-5.9820899
5555428921,broadleaved,37.3453136,-5.9822764
5555428922,broadleaved,37.3452997,-5.9823696
5555428923,Cupressus,37.3453105,-5.9828218
5555428924,Cupressus,37.3452772,-5.9828134
5555428925,Cupressus,37.3452846,-5.9825247
5555428926,Cupressus,37.3452771,-5.9825769
5555428927,Cupressus,37.3452638,-5.9826696
5555428928,Cupressus,37.3452513,-5.9827567
5555428929,broadleaved,37.3453401,-5.982632
5555428930,broadleaved,37.3453555,-5.9825354
5555428931,broadleaved,37.3454296,-5.9820158
5555428932,broadleaved,37.3454155,-5.9821089
5555428933,broadleaved,37.3454014,-5.982202
5555428934,broadleaved,37.3453872,-5.982295
5555428935,broadleaved,37.3453731,-5.9823881
5555428936,broadleaved,37.3454579,-5.9818297
5555428937,broadleaved,37.3454861,-5.9816435
5555428938,broadleaved,37.3455003,-5.9815505
5555428939,broadleaved,37.3455144,-5.9814574
5555428940,broadleaved,37.3455285,-5.9813643
5555428998,broadleaved,37.3456765,-5.9803953
5555428999,broadleaved,37.3456622,-5.9804898
5555429000,broadleaved,37.3456479,-5.9805843
5555429001,broadleaved,37.3456336,-5.9806788
5555429002,broadleaved,37.3456193,-5.9807734
5555429003,broadleaved,37.3456049,-5.9808679
5555429004,broadleaved,37.3455906,-5.9809624
5555429005,broadleaved,37.3455763,-5.9810569
5555429006,broadleaved,37.345562,-5.9811515
5555429007,broadleaved,37.3455477,-5.981246
5555429008,broadleaved,37.3454664,-5.9812399
5555429009,broadleaved,37.3454808,-5.981145
5555429010,broadleaved,37.3454953,-5.98105
5555429011,broadleaved,37.3455097,-5.9809551
5555429012,broadleaved,37.3455241,-5.9808601
5555429013,broadleaved,37.3455386,-5.9807651
5555429014,broadleaved,37.345553,-5.9806702
5555429015,broadleaved,37.3455674,-5.9805752
5555429016,broadleaved,37.3455819,-5.9804803
5555429017,broadleaved,37.3455963,-5.9803853
5555429018,broadleaved,37.3456107,-5.9802903
5555429019,broadleaved,37.3456252,-5.9801954
5555429020,broadleaved,37.3456396,-5.9801004
5555429021,broadleaved,37.345654,-5.9800055
5555429022,broadleaved,37.3457337,-5.9800172
5555429023,broadleaved,37.3457194,-5.9801117
5555429024,broadleaved,37.3457051,-5.9802062
5555443071,broadleaved,37.3455642,-5.9799485
5555443072,broadleaved,37.345552,-5.980025
5555443073,broadleaved,37.3455362,-5.9801238
5555443074,broadleaved,37.3455225,-5.9802091
5555443075,broadleaved,37.3455103,-5.9802857
5555443076,broadleaved,37.3454954,-5.9803789
5555443077,broadleaved,37.3454822,-5.980461
5555443078,broadleaved,37.3454701,-5.9805368
5555443079,broadleaved,37.3454559,-5.9806258
5555443081,broadleaved,37.3454408,-5.9807203
5555443082,broadleaved,37.3454315,-5.9807781
5555443083,broadleaved,37.3454181,-5.9808622
5555443084,broadleaved,37.3454043,-5.9809483
5555443085,broadleaved,37.3453694,-5.9811957
5555443086,broadleaved,37.3453563,-5.9812821
5555443088,broadleaved,37.3453449,-5.9813578
5555443089,broadleaved,37.3453318,-5.9814446
5555443090,broadleaved,37.3453155,-5.9815521
5555443092,broadleaved,37.3453018,-5.9816433
5555443093,broadleaved,37.3452892,-5.9817265
5555443094,broadleaved,37.345277,-5.9818071
5555443095,broadleaved,37.3452646,-5.9818896
5555443096,broadleaved,37.3452513,-5.9819774
5555443098,broadleaved,37.3452362,-5.9820775
5555443099,broadleaved,37.3452244,-5.9821554
5555443100,broadleaved,37.3452129,-5.9822317
5555443102,broadleaved,37.3452001,-5.9823167
5555443103,broadleaved,37.3451843,-5.9824215
5555443104,broadleaved,37.3451726,-5.9824984
5555443105,broadleaved,37.3451622,-5.9825679
5555443107,broadleaved,37.3451502,-5.9826469
5555443108,broadleaved,37.345138,-5.9827252
5557636977,desconocida,37.3440209,-5.981473
5557636978,desconocida,37.3440065,-5.9815075
5557636979,desconocida,37.3440492,-5.9814213
5557636980,desconocida,37.3440609,-5.9812678
5557637168,desconocida,37.3440892,-5.9803887
5557637169,desconocida,37.3440902,-5.9798777
5557637170,desconocida,37.3440769,-5.9799984
5557637171,desconocida,37.3440081,-5.9799723
5557637172,desconocida,37.3439388,-5.9799642
5557637173,desconocida,37.3439847,-5.9800789
5557637174,desconocida,37.3439319,-5.9801272
5557637175,desconocida,37.3439793,-5.9803344
5557637176,desconocida,37.3439889,-5.9798395
5557637177,desconocida,37.3441814,-5.9799535
5557637178,desconocida,37.3441531,-5.9798905
5557637179,desconocida,37.3441142,-5.9799481
5557637180,desconocida,37.3441174,-5.9801319
5557637181,desconocida,37.3440524,-5.9801084
5596193213,palm,37.3739994,-6.0049289
5596227517,desconocida,37.3735004,-6.0048776
5596227518,desconocida,37.3734816,-6.0048568
5596227519,desconocida,37.3734729,-6.0049181
5596227520,desconocida,37.3734533,-6.0048934
5596228221,desconocida,37.3734328,-6.0049567
5596228222,desconocida,37.3734211,-6.004926
5596228223,desconocida,37.3733889,-6.0049695
5596228224,desconocida,37.3733802,-6.0049438
5596228228,desconocida,37.3733967,-6.0050222
5596228229,desconocida,37.3733522,-6.0050338
5596228230,desconocida,37.3733754,-6.0050805
5596228231,desconocida,37.3733967,-6.0051529
5596249601,desconocida,37.3734835,-6.0047612
5596257037,desconocida,37.3734115,-6.0047062
5596257038,desconocida,37.3734204,-6.0046894
5596257039,desconocida,37.3734262,-6.0047342
5596257040,desconocida,37.3734402,-6.0047079
5596257041,desconocida,37.3734594,-6.0047325
5596257042,desconocida,37.3734026,-6.0046744
5612627638,desconocida,37.3791796,-6.0106711
5612627644,desconocida,37.3792691,-6.0105766
5612627646,desconocida,37.3793352,-6.0106396
5612627649,desconocida,37.3795185,-6.0107228
5612627651,desconocida,37.379543,-6.0107214
5612627655,desconocida,37.3795782,-6.0107033
5612654725,desconocida,37.3792747,-6.0107023
5612654726,desconocida,37.3793096,-6.0105363
5612654727,desconocida,37.3793379,-6.0107308
5612654728,desconocida,37.379357,-6.0104847
5612654729,desconocida,37.3793975,-6.0104431
5612654730,desconocida,37.3794338,-6.0107275
5612654731,desconocida,37.3794386,-6.0104029
5612654733,desconocida,37.3794881,-6.0107228
5612654734,desconocida,37.3795105,-6.0103325
5612654735,desconocida,37.3795249,-6.0104438
5612654925,desconocida,37.3793035,-6.0106718
5612654926,desconocida,37.3793107,-6.0107348
5612654927,desconocida,37.3793685,-6.0106047
5612654928,desconocida,37.3793768,-6.0107322
5612654930,desconocida,37.3793997,-6.0105712
5612654931,desconocida,37.3794636,-6.0105085
5612654933,desconocida,37.3794945,-6.0104747
5612654935,desconocida,37.3795696,-6.01047
5612654936,desconocida,37.3795776,-6.0106671
5612680622,desconocida,37.3794764,-6.0103654
5612680623,desconocida,37.3795723,-6.0105196
5612680624,desconocida,37.3795744,-6.0105672
5612681121,desconocida,37.3795766,-6.0106235
5615807521,desconocida,37.3783094,-6.0116964
5615807522,desconocida,37.3785459,-6.0113328
5615807621,desconocida,37.3783436,-6.0116605
5615807622,desconocida,37.3783799,-6.0116225
5615807624,desconocida,37.3784122,-6.0115886
5615807626,desconocida,37.3785153,-6.0114806
5615807627,desconocida,37.3785854,-6.0114072
5615807630,desconocida,37.3786553,-6.011334
5615807631,desconocida,37.378685,-6.0113028
5615807721,desconocida,37.3784483,-6.0115508
5615807722,desconocida,37.3784344,-6.0114487
5615807723,desconocida,37.3785059,-6.0113744
5615807822,desconocida,37.3784817,-6.0115158
5615807823,desconocida,37.3786209,-6.01137
5615807825,desconocida,37.3783224,-6.0115651
5615807826,desconocida,37.378366,-6.0115198
5615807827,desconocida,37.3784027,-6.0114817
5615807828,desconocida,37.3784644,-6.0114176
5615807829,desconocida,37.3785833,-6.011294
5615807921,desconocida,37.3785492,-6.0114451
5615815421,desconocida,37.3782561,-6.011634
5617016027,desconocida,37.3788782,-6.0111149
5617016028,desconocida,37.3789053,-6.0110838
5617016029,desconocida,37.3789391,-6.0110476
5617016030,desconocida,37.3789666,-6.0110164
5617016031,desconocida,37.3790309,-6.0109533
5617016032,desconocida,37.3790641,-6.01092
5617016033,desconocida,37.3790922,-6.0108881
5617016034,desconocida,37.378716,-6.0111631
5617016035,desconocida,37.3787537,-6.0111178
5617016036,desconocida,37.3787999,-6.0110682
5617016037,desconocida,37.3788529,-6.0110193
5617016038,desconocida,37.3789019,-6.0109668
5617016039,desconocida,37.3789464,-6.0109229
5617016040,desconocida,37.3790004,-6.0108647
5617016041,desconocida,37.3790421,-6.0108222
5617028142,desconocida,37.3791293,-6.0109786
5617028143,desconocida,37.3791304,-6.0110275
5617028144,desconocida,37.3791326,-6.0110828
5617028145,desconocida,37.3791118,-6.0111672
5617028146,desconocida,37.379078,-6.01117
5617028147,desconocida,37.3790465,-6.0111714
5617028148,desconocida,37.3789901,-6.0111735
5617028149,desconocida,37.3789569,-6.0111778
5617028150,desconocida,37.3789124,-6.0111792
5617036956,desconocida,37.3788254,-6.0112709
5617036957,desconocida,37.378932,-6.0112628
5617036958,desconocida,37.3789951,-6.0112569
5617036959,desconocida,37.3790462,-6.0112557
5617036960,desconocida,37.3790805,-6.0112546
5617036961,desconocida,37.3791102,-6.0112511
5617036962,desconocida,37.3791408,-6.0112814
5617036963,desconocida,37.3791519,-6.0115546
5617036964,desconocida,37.3791501,-6.0114986
5617036965,desconocida,37.3791399,-6.0113316
5617036966,desconocida,37.3791482,-6.0114554
5617036967,desconocida,37.3791454,-6.0113795
5617433310,desconocida,37.3790981,-6.0115873
5617433311,desconocida,37.3791324,-6.0115861
5617433312,desconocida,37.3790424,-6.0115932
5617433313,desconocida,37.3789998,-6.0115932
5617433314,desconocida,37.3789673,-6.0115955
5617433315,desconocida,37.378932,-6.0115978
5617433316,desconocida,37.378883,-6.0116089
5617433317,desconocida,37.3788552,-6.0116345
5617433318,desconocida,37.3788323,-6.0116584
5617433319,desconocida,37.3787879,-6.0117094
5617433320,desconocida,37.378736,-6.0117668
5617434121,desconocida,37.3787056,-6.0117973
5617434122,desconocida,37.3785259,-6.0120028
5618896548,desconocida,37.3786464,-6.0118616
5618896549,desconocida,37.3785917,-6.0119257
5618896550,desconocida,37.3785611,-6.0119607
5618896551,desconocida,37.3786232,-6.011893
5618916498,desconocida,37.3796565,-6.010371
5618916499,desconocida,37.379728,-6.010365
5618916500,desconocida,37.3797681,-6.0103621
5618916501,desconocida,37.3798026,-6.0103591
5618916502,desconocida,37.37986,-6.0103601
5618916503,desconocida,37.3798995,-6.0104537
5618916504,desconocida,37.3799028,-6.0105762
5618916505,desconocida,37.3799047,-6.0106369
5618916506,desconocida,37.3798665,-6.0106964
5618916507,desconocida,37.3798072,-6.0106984
5618916508,desconocida,37.379746,-6.0107058
5618916509,desconocida,37.3797158,-6.0107073
5618916510,desconocida,37.3796764,-6.0107088
5618916511,desconocida,37.3796398,-6.0106725
5618916512,desconocida,37.3796358,-6.0106243
5618916513,desconocida,37.3796342,-6.0105903
5618916514,desconocida,37.3796325,-6.010552
5618916515,desconocida,37.3796285,-6.0104982
5618916516,desconocida,37.3796263,-6.0104549
5618941621,desconocida,37.3799581,-6.0103957
5618941622,desconocida,37.3799648,-6.0105254
5618941623,desconocida,37.3799615,-6.0104618
5618941624,desconocida,37.3799701,-6.0105999
5618941628,desconocida,37.3800135,-6.0103562
5618941629,desconocida,37.3800741,-6.0103511
5618941630,desconocida,37.3801056,-6.0103496
5618941636,desconocida,37.3801403,-6.010651
5618941637,desconocida,37.3801313,-6.0103827
5618941638,desconocida,37.3801352,-6.0105086
5618941639,desconocida,37.3801391,-6.0105801
5618941640,desconocida,37.3801343,-6.0104466
5619049480,desconocida,37.3799887,-6.0106912
5619049481,desconocida,37.38002,-6.0106912
5619049483,desconocida,37.3801136,-6.010687
5619064202,desconocida,37.379996,-6.0106088
5619064203,desconocida,37.3800203,-6.0106184
5619064204,desconocida,37.3801066,-6.010616
5619064205,desconocida,37.3801233,-6.0105968
5619255725,desconocida,37.3854392,-6.0134155
5619255726,desconocida,37.385411,-6.0132447
5619255727,desconocida,37.3854748,-6.0133552
5624774010,desconocida,37.4059002,-5.9707048
5624775626,desconocida,37.4059556,-5.970619
5624775634,desconocida,37.4068762,-5.9719437
5624775665,desconocida,37.4061136,-5.970489
5624775825,desconocida,37.4060195,-5.9705358
5631779631,desconocida,37.3802126,-6.0106322
5631779632,desconocida,37.3802079,-6.0105689
5631779633,desconocida,37.3802055,-6.0105146
5631779634,desconocida,37.3802024,-6.0104543
5631779637,desconocida,37.3802503,-6.0103306
5631779638,desconocida,37.3802982,-6.0103297
5631779639,desconocida,37.3803381,-6.0103272
5631779640,desconocida,37.3803754,-6.0103247
5631779641,desconocida,37.3804266,-6.0103214
5631779643,desconocida,37.3804692,-6.0103599
5631779644,desconocida,37.3804752,-6.0104252
5631779645,desconocida,37.3804785,-6.0104871
5631779646,desconocida,37.3804791,-6.0105574
5631779647,desconocida,37.3804805,-6.0106009
5631779649,desconocida,37.3804452,-6.0106587
5631779650,desconocida,37.3803767,-6.0106646
5631779651,desconocida,37.3803328,-6.0106696
5631779652,desconocida,37.3803009,-6.0106704
5631779653,desconocida,37.380265,-6.0106721
5632791724,desconocida,37.4070879,-5.9707093
5632791725,desconocida,37.4074778,-5.9710822
5632791726,desconocida,37.4073394,-5.9708864
5632791728,desconocida,37.4062677,-5.9699932
5632791729,desconocida,37.4071433,-5.9707871
5632791730,desconocida,37.407007,-5.9706047
5632791737,desconocida,37.4065233,-5.970358
5632791745,desconocida,37.4063635,-5.9701541
5632791747,desconocida,37.4064168,-5.9698966
5632868166,desconocida,37.4058543,-5.9708436
5632868169,desconocida,37.4058543,-5.9707685
5632868171,desconocida,37.4057777,-5.9708463
5632868179,desconocida,37.4078868,-5.9706424
5632868180,desconocida,37.4077476,-5.9708872
5632868182,desconocida,37.4079315,-5.9707551
5632868186,desconocida,37.4057884,-5.9709401
5632868188,desconocida,37.4078464,-5.970798
5632868193,desconocida,37.4057158,-5.9710555
5633494625,desconocida,37.3816349,-6.0052907
5650276675,desconocida,37.4061338,-5.9718761
5650276676,desconocida,37.4056713,-5.9713209
5650276677,desconocida,37.4060741,-5.971852
5650276678,desconocida,37.4057203,-5.9713719
5650276679,desconocida,37.4059697,-5.9720475
5650276680,desconocida,37.405927,-5.9719405
5650276681,desconocida,37.4056223,-5.9716776
5650276682,desconocida,37.4057971,-5.9715194
5650276683,desconocida,37.4059185,-5.9717259
5650276684,desconocida,37.4056287,-5.9713853
5650276685,desconocida,37.405861,-5.9715945
5650276686,desconocida,37.4058206,-5.9719244
5650276687,desconocida,37.4057524,-5.9718654
5650276688,desconocida,37.4056309,-5.9714765
5650276689,desconocida,37.4056543,-5.9717769
5650276690,desconocida,37.4057395,-5.9714496
5650276691,desconocida,37.405697,-5.9712431
5650276692,desconocida,37.405944,-5.9716996
5650276693,desconocida,37.4060017,-5.9717393
5650276694,desconocida,37.4060294,-5.9720207
5650276695,desconocida,37.4057224,-5.9712163
5650276696,desconocida,37.4058035,-5.9717018
5650276697,desconocida,37.4056522,-5.9715811
5652515873,desconocida,37.4139162,-5.9629064
5687548718,broadleaved,37.3875938,-5.9608096
5687548719,broadleaved,37.387597,-5.960882
5687548720,broadleaved,37.3876007,-5.9609685
5687549021,broadleaved,37.387602,-5.9610379
5687549022,broadleaved,37.3876151,-5.9606127
5687549023,broadleaved,37.3876132,-5.9605209
5687549024,broadleaved,37.3876082,-5.960426
5687549025,broadleaved,37.3876063,-5.9603388
5687549026,broadleaved,37.3876007,-5.9601591
5687549027,broadleaved,37.3876034,-5.960249
5687549028,broadleaved,37.387597,-5.9600666
5687549029,broadleaved,37.3875938,-5.959967
5687549030,broadleaved,37.3875911,-5.9598778
5687549031,broadleaved,37.3875847,-5.9597876
5687549032,broadleaved,37.3875829,-5.9596978
5687549033,broadleaved,37.387613,-5.9596019
5687549034,broadleaved,37.387717,-5.9594876
5687549035,broadleaved,37.3879262,-5.9594721
5687549036,broadleaved,37.3880047,-5.9594643
5687549037,broadleaved,37.388087,-5.959456
5687549038,broadleaved,37.3887038,-5.959361
5687549039,broadleaved,37.388761,-5.9593556
5687549040,broadleaved,37.3888208,-5.9593496
5687549041,broadleaved,37.3893245,-5.9593281
5687549042,broadleaved,37.3893833,-5.9593241
5687549043,broadleaved,37.3894488,-5.9593203
5687549044,broadleaved,37.3895127,-5.9593152
5687549045,broadleaved,37.389572,-5.9593114
5687549046,broadleaved,37.3897491,-5.9593105
5687549047,broadleaved,37.3897819,-5.9593122
5687549048,broadleaved,37.3898192,-5.9593152
5687549049,broadleaved,37.3898528,-5.9593179
5687549050,broadleaved,37.389885,-5.9593203
5687549051,broadleaved,37.3899228,-5.9593253
5687549052,broadleaved,37.389971,-5.9593293
5687549053,broadleaved,37.3900193,-5.959334
5687549054,broadleaved,37.3900635,-5.9593374
5687549055,needleleaved,37.3900432,-5.9590812
5687549056,needleleaved,37.389917,-5.9589565
5687549057,needleleaved,37.3898155,-5.9590921
5687549058,needleleaved,37.3896919,-5.958953
5687549059,needleleaved,37.3895901,-5.9591131
5687549060,needleleaved,37.3894704,-5.9589875
5687549061,needleleaved,37.3893661,-5.9591362
5687549062,needleleaved,37.3892469,-5.9590229
5687549063,needleleaved,37.3891411,-5.959156
5687549064,needleleaved,37.389023,-5.9590587
5687549065,needleleaved,37.388918,-5.9591778
5687549066,needleleaved,37.388698,-5.9591989
5687549067,needleleaved,37.3884731,-5.9592217
5687549068,needleleaved,37.3882472,-5.9592421
5687549069,needleleaved,37.3880221,-5.9592649
5687549070,needleleaved,37.3878546,-5.9592827
5687549071,needleleaved,37.3894146,-5.9586729
5687549072,needleleaved,37.3892718,-5.9587781
5687549073,needleleaved,37.3890517,-5.9588116
5687549074,needleleaved,37.3888312,-5.9588485
5687549075,needleleaved,37.3886079,-5.9588814
5687549076,needleleaved,37.3883815,-5.9589216
5687549077,needleleaved,37.3881577,-5.9589538
5687549078,needleleaved,37.3879356,-5.9589887
5687549079,needleleaved,37.3878295,-5.9588036
5687549080,needleleaved,37.388036,-5.9587825
5687549081,needleleaved,37.388259,-5.958761
5687549082,needleleaved,37.3884817,-5.9587392
5687549083,needleleaved,37.3887062,-5.9587174
5687549084,needleleaved,37.3889287,-5.9586966
5687549085,needleleaved,37.3891516,-5.9586755
5687549086,needleleaved,37.3893706,-5.9586557
5687549087,needleleaved,37.3895933,-5.9586333
5687549088,needleleaved,37.3898187,-5.9586116
5687549089,needleleaved,37.3900419,-5.9586088
5687549090,broadleaved,37.3883924,-5.9585381
5687549091,broadleaved,37.3885768,-5.9585374
5687549092,broadleaved,37.388902,-5.9585086
5687549093,broadleaved,37.38895,-5.9585029
5687549094,broadleaved,37.3889975,-5.9584988
5687549095,broadleaved,37.3890497,-5.9584956
5687549096,broadleaved,37.3891033,-5.9584894
5687549097,broadleaved,37.3891562,-5.9584831
5687549098,broadleaved,37.3892076,-5.9584806
5687549099,broadleaved,37.3892607,-5.9584744
5687549100,broadleaved,37.3893163,-5.9584673
5687549101,broadleaved,37.3893678,-5.9584621
5687549102,broadleaved,37.389421,-5.9584566
5687549103,broadleaved,37.3894752,-5.9584514
5687549104,broadleaved,37.3895347,-5.9584457
5687549105,broadleaved,37.3895888,-5.9584413
5687549106,broadleaved,37.3896519,-5.9584351
5687549107,broadleaved,37.3897037,-5.9584303
5687549108,broadleaved,37.3897587,-5.9584241
5687549109,broadleaved,37.3898051,-5.9584174
5687549110,broadleaved,37.3898501,-5.9584138
5687549111,broadleaved,37.3903538,-5.9583744
5687549112,broadleaved,37.3904764,-5.9583624
5687549113,broadleaved,37.3904151,-5.9583684
5687549114,broadleaved,37.3902926,-5.9583805
5687549115,broadleaved,37.3902313,-5.9583865
5687549116,broadleaved,37.39017,-5.9583925
5687549117,broadleaved,37.3901088,-5.9583986
5700516399,broadleaved,37.4256036,-5.9868784
5700516400,broadleaved,37.4256764,-5.9868504
5700516401,broadleaved,37.4256101,-5.9867728
5700516402,broadleaved,37.4256212,-5.98667
5700516403,broadleaved,37.4256718,-5.9866799
5700516404,broadleaved,37.4257177,-5.9866811
5700516405,broadleaved,37.4257432,-5.9867377
5700516406,broadleaved,37.4257585,-5.9868072
5700516407,broadleaved,37.4256236,-5.9866029
5700516408,broadleaved,37.4256727,-5.9866122
5700516409,broadleaved,37.4257153,-5.9866192
5700516410,broadleaved,37.4257538,-5.986569
5700516411,broadleaved,37.4256379,-5.9865206
5700516412,broadleaved,37.4257218,-5.9864768
5700516413,broadleaved,37.42577,-5.9865153
5700516414,broadleaved,37.4258248,-5.9865469
5700516415,broadleaved,37.4257942,-5.9865941
5700516416,broadleaved,37.42577,-5.9866636
5700516417,broadleaved,37.4258169,-5.9867757
5700516418,broadleaved,37.4258711,-5.9867436
5700516419,broadleaved,37.4258785,-5.9865971
5700516420,broadleaved,37.4259304,-5.9866344
5700516921,broadleaved,37.4259249,-5.9867138
5700516922,broadleaved,37.4259889,-5.9866764
5700516923,palm,37.4258526,-5.986656
5700516924,palm,37.4256945,-5.9865305
5700516925,broadleaved,37.4257925,-5.9867252
5700638742,palm,37.4319472,-5.9815449
5709203632,desconocida,37.3435377,-5.9745223
5709203998,desconocida,37.3424739,-5.974231
5709204037,desconocida,37.3426354,-5.9741602
5709204038,desconocida,37.342612,-5.9743073
5709204039,desconocida,37.3424945,-5.9742777
5709204040,desconocida,37.3425179,-5.9741306
5709204092,needleleaved,37.3429201,-5.9741881
5709204096,desconocida,37.343209,-5.9746917
5709204118,needleleaved,37.3431892,-5.9743312
5709836571,desconocida,37.3434345,-5.9756697
5709836572,desconocida,37.3433927,-5.9756576
5709836573,desconocida,37.3434204,-5.9756606
5709836574,desconocida,37.3434966,-5.9755915
5709836575,desconocida,37.343345,-5.9756086
5709836576,desconocida,37.343334,-5.9755721
5709836577,desconocida,37.3432229,-5.9756019
5709836609,broadleaved,37.341638,-5.9745834
5712382709,broadleaved,37.339216,-5.9746752
5712382710,broadleaved,37.3391962,-5.9745971
5712382711,broadleaved,37.3391764,-5.9745189
5712382712,broadleaved,37.3391566,-5.9744407
5712382713,broadleaved,37.3391367,-5.9743625
5712382714,broadleaved,37.3391169,-5.9742844
5712382715,broadleaved,37.3390971,-5.9742062
5712382716,broadleaved,37.339084,-5.9741026
5712382717,broadleaved,37.3390561,-5.9741136
5712573423,broadleaved,37.3380959,-5.9746333
5712573424,broadleaved,37.3378027,-5.9749478
5712573425,broadleaved,37.3376113,-5.9751067
5712573426,broadleaved,37.3377046,-5.9750289
5712573427,broadleaved,37.337398,-5.9772726
5712573428,broadleaved,37.337326,-5.9770051
5712573429,broadleaved,37.3380543,-5.9757411
5712573430,broadleaved,37.3379386,-5.9757531
5712573431,broadleaved,37.3376235,-5.9759272
5712573432,broadleaved,37.3376958,-5.9758219
5712573433,broadleaved,37.3376616,-5.9758715
5712573434,desconocida,37.3377701,-5.9756495
5712573435,desconocida,37.3377469,-5.9755587
5712573436,desconocida,37.3377286,-5.9756177
5712573437,desconocida,37.337711,-5.9755268
5712573438,desconocida,37.337671,-5.9755651
5712573439,desconocida,37.3376283,-5.9755278
5712573440,desconocida,37.3375923,-5.9754903
5712573441,desconocida,37.3375625,-5.9753964
5712573442,desconocida,37.3375273,-5.9753636
5712573443,desconocida,37.3381647,-5.9751473
5712573444,desconocida,37.3381988,-5.9751919
5712573445,desconocida,37.3382332,-5.9752304
5712573446,desconocida,37.3382838,-5.9752036
5712573447,desconocida,37.338243,-5.9751597
5712573448,desconocida,37.3381671,-5.9750829
5712573449,desconocida,37.3381263,-5.9750353
5712573450,desconocida,37.3380703,-5.974978
5712573451,broadleaved,37.3372789,-5.9758517
5712573452,broadleaved,37.3373087,-5.975897
5712573453,broadleaved,37.3390422,-5.9749022
5712573454,broadleaved,37.3389612,-5.9749163
5712573455,broadleaved,37.3388481,-5.9751289
5712573456,broadleaved,37.3388087,-5.9750816
5712573457,broadleaved,37.3387972,-5.9751486
5712573458,broadleaved,37.3387799,-5.9751996
5712573459,broadleaved,37.3387476,-5.975147
5712573460,broadleaved,37.3387706,-5.9750933
5712573461,broadleaved,37.3386901,-5.9751704
5712573462,broadleaved,37.3387269,-5.9752207
5712573463,broadleaved,37.3387063,-5.9752814
5712573464,broadleaved,37.3386733,-5.9752264
5712573465,broadleaved,37.3386237,-5.9752378
5712573466,broadleaved,37.3386562,-5.9752925
5712573467,broadleaved,37.3386354,-5.9753565
5712573468,broadleaved,37.3386088,-5.9753009
5712573469,broadleaved,37.3385544,-5.9753112
5712573470,broadleaved,37.3385914,-5.9753605
5712573471,broadleaved,37.3385698,-5.9754216
5712573472,broadleaved,37.3385376,-5.9753766
5712573473,broadleaved,37.3385229,-5.9754387
5712573474,broadleaved,37.338504,-5.975491
5712573475,broadleaved,37.3384819,-5.9753907
5712573476,broadleaved,37.3384717,-5.9754423
5712573477,broadleaved,37.3384598,-5.9755017
5712573478,broadleaved,37.338423,-5.9754541
5712573479,broadleaved,37.3384126,-5.9755074
5712573480,broadleaved,37.3383571,-5.9755191
5712573481,broadleaved,37.3382865,-5.9755939
5712573482,broadleaved,37.3382198,-5.9756623
5712573483,broadleaved,37.3381497,-5.9757384
5712573484,broadleaved,37.3380775,-5.9758142
5712573485,broadleaved,37.3380095,-5.9758849
5712573486,broadleaved,37.3379399,-5.9759607
5712573487,broadleaved,37.3378714,-5.9760318
5712573488,broadleaved,37.3377997,-5.9761035
5712573489,broadleaved,37.3377315,-5.9761749
5712573490,broadleaved,37.3376627,-5.9762517
5712573491,broadleaved,37.3383385,-5.9754615
5712573492,broadleaved,37.3381977,-5.9756076
5712573493,broadleaved,37.338089,-5.9756066
5712573494,broadleaved,37.3380514,-5.9756901
5712573495,broadleaved,37.3379679,-5.9758276
5712573496,broadleaved,37.3379237,-5.9759013
5712573497,broadleaved,37.3378165,-5.9759137
5712573498,broadleaved,37.3377851,-5.9760408
5712573499,broadleaved,37.3376867,-5.9760663
5712573500,broadleaved,37.3376979,-5.9761236
5712573501,broadleaved,37.33766,-5.976182
5712573502,broadleaved,37.3375934,-5.9761052
5712573503,broadleaved,37.3376547,-5.976015
5712573504,broadleaved,37.3377144,-5.9759322
5712573505,broadleaved,37.3377792,-5.9758447
5712573506,broadleaved,37.3378354,-5.9757515
5712573507,broadleaved,37.3378925,-5.9756723
5712573508,broadleaved,37.3379626,-5.9756073
5712573509,broadleaved,37.3380498,-5.975556
5712573510,broadleaved,37.3379136,-5.97555
5712573511,broadleaved,37.3380458,-5.9754534
5712573512,broadleaved,37.3381212,-5.9755054
5712573513,broadleaved,37.3382057,-5.9754494
5712573514,broadleaved,37.3381423,-5.9753981
5712573515,broadleaved,37.3380988,-5.9751382
5712573516,broadleaved,37.3384709,-5.9751446
5712573517,broadleaved,37.3384115,-5.9752288
5712573518,broadleaved,37.3385395,-5.9750551
5712573519,broadleaved,37.3388407,-5.9749934
5712573520,broadleaved,37.3389025,-5.9749357
5712573521,broadleaved,37.3390683,-5.974742
5712573522,broadleaved,37.3389705,-5.9747718
5712573523,broadleaved,37.3388863,-5.9747956
5712573524,broadleaved,37.3387868,-5.9748221
5712573525,desconocida,37.3386192,-5.9749555
5712573526,desconocida,37.3386503,-5.9748033
5712573527,desconocida,37.3386192,-5.9747386
5712573528,desconocida,37.3385941,-5.9746866
5712573529,desconocida,37.3385706,-5.9746417
5712573530,desconocida,37.338592,-5.9747976
5712573531,desconocida,37.338568,-5.9747517
5712573532,desconocida,37.3385464,-5.9747098
5712573533,desconocida,37.3385141,-5.9745331
5712573534,desconocida,37.338448,-5.974515
5712573535,desconocida,37.338428,-5.9744741
5712573536,broadleaved,37.3384182,-5.974584
5712573537,broadleaved,37.3383904,-5.9745374
5712573538,broadleaved,37.3388628,-5.9741525
5712573539,broadleaved,37.3392736,-5.9739765
5712573540,broadleaved,37.3392368,-5.9739272
5712573541,broadleaved,37.3391669,-5.9739205
5712573542,broadleaved,37.339096,-5.9739044
5712573543,broadleaved,37.3390214,-5.9739423
5712573544,broadleaved,37.3389609,-5.9739879
5712573545,broadleaved,37.3389116,-5.974061
5712573546,broadleaved,37.3390675,-5.9737526
5712573547,broadleaved,37.3389694,-5.9738035
5712573548,broadleaved,37.3390315,-5.9737365
5712573549,broadleaved,37.3390331,-5.9737908
5712573550,broadleaved,37.338991,-5.973837
5712573551,broadleaved,37.338958,-5.9738692
5712573552,broadleaved,37.3389188,-5.9739138
5712573553,broadleaved,37.3388791,-5.9739571
5712573554,broadleaved,37.3388023,-5.9740412
5712573555,broadleaved,37.3388409,-5.9739973
5712573556,broadleaved,37.3387599,-5.9740875
5712573557,broadleaved,37.3387191,-5.9741317
5712573558,broadleaved,37.3386362,-5.9742233
5712573559,broadleaved,37.3386735,-5.9741851
5712573560,broadleaved,37.338596,-5.9742719
5712573561,broadleaved,37.3385368,-5.9743245
5712573562,broadleaved,37.3384688,-5.9743634
5712573563,broadleaved,37.3384211,-5.9743242
5712573564,broadleaved,37.3383976,-5.9744104
5712573565,broadleaved,37.3383547,-5.9743879
5712573566,broadleaved,37.3383481,-5.9744486
5712573567,broadleaved,37.3382923,-5.9745032
5712573568,broadleaved,37.3382425,-5.9745703
5712573569,broadleaved,37.3381911,-5.9746347
5712573570,broadleaved,37.3379546,-5.9748197
5712573571,broadleaved,37.3379322,-5.9749099
5712573572,broadleaved,37.3379762,-5.9749129
5712573573,broadleaved,37.3379399,-5.9749592
5712573574,broadleaved,37.3379002,-5.974988
5712573575,broadleaved,37.3378485,-5.9750289
5712573576,broadleaved,37.3378027,-5.9750514
5712573577,broadleaved,37.3377541,-5.9750843
5712573578,broadleaved,37.3376592,-5.9751553
5712573579,broadleaved,37.3375233,-5.9752589
5712573580,broadleaved,37.3373335,-5.9755443
5712573581,broadleaved,37.3371725,-5.9764284
5712573582,desconocida,37.337197,-5.9765672
5712573583,broadleaved,37.3371512,-5.9762876
5712573584,broadleaved,37.3371829,-5.9762675
5712573585,broadleaved,37.3370347,-5.9759084
5712573586,broadleaved,37.3371882,-5.9755644
5712573587,broadleaved,37.3372274,-5.9755815
5712573588,broadleaved,37.3374748,-5.975329
5712573589,broadleaved,37.337438,-5.9753827
5712573590,broadleaved,37.3374041,-5.9754353
5712573591,broadleaved,37.33737,-5.9754836
5712573592,broadleaved,37.3372956,-5.9755905
5712573593,broadleaved,37.3372615,-5.9756432
5712573594,broadleaved,37.3372279,-5.9756938
5712573595,broadleaved,37.3371914,-5.9757481
5712573596,broadleaved,37.3371554,-5.9758021
5712573597,broadleaved,37.3371322,-5.9758789
5712573598,broadleaved,37.3371325,-5.9759654
5712573599,broadleaved,37.3371605,-5.9760361
5712573600,broadleaved,37.3371927,-5.9760904
5712573601,broadleaved,37.3372303,-5.9761592
5712573602,broadleaved,37.3372653,-5.9762329
5712573603,broadleaved,37.337306,-5.9762846
5712573604,broadleaved,37.3373412,-5.9763479
5712573605,broadleaved,37.3373777,-5.976415
5712573606,broadleaved,37.3373975,-5.976469
5712573607,broadleaved,37.3373956,-5.9765424
5712573608,broadleaved,37.3373775,-5.9766031
5712573609,broadleaved,37.3373554,-5.9766721
5712573610,broadleaved,37.337338,-5.9767291
5712573611,broadleaved,37.3373234,-5.9768056
5712573612,broadleaved,37.3372061,-5.9759426
5712573613,broadleaved,37.3372247,-5.9759955
5712573614,broadleaved,37.3372826,-5.9760831
5712573615,broadleaved,37.3372983,-5.976136
5712573616,broadleaved,37.3373727,-5.9762795
5712573617,broadleaved,37.3373434,-5.9762299
5712582019,broadleaved,37.3399658,-5.9771596
5712582020,broadleaved,37.3399482,-5.9770842
5712582421,broadleaved,37.3399618,-5.9772555
5712582422,broadleaved,37.3398992,-5.9774081
5712582423,broadleaved,37.3399541,-5.9772974
5712582424,broadleaved,37.3399397,-5.977343
5712582425,broadleaved,37.339916,-5.9774061
5712582426,broadleaved,37.3399307,-5.9770067
5712582427,broadleaved,37.3398717,-5.9767747
5712582429,broadleaved,37.3398352,-5.9766319
5712582430,broadleaved,37.3397601,-5.9763305
5712582431,broadleaved,37.3397401,-5.976253
5712582432,broadleaved,37.3396614,-5.9759533
5712582433,broadleaved,37.3396835,-5.9760348
5712582434,broadleaved,37.3396958,-5.9758859
5712582435,broadleaved,37.3396804,-5.9758152
5712582436,broadleaved,37.3396606,-5.9757407
5712582437,broadleaved,37.3396382,-5.9756586
5712582438,broadleaved,37.3396268,-5.9756036
5712582439,broadleaved,37.3396041,-5.9755161
5712582440,broadleaved,37.3395465,-5.9752871
5712582441,broadleaved,37.3395695,-5.9753753
5712582442,broadleaved,37.3395247,-5.9751959
5712582443,broadleaved,37.3392986,-5.974296
5712582444,broadleaved,37.3394906,-5.9750692
5712582445,broadleaved,37.3394698,-5.974984
5712582446,broadleaved,37.3394319,-5.9748278
5712582447,broadleaved,37.3394063,-5.9747379
5712582448,broadleaved,37.3393775,-5.9746139
5712582449,broadleaved,37.3393562,-5.9745321
5712582450,broadleaved,37.3393162,-5.9743785
5712582451,broadleaved,37.3392584,-5.9741455
5712582452,broadleaved,37.3400343,-5.97671
5712582453,broadleaved,37.3399384,-5.9764673
5712582454,broadleaved,37.3400162,-5.976886
5712582455,broadleaved,37.3399922,-5.9760696
5712582456,broadleaved,37.3399131,-5.9763369
5712582457,broadleaved,37.3399424,-5.9767576
5712582458,needleleaved,37.3399326,-5.9767225
5712582459,broadleaved,37.3399218,-5.9766839
5712582460,broadleaved,37.3399059,-5.9766271
5712582461,broadleaved,37.3398907,-5.9765726
5712582462,broadleaved,37.339767,-5.9760522
5712582463,broadleaved,37.3398014,-5.9759463
5712582464,broadleaved,37.3397497,-5.9758725
5712582465,broadleaved,37.3397712,-5.9758021
5712582466,broadleaved,37.3397203,-5.9757582
5712582467,broadleaved,37.3397083,-5.9754571
5712582468,broadleaved,37.3396524,-5.9754202
5712582469,broadleaved,37.3396252,-5.975203
5712582470,broadleaved,37.339667,-5.9753169
5712582471,broadleaved,37.3396193,-5.9752482
5712582472,broadleaved,37.3395167,-5.974858
5712582473,broadleaved,37.3395639,-5.9747855
5712582474,broadleaved,37.3395476,-5.9747
5712582475,broadleaved,37.3394983,-5.9747477
5712582476,broadleaved,37.3394775,-5.9746591
5712582477,broadleaved,37.3394143,-5.9742866
5712582478,broadleaved,37.3393258,-5.9742012
5712582479,broadleaved,37.3393973,-5.9742038
5712582480,broadleaved,37.3393466,-5.9742749
5714157937,broadleaved,37.3392344,-5.977968
5714157938,broadleaved,37.3393158,-5.9778815
5714157939,broadleaved,37.3393777,-5.9778158
5714157940,broadleaved,37.3394129,-5.9777784
5714157941,broadleaved,37.3394568,-5.9777317
5714157942,broadleaved,37.3395016,-5.9776842
5714157943,broadleaved,37.3395414,-5.9776418
5714157944,broadleaved,37.3395831,-5.9775975
5714157945,broadleaved,37.3396246,-5.9775534
5714158050,broadleaved,37.3398531,-5.9773112
5714158051,broadleaved,37.3398725,-5.9772411
5714158052,broadleaved,37.3398677,-5.9771016
5714158053,broadleaved,37.3398523,-5.9770396
5714158070,broadleaved,37.3397755,-5.976733
5714158071,broadleaved,37.3397924,-5.9768009
5714158072,broadleaved,37.3398094,-5.9768688
5714158076,broadleaved,37.3396822,-5.9763627
5714158077,broadleaved,37.3396596,-5.9762722
5714158119,broadleaved,37.339385,-5.9751775
5714158120,broadleaved,37.3393679,-5.9751118
5714158121,broadleaved,37.3394039,-5.9752543
5714158122,broadleaved,37.3394245,-5.9753354
5714158123,broadleaved,37.3394831,-5.9755677
5714158124,broadleaved,37.3395034,-5.9756485
5714158125,broadleaved,37.3395351,-5.9757749
5714158126,broadleaved,37.3395863,-5.9759795
5714171963,broadleaved,37.3393775,-5.9780102
5714171964,broadleaved,37.3393346,-5.9780553
5714171965,broadleaved,37.3392917,-5.9781004
5714171967,broadleaved,37.3394964,-5.977884
5714171968,broadleaved,37.3395353,-5.9778426
5714171969,broadleaved,37.3394575,-5.9779254
5714171970,broadleaved,37.3396188,-5.9777551
5714171971,broadleaved,37.3396613,-5.9777107
5714171972,broadleaved,37.3397038,-5.9776662
5714171975,broadleaved,37.339812,-5.9775532
5714171976,broadleaved,37.3397694,-5.9775972
5714171978,broadleaved,37.3390447,-5.9783625
5714171979,broadleaved,37.3390076,-5.9784014
5714171980,broadleaved,37.3389518,-5.9784598
5714171984,broadleaved,37.3392085,-5.9781909
5714171985,broadleaved,37.3391722,-5.978229
5714171986,broadleaved,37.3391216,-5.978282
5715119492,broadleaved,37.3378757,-5.97729
5715119493,broadleaved,37.3378432,-5.9772413
5715119494,broadleaved,37.3378061,-5.9771858
5715119495,broadleaved,37.337908,-5.9773383
5715121423,broadleaved,37.3379781,-5.9773106
5715121424,broadleaved,37.33791,-5.9772099
5715121427,broadleaved,37.3378416,-5.9771088
5715121443,broadleaved,37.3377184,-5.9769256
5715121444,broadleaved,37.3376606,-5.9768389
5715121445,broadleaved,37.3376027,-5.9767523
5715663586,broadleaved,37.3378874,-5.9776263
5715663587,broadleaved,37.3378293,-5.9776686
5715663588,broadleaved,37.3377992,-5.9777232
5715663589,broadleaved,37.3378008,-5.9774989
5715663590,broadleaved,37.3377659,-5.977563
5715663591,broadleaved,37.3377091,-5.9775888
5715663603,broadleaved,37.3385504,-5.9781608
5715663604,broadleaved,37.3384119,-5.9779549
5715663605,broadleaved,37.3383012,-5.9777905
5715663613,broadleaved,37.3380895,-5.9776067
5715663614,broadleaved,37.3381332,-5.9776713
5715663615,broadleaved,37.3380458,-5.9775422
5715671459,broadleaved,37.337474,-5.9768418
5715671460,broadleaved,37.3375104,-5.9768959
5715671461,broadleaved,37.3375468,-5.9769501
5715671462,broadleaved,37.3375831,-5.9770042
5715671463,broadleaved,37.3376195,-5.9770584
5716114594,broadleaved,37.3377776,-5.9784923
5716114595,broadleaved,37.3378386,-5.9784711
5716114596,broadleaved,37.337828,-5.9787415
5716114597,broadleaved,37.3378876,-5.978722
5716114598,broadleaved,37.3378773,-5.9789929
5716114599,broadleaved,37.3379398,-5.9789701
5716114600,broadleaved,37.3379267,-5.9792412
5716114601,broadleaved,37.3379913,-5.9792254
5716114602,broadleaved,37.3380385,-5.9794724
5716114603,broadleaved,37.3379761,-5.9794889
5716114604,broadleaved,37.338088,-5.9797209
5716114605,broadleaved,37.3380261,-5.979741
5716114606,broadleaved,37.3382886,-5.9807191
5716114607,broadleaved,37.3382269,-5.9807397
5716114608,broadleaved,37.3382796,-5.9809883
5716114609,broadleaved,37.3383386,-5.9809685
5716114610,broadleaved,37.3383891,-5.9812198
5716114611,broadleaved,37.3383314,-5.9812361
5716114612,broadleaved,37.3383804,-5.9814854
5716114613,broadleaved,37.3384387,-5.9814668
5716114614,broadleaved,37.3384893,-5.9817165
5716114615,broadleaved,37.3384295,-5.981736
5723975572,broadleaved,37.338797,-5.9825881
5723975573,broadleaved,37.3387575,-5.9826136
5723975574,broadleaved,37.3387303,-5.9826585
5723975575,broadleaved,37.3387223,-5.9824687
5723975576,broadleaved,37.338693,-5.982512
5723975577,broadleaved,37.3386562,-5.9825368
5724063669,desconocida,37.3402302,-5.9781921
5724063670,desconocida,37.3402237,-5.9781
5724063671,desconocida,37.3401948,-5.9780205
5724063672,desconocida,37.3401939,-5.9779478
5724063673,desconocida,37.3401688,-5.9778741
5724063674,desconocida,37.3401362,-5.9777162
5724063675,desconocida,37.3401319,-5.9776316
5724063676,desconocida,37.3401024,-5.9774748
5724063677,desconocida,37.3401018,-5.9773931
5724063678,desconocida,37.3400792,-5.9773388
5724063679,desconocida,37.3400641,-5.9772684
5724063680,desconocida,37.3400491,-5.977198
5724063681,desconocida,37.340034,-5.9771275
5724063682,desconocida,37.3400189,-5.9770571
5724063694,broadleaved,37.3403243,-5.9804175
5724063695,broadleaved,37.3403478,-5.9802592
5724063696,broadleaved,37.3403667,-5.9801002
5724063697,broadleaved,37.3403744,-5.9799361
5724063698,broadleaved,37.3403755,-5.9797793
5724063699,broadleaved,37.3403773,-5.9796203
5724063700,broadleaved,37.3403758,-5.9794789
5724063701,broadleaved,37.3403733,-5.9793386
5724063702,broadleaved,37.340361,-5.9792105
5724063703,broadleaved,37.3403378,-5.979062
5724063704,broadleaved,37.34031,-5.9789044
5724063705,broadleaved,37.3402849,-5.9787537
5724063706,broadleaved,37.3402588,-5.9786026
5724063707,broadleaved,37.3402297,-5.9784493
5724063708,broadleaved,37.3401999,-5.9782975
5724063709,broadleaved,37.3401639,-5.9781295
5724063710,broadleaved,37.340107,-5.9778374
5724063711,broadleaved,37.3400778,-5.9776913
5724063712,broadleaved,37.3400435,-5.9775215
5724063713,broadleaved,37.3400186,-5.9773913
5724063714,desconocida,37.3404282,-5.9799012
5724063715,desconocida,37.3404393,-5.9800243
5724063716,desconocida,37.3404116,-5.9800646
5724063717,desconocida,37.3404333,-5.9800977
5724063718,broadleaved,37.3404113,-5.9806189
5724063719,broadleaved,37.3403918,-5.9808103
5724063720,broadleaved,37.3403624,-5.9807391
5724064321,broadleaved,37.3403392,-5.9808423
5724064322,broadleaved,37.3403527,-5.9809128
5724064323,broadleaved,37.3403733,-5.9810082
5724064325,broadleaved,37.3402563,-5.9809006
5724064326,broadleaved,37.3402311,-5.9809952
5724064327,broadleaved,37.3401934,-5.9810783
5724064329,broadleaved,37.3402649,-5.9808211
5724064330,broadleaved,37.3402617,-5.9807488
5724064331,broadleaved,37.3402484,-5.9806761
5724064332,broadleaved,37.3402995,-5.9805757
5724064342,broadleaved,37.3402097,-5.980565
5724064343,broadleaved,37.3401811,-5.9805958
5724064344,broadleaved,37.3401399,-5.9804598
5724064345,broadleaved,37.3401113,-5.9804906
5724064346,broadleaved,37.3400401,-5.9803856
5724064347,broadleaved,37.3399967,-5.9802472
5724064348,broadleaved,37.3399681,-5.980278
5724064349,broadleaved,37.3399251,-5.9801412
5724064350,broadleaved,37.3397821,-5.9799308
5724064351,broadleaved,37.3397535,-5.9799616
5724064361,broadleaved,37.3397074,-5.9798158
5724064362,broadleaved,37.3395952,-5.9797228
5724064363,broadleaved,37.3395614,-5.9796007
5724064364,broadleaved,37.3394898,-5.9794933
5724064365,broadleaved,37.3394612,-5.9795242
5724064366,broadleaved,37.3394172,-5.9793863
5724064367,broadleaved,37.3393452,-5.9792778
5724064368,broadleaved,37.3393166,-5.9793087
5724064369,broadleaved,37.3392731,-5.9791723
5724064370,broadleaved,37.3392445,-5.9792031
5724064375,broadleaved,37.3391947,-5.9790549
5724064376,broadleaved,37.3391234,-5.9789482
5724064378,broadleaved,37.3390507,-5.9788422
5724064379,broadleaved,37.3390221,-5.978873
5724064380,broadleaved,37.3389792,-5.9787353
5724064381,broadleaved,37.3389506,-5.9787662
5724090324,broadleaved,37.3387493,-5.9832004
5724090326,broadleaved,37.3387484,-5.9831319
5724090327,broadleaved,37.3387452,-5.983059
5724090328,broadleaved,37.3387566,-5.9829691
5724090332,broadleaved,37.3387786,-5.9828925
5724090333,broadleaved,37.3388128,-5.9828137
5724090334,broadleaved,37.3388611,-5.9827397
5724090339,broadleaved,37.3389015,-5.9826881
5724090340,broadleaved,37.3389475,-5.9826436
5724090341,broadleaved,37.3390069,-5.982578
5724090351,desconocida,37.3390098,-5.9828418
5724090352,desconocida,37.3388823,-5.9829108
5724090353,desconocida,37.3389372,-5.9828302
5724090354,desconocida,37.3389801,-5.9827576
5724090355,desconocida,37.3392432,-5.9826374
5724090356,desconocida,37.3391185,-5.9827418
5724090357,desconocida,37.3391443,-5.982664
5724090358,desconocida,37.3391854,-5.9825633
5724090359,desconocida,37.339269,-5.9824957
5724090360,needleleaved,37.3393196,-5.9825791
5724090362,broadleaved,37.3391766,-5.9823993
5724090363,broadleaved,37.3391148,-5.982464
5724090364,broadleaved,37.339053,-5.9825288
5724090368,broadleaved,37.3392921,-5.9822791
5724090369,broadleaved,37.3393473,-5.9822187
5724090370,desconocida,37.3394203,-5.9824248
5724090371,desconocida,37.3396136,-5.9821521
5724090372,desconocida,37.3396147,-5.9821924
5724090373,desconocida,37.3395776,-5.9821813
5724090374,desconocida,37.339567,-5.9822388
5724090375,desconocida,37.3395275,-5.9822478
5724090377,broadleaved,37.33941,-5.9821514
5724090378,broadleaved,37.339462,-5.9820975
5724090379,broadleaved,37.3395186,-5.9820356
5724090382,broadleaved,37.3396353,-5.9819147
5724090383,broadleaved,37.339692,-5.9818518
5724090386,needleleaved,37.3397745,-5.9818908
5724090387,needleleaved,37.3398743,-5.9818465
5724090389,broadleaved,37.339823,-5.9817143
5724090390,broadleaved,37.3398787,-5.9816449
5724090391,needleleaved,37.3400395,-5.9815593
5724090392,needleleaved,37.340083,-5.9815388
5724090393,needleleaved,37.3400772,-5.9814906
5724090394,needleleaved,37.3401218,-5.9814605
5724090395,broadleaved,37.3401078,-5.9814186
5724090397,broadleaved,37.3400283,-5.9814183
5724090398,broadleaved,37.3399254,-5.9815809
5724090399,broadleaved,37.3399766,-5.9815028
5724090402,broadleaved,37.3401081,-5.9812582
5724090403,broadleaved,37.3400704,-5.9813395
5724113744,broadleaved,37.3392447,-5.982069
5724113745,broadleaved,37.3392034,-5.9821095
5724113746,broadleaved,37.3391478,-5.9821696
5724113747,broadleaved,37.3398151,-5.9814374
5724113748,broadleaved,37.3397809,-5.9814853
5724113749,broadleaved,37.3397232,-5.9815564
5724113750,broadleaved,37.339688,-5.9815961
5724113751,broadleaved,37.3396286,-5.981658
5724113752,broadleaved,37.3395899,-5.9817
5724113753,broadleaved,37.3395273,-5.9817656
5724113754,broadleaved,37.3394951,-5.9818002
5724113755,broadleaved,37.3393984,-5.9819033
5724113756,broadleaved,37.339435,-5.9818657
5724113757,broadleaved,37.3393024,-5.9820024
5724113761,broadleaved,37.3400113,-5.9809745
5724113762,broadleaved,37.339987,-5.9810673
5724113763,broadleaved,37.3399574,-5.9810227
5724113765,broadleaved,37.3398754,-5.9811553
5724113766,broadleaved,37.3398359,-5.9810942
5724113767,broadleaved,37.3399445,-5.981254
5724113768,broadleaved,37.3399624,-5.9813137
5724113769,broadleaved,37.3399346,-5.9814002
5724113771,broadleaved,37.339809,-5.9815814
5724113777,broadleaved,37.3396763,-5.981732
5724113778,broadleaved,37.3396178,-5.9817936
5724113779,broadleaved,37.3395627,-5.981851
5724113780,broadleaved,37.3395205,-5.9818978
5724113781,broadleaved,37.3394752,-5.9819464
5724113782,broadleaved,37.3394176,-5.9820073
5724113783,broadleaved,37.3393302,-5.9821011
5724113784,broadleaved,37.3392719,-5.9821624
5724113785,broadleaved,37.3392257,-5.9822119
5724113793,broadleaved,37.3397753,-5.9816238
5724113794,broadleaved,37.3398274,-5.9812297
5724113795,broadleaved,37.3397524,-5.9813092
5724113796,broadleaved,37.3397019,-5.9813614
5724113797,broadleaved,37.3396567,-5.9814114
5724113798,broadleaved,37.3395793,-5.9814947
5724113799,broadleaved,37.3395437,-5.9815306
5724113800,broadleaved,37.3395093,-5.9815674
5724113801,broadleaved,37.3394416,-5.9816383
5724113802,broadleaved,37.3394,-5.9816796
5724113803,broadleaved,37.3393573,-5.9817289
5724113804,broadleaved,37.3392749,-5.981818
5724113805,broadleaved,37.3392309,-5.9818633
5724113806,broadleaved,37.3391883,-5.9819101
5724113807,broadleaved,37.3391144,-5.9819876
5724113808,broadleaved,37.3390828,-5.9820215
5724113809,broadleaved,37.33905,-5.982055
5724113810,broadleaved,37.3389728,-5.9821379
5724113811,broadleaved,37.3389229,-5.9821885
5724113812,broadleaved,37.3388725,-5.9822392
5724113814,broadleaved,37.339057,-5.9823843
5724113815,broadleaved,37.3389958,-5.9824222
5724113816,broadleaved,37.3389343,-5.9824237
5724113817,broadleaved,37.3388743,-5.9824034
5724113818,broadleaved,37.3388272,-5.9823504
5724113819,broadleaved,37.3387901,-5.982271
5724113820,broadleaved,37.3387768,-5.9822055
5724216781,broadleaved,37.3380946,-5.9778007
5724216783,broadleaved,37.3381439,-5.9778652
5724216784,broadleaved,37.3381805,-5.9779216
5724216785,broadleaved,37.3382232,-5.9779866
5724216786,broadleaved,37.3382589,-5.9780405
5724216787,broadleaved,37.338305,-5.978109
5724216788,broadleaved,37.3383614,-5.9781919
5724216794,broadleaved,37.3384849,-5.9783951
5724216795,broadleaved,37.3385742,-5.9785244
5724216820,broadleaved,37.3381745,-5.9791529
5724216821,broadleaved,37.3381838,-5.9792019
5724216822,broadleaved,37.3386764,-5.9788045
5724216823,broadleaved,37.3386011,-5.9788862
5724216824,broadleaved,37.338527,-5.9789625
5724216825,broadleaved,37.3384465,-5.9790512
5724216826,broadleaved,37.3383745,-5.9791278
5724216827,broadleaved,37.3382919,-5.9792103
5724216828,broadleaved,37.3383308,-5.9790697
5724216829,broadleaved,37.3382931,-5.9790148
5724216830,broadleaved,37.3383859,-5.9789592
5724216831,broadleaved,37.338633,-5.9787485
5724216832,broadleaved,37.3385967,-5.9786951
5724216836,broadleaved,37.3384828,-5.9789087
5724216837,broadleaved,37.3384415,-5.9788487
5724216838,broadleaved,37.3385376,-5.9788012
5724216839,broadleaved,37.3386787,-5.9786848
5724216840,broadleaved,37.3386535,-5.9786461
5724216841,broadleaved,37.338554,-5.9786277
5724216842,broadleaved,37.338479,-5.9787065
5724216843,broadleaved,37.338404,-5.9787875
5724216844,broadleaved,37.3383259,-5.9788697
5724216845,broadleaved,37.3382503,-5.97895
5724216871,broadleaved,37.3387903,-5.9789054
5724216872,broadleaved,37.3388203,-5.9789501
5724216873,broadleaved,37.3388522,-5.9789966
5724216874,broadleaved,37.3389175,-5.979095
5724216875,broadleaved,37.3389508,-5.9791473
5724216876,broadleaved,37.338985,-5.9791951
5724216894,broadleaved,37.3391551,-5.9795234
5724216895,broadleaved,37.3391206,-5.9794704
5724216896,broadleaved,37.3390749,-5.9794089
5724216897,broadleaved,37.3390599,-5.9795772
5724216898,broadleaved,37.3390046,-5.9794844
5724216899,broadleaved,37.338922,-5.9795676
5724216900,broadleaved,37.3390026,-5.9796836
5724216901,broadleaved,37.3389671,-5.9796295
5724216902,broadleaved,37.3389086,-5.9797366
5724216903,broadleaved,37.3388506,-5.9796494
5724216904,broadleaved,37.3388152,-5.9797871
5724216905,broadleaved,37.3388491,-5.979842
5724216906,broadleaved,37.3387747,-5.9797237
5724216907,broadleaved,37.3386977,-5.9798029
5724216908,broadleaved,37.3387578,-5.9798961
5724216909,broadleaved,37.3386998,-5.9800014
5724216910,broadleaved,37.3386623,-5.9799444
5724216911,broadleaved,37.3385475,-5.9799679
5724216912,broadleaved,37.3386219,-5.9798898
5724216913,broadleaved,37.3386073,-5.9800571
5724216914,broadleaved,37.3385118,-5.980109
5724216915,broadleaved,37.3385534,-5.9801686
5724216916,broadleaved,37.3384726,-5.9800508
5724216917,broadleaved,37.3383976,-5.980295
5724216918,broadleaved,37.33839,-5.9802489
5724216919,broadleaved,37.3384743,-5.9801959
5724216920,broadleaved,37.3385335,-5.9802887
5724217021,broadleaved,37.3385911,-5.9802224
5724217022,broadleaved,37.3386696,-5.980141
5724217023,broadleaved,37.3387463,-5.980064
5724217024,broadleaved,37.3388963,-5.9799046
5724217025,broadleaved,37.3388239,-5.9799801
5724217026,broadleaved,37.3389733,-5.9798224
5724217027,broadleaved,37.3390485,-5.9797411
5724217028,broadleaved,37.3391226,-5.9796589
5724217029,broadleaved,37.3391964,-5.9795878
5724217041,broadleaved,37.339196,-5.9794623
5724217042,broadleaved,37.3391746,-5.9794293
5724217069,broadleaved,37.3394678,-5.9799108
5724217070,broadleaved,37.3394976,-5.9799567
5724217075,broadleaved,37.3395743,-5.9803314
5724217076,broadleaved,37.3387993,-5.9812037
5724217077,broadleaved,37.3387616,-5.9811406
5724217078,broadleaved,37.3388542,-5.981094
5724217079,broadleaved,37.3389519,-5.9810441
5724217080,broadleaved,37.3389132,-5.9809798
5724217081,broadleaved,37.3390074,-5.9809343
5724217082,broadleaved,37.3391235,-5.9808154
5724217083,broadleaved,37.3391014,-5.9808863
5724217084,broadleaved,37.3390611,-5.9808248
5724217085,broadleaved,37.3392181,-5.9807655
5724217086,broadleaved,37.3391768,-5.9807023
5724217087,broadleaved,37.3392752,-5.9806522
5724217088,broadleaved,37.3393677,-5.9806016
5724217089,broadleaved,37.3393298,-5.9805412
5724217090,broadleaved,37.3394222,-5.9804916
5724217091,broadleaved,37.3395157,-5.9804414
5724217092,broadleaved,37.339479,-5.9803799
5724217093,broadleaved,37.3387018,-5.9812975
5724217094,broadleaved,37.3386731,-5.9812407
5724217095,broadleaved,37.3387605,-5.9813481
5724217096,broadleaved,37.3388395,-5.9812646
5724217097,broadleaved,37.3389162,-5.9811832
5724217098,broadleaved,37.3389904,-5.9811039
5724217099,broadleaved,37.3390628,-5.981029
5724217100,broadleaved,37.3391398,-5.9809483
5724217101,broadleaved,37.3391891,-5.9808957
5724217102,broadleaved,37.3392647,-5.9808159
5724217103,broadleaved,37.3393415,-5.9807349
5724217104,broadleaved,37.3394128,-5.9806617
5724217105,broadleaved,37.3394867,-5.9805816
5724217106,broadleaved,37.3395637,-5.9805003
5724217107,broadleaved,37.3395882,-5.9801646
5724217108,broadleaved,37.3395189,-5.9802373
5724217109,broadleaved,37.3394516,-5.9803103
5724217110,broadleaved,37.3393697,-5.9803968
5724217111,broadleaved,37.3392851,-5.9804828
5724217112,broadleaved,37.3392172,-5.9805531
5724217113,broadleaved,37.3391425,-5.9806345
5724217114,broadleaved,37.3390695,-5.9807102
5724217115,broadleaved,37.3390272,-5.9807585
5724217116,broadleaved,37.3389456,-5.9808448
5724217117,broadleaved,37.3388734,-5.9809196
5724217118,broadleaved,37.338725,-5.9810728
5724217238,broadleaved,37.3386116,-5.9813661
5724217239,broadleaved,37.3386036,-5.9813236
5724217254,broadleaved,37.3396705,-5.9802828
5724217255,broadleaved,37.3396344,-5.980225
5724217258,broadleaved,37.3397565,-5.9803149
5724217259,broadleaved,37.3397123,-5.980215
5724217260,broadleaved,37.3396899,-5.9801793
5724217261,broadleaved,37.3397156,-5.9803456
5724217262,broadleaved,37.3397773,-5.9803738
5724217263,broadleaved,37.3398391,-5.9804648
5724217264,broadleaved,37.3398769,-5.9805207
5724217268,broadleaved,37.340001,-5.9806463
5724217269,broadleaved,37.3400382,-5.9807145
5724217270,broadleaved,37.3400798,-5.9808559
5724217271,broadleaved,37.3400857,-5.9809376
5724217272,broadleaved,37.340083,-5.9810098
5724217273,broadleaved,37.3400661,-5.9811001
5724217274,broadleaved,37.3400201,-5.9811494
5724252285,broadleaved,37.3384203,-5.9819249
5724252286,broadleaved,37.3383819,-5.9817361
5724252287,broadleaved,37.3379181,-5.9794191
5724252288,broadleaved,37.3379817,-5.9797429
5724252289,broadleaved,37.3381455,-5.9805556
5724252290,broadleaved,37.3377499,-5.9785785
5724252291,broadleaved,37.3377651,-5.9786546
5724252292,broadleaved,37.3377803,-5.9787307
5724252293,broadleaved,37.3378045,-5.9788591
5724252294,broadleaved,37.3378201,-5.9789339
5724252295,broadleaved,37.3378357,-5.9790087
5724252296,broadleaved,37.3378661,-5.9791642
5724252297,broadleaved,37.3378818,-5.9792442
5724252298,broadleaved,37.3378976,-5.9793242
5724252299,broadleaved,37.3379337,-5.9795002
5724252300,broadleaved,37.3379967,-5.9798184
5724252301,broadleaved,37.3379493,-5.9795813
5724252302,broadleaved,37.3379666,-5.9796675
5724252303,broadleaved,37.338065,-5.9801501
5724252304,broadleaved,37.3380167,-5.9799159
5724252305,broadleaved,37.3380298,-5.9799847
5724252306,broadleaved,37.3380788,-5.9802324
5724252307,broadleaved,37.3380956,-5.9803102
5724252308,broadleaved,37.3381593,-5.9806217
5724252309,broadleaved,37.3381783,-5.9807132
5724252310,broadleaved,37.3381945,-5.9807964
5724252311,broadleaved,37.3382118,-5.9808825
5724252312,broadleaved,37.3382302,-5.9809741
5724252313,broadleaved,37.3382505,-5.981078
5724252314,broadleaved,37.3382697,-5.9811709
5724252315,broadleaved,37.3382886,-5.9812621
5724252316,broadleaved,37.338323,-5.9814367
5724252317,broadleaved,37.3383038,-5.9813482
5724252318,broadleaved,37.3383366,-5.9815075
5724252319,broadleaved,37.3383494,-5.9815682
5724252320,broadleaved,37.3383657,-5.9816522
5724253921,broadleaved,37.3384054,-5.9818485
5724253922,broadleaved,37.3387471,-5.9820516
5724253923,broadleaved,37.3387319,-5.9819756
5724253924,broadleaved,37.3387166,-5.9818996
5724253925,broadleaved,37.3387014,-5.9818236
5724253926,broadleaved,37.3386862,-5.9817476
5724253927,broadleaved,37.3386709,-5.9816716
5724253928,broadleaved,37.3386557,-5.9815956
5724253929,broadleaved,37.3386405,-5.9815196
5724253930,broadleaved,37.3379527,-5.9780904
5724253931,broadleaved,37.3379692,-5.9781726
5724253932,broadleaved,37.3379853,-5.9782534
5724253933,broadleaved,37.3380151,-5.978402
5724253934,broadleaved,37.3380476,-5.9785649
5724253935,broadleaved,37.3380606,-5.9786297
5724253936,broadleaved,37.3380756,-5.9787049
5724253937,broadleaved,37.3382113,-5.9793694
5724253938,broadleaved,37.3382258,-5.9794439
5724253939,broadleaved,37.3382548,-5.9795927
5724253940,broadleaved,37.3382693,-5.9796672
5724253941,broadleaved,37.3382839,-5.9797416
5724253942,broadleaved,37.3382984,-5.979816
5724253943,broadleaved,37.3383129,-5.9798905
5724253944,broadleaved,37.3385475,-5.9808581
5724253945,broadleaved,37.3385077,-5.9808728
5724253946,broadleaved,37.3384912,-5.9807881
5724253947,broadleaved,37.3384747,-5.9807034
5724253948,broadleaved,37.3384582,-5.9806187
5724253949,broadleaved,37.3384416,-5.980534
5724253950,broadleaved,37.3384251,-5.9804494
5724253951,broadleaved,37.3380178,-5.97909
5724253952,broadleaved,37.3380062,-5.9790335
5724253953,broadleaved,37.3380431,-5.9792187
5724253954,broadleaved,37.3380567,-5.9792875
5724253955,broadleaved,37.3380778,-5.9793904
5724253956,broadleaved,37.3381136,-5.9795664
5724253957,broadleaved,37.3381279,-5.9796395
5724253958,broadleaved,37.3381465,-5.9797317
5724253959,broadleaved,37.3381628,-5.9798127
5724253960,broadleaved,37.3381769,-5.9798842
5724253961,broadleaved,37.3382138,-5.980069
5724253962,broadleaved,37.33823,-5.980151
5724253963,broadleaved,37.3382824,-5.9804143
5724253964,broadleaved,37.3382943,-5.9804688
5724253965,broadleaved,37.3383114,-5.9805588
5724253966,broadleaved,37.3383293,-5.9806439
5724253967,broadleaved,37.3383446,-5.9807229
5724253968,broadleaved,37.3383779,-5.9808896
5724253969,broadleaved,37.3383926,-5.9809593
5724253970,broadleaved,37.3384298,-5.981143
5724253971,broadleaved,37.3384454,-5.9812247
5724253972,broadleaved,37.3384637,-5.9813187
5724253973,broadleaved,37.3384804,-5.981398
5724253974,broadleaved,37.3384992,-5.9814921
5724253975,broadleaved,37.3385143,-5.9815732
5724253976,broadleaved,37.3385311,-5.9816542
5724253977,broadleaved,37.3385493,-5.9817482
5724253978,broadleaved,37.3385625,-5.9818094
5724253979,broadleaved,37.338576,-5.9818781
5724253980,broadleaved,37.338592,-5.9819594
5724253981,broadleaved,37.3385307,-5.9820879
5724253982,broadleaved,37.3384805,-5.9820298
5724253983,broadleaved,37.3385147,-5.9824184
5724253984,needleleaved,37.3384936,-5.9822709
5724253985,needleleaved,37.3385163,-5.9823497
5724253986,broadleaved,37.3385952,-5.9822411
5724253987,broadleaved,37.3385928,-5.9823175
5724253995,broadleaved,37.3379635,-5.9788206
5724253996,broadleaved,37.3379487,-5.9787443
5724253997,broadleaved,37.337935,-5.9786779
5724253998,broadleaved,37.337918,-5.9785919
5724253999,broadleaved,37.3379012,-5.9785058
5724254000,broadleaved,37.3378868,-5.9784317
5724254001,broadleaved,37.3378694,-5.9783482
5724254002,broadleaved,37.3378557,-5.978281
5724254003,broadleaved,37.337841,-5.978207
5724254004,broadleaved,37.3378861,-5.9780411
5724254005,broadleaved,37.3379013,-5.9781058
5724254006,broadleaved,37.3379117,-5.9781594
5724254007,broadleaved,37.3379277,-5.9782349
5724254008,broadleaved,37.3379394,-5.9782958
5724254009,broadleaved,37.3379511,-5.9783567
5724254010,broadleaved,37.3379629,-5.9784176
5724254011,broadleaved,37.3379799,-5.9785048
5724254012,broadleaved,37.3379911,-5.9785603
5724254013,broadleaved,37.3380023,-5.9786158
5724254014,broadleaved,37.3380135,-5.9786714
5724254015,broadleaved,37.3380444,-5.9788266
5724254016,broadleaved,37.3380332,-5.978771
5724254017,broadleaved,37.3380679,-5.978942
5724254018,broadleaved,37.3380794,-5.979
5724254019,broadleaved,37.3381764,-5.9794748
5724254020,broadleaved,37.3381657,-5.9794211
5724254021,broadleaved,37.3381551,-5.9793675
5724254022,broadleaved,37.3381444,-5.9793138
5724254023,broadleaved,37.3382002,-5.9795947
5724254024,broadleaved,37.3382107,-5.9796477
5724254025,broadleaved,37.3382212,-5.9797007
5724254026,broadleaved,37.3382317,-5.9797537
5724254027,broadleaved,37.3382473,-5.979832
5724254028,broadleaved,37.338259,-5.979891
5724254029,broadleaved,37.3382901,-5.9800477
5724254030,broadleaved,37.3383018,-5.9801067
5724254031,broadleaved,37.3383147,-5.9801717
5724254033,broadleaved,37.3383649,-5.9804145
5724254034,broadleaved,37.3383759,-5.9804727
5724254035,broadleaved,37.3383869,-5.9805309
5724254036,broadleaved,37.3383979,-5.9805892
5724254037,broadleaved,37.3384142,-5.980672
5724254038,broadleaved,37.3384247,-5.9807244
5724254039,broadleaved,37.3384378,-5.9807897
5724254040,broadleaved,37.338447,-5.9808356
5724254041,broadleaved,37.3384688,-5.9809449
5724254042,broadleaved,37.3384808,-5.9810036
5724254043,broadleaved,37.3385059,-5.9811276
5724254044,broadleaved,37.3385163,-5.9811809
5724254045,broadleaved,37.3385656,-5.9814247
5724254046,broadleaved,37.3385784,-5.9814907
5724254047,broadleaved,37.3385889,-5.9815456
5724254048,broadleaved,37.3385993,-5.9816005
5724254049,broadleaved,37.3386098,-5.9816553
5724254050,broadleaved,37.3386346,-5.9817784
5724254051,broadleaved,37.3386435,-5.9818216
5724254052,broadleaved,37.3386598,-5.9819003
5724254053,broadleaved,37.3386679,-5.98194
5724254054,broadleaved,37.3386895,-5.9820476
5724254055,broadleaved,37.3386994,-5.9820902
5724254056,broadleaved,37.3387245,-5.9822129
5810583428,desconocida,37.3738278,-5.9876434
5918005004,desconocida,37.4165681,-5.9744071
5918005005,desconocida,37.4167589,-5.9742664
5918054085,tipuana,37.3776394,-5.9926142
5921491531,desconocida,37.3878886,-5.9827216
5921491532,desconocida,37.3880101,-5.9826465
5921500095,desconocida,37.3903613,-5.9825136
5921500096,desconocida,37.3904125,-5.982472
5921500097,desconocida,37.3906011,-5.9825243
5921500098,desconocida,37.3905702,-5.9823983
5921500099,broadleaved,37.3907721,-5.9836303
5921500100,broadleaved,37.3908311,-5.9833336
5921500101,broadleaved,37.390679,-5.9833581
5923121216,desconocida,37.3861449,-5.9102102
5923121217,desconocida,37.3857259,-5.9093289
5923121218,desconocida,37.3853814,-5.9103836
5930676176,Quercus ilex,37.3664139,-5.9813665
5930676177,Quercus suber,37.3663627,-5.981285
5981086785,desconocida,37.4060921,-5.9718701
6011181367,desconocida,37.3858482,-5.9073292
6011181368,desconocida,37.3858433,-5.90726
6011181373,desconocida,37.3855686,-5.9073258
6011181374,desconocida,37.3855704,-5.9074136
6011181375,desconocida,37.3856181,-5.9074328
6011181376,desconocida,37.3856793,-5.9074274
6011181377,desconocida,37.3856108,-5.9083518
6044778185,needleleaved,37.3582243,-5.9391541
6053268928,desconocida,37.4122021,-5.977283
6053268929,desconocida,37.4118594,-5.9772051
6053268930,desconocida,37.4119339,-5.9770576
6053268931,desconocida,37.4118246,-5.9770961
6053268932,desconocida,37.4117636,-5.9770809
6053268933,desconocida,37.4116777,-5.9770734
6053268934,desconocida,37.4116611,-5.9771369
6053268935,desconocida,37.4116348,-5.9770857
6053268936,desconocida,37.411738,-5.9772071
6053268937,desconocida,37.4121043,-5.9770874
6179761014,desconocida,37.4001346,-5.9933427
6179761015,desconocida,37.4002368,-5.9934189
6179761040,desconocida,37.3968505,-5.9945627
6179761041,desconocida,37.3977194,-5.9939562
6179761042,desconocida,37.3978591,-5.9940173
6179761043,desconocida,37.3982119,-5.9939934
6179761044,desconocida,37.398103,-5.9937506
6179761045,desconocida,37.3978378,-5.9938146
6179761046,desconocida,37.3978875,-5.9937461
6179761047,desconocida,37.3975773,-5.9940083
6179761048,desconocida,37.3983433,-5.9939458
6179761049,desconocida,37.3984664,-5.9939145
6179761050,desconocida,37.3984557,-5.9938429
6179761051,desconocida,37.3985672,-5.9938471
6179761052,desconocida,37.3983847,-5.9936686
6179761053,desconocida,37.3986475,-5.9936716
6179761054,desconocida,37.3987824,-5.9935673
6179761055,desconocida,37.3987505,-5.9938913
6179761056,desconocida,37.3988158,-5.993876
6179761057,desconocida,37.3987824,-5.9937759
6179761058,desconocida,37.3990829,-5.9938333
6179761059,desconocida,37.3989695,-5.9938564
6179761060,desconocida,37.3992074,-5.9937729
6179761061,desconocida,37.3992785,-5.9935509
6179761064,desconocida,37.3995259,-5.9937565
6179761069,desconocida,37.4007653,-5.9932484
6179761070,desconocida,37.4006883,-5.9932782
6179827314,Citrus × aurantium,37.3902554,-5.9927376
6179827315,Citrus × aurantium,37.3902061,-5.9927295
6179827316,Citrus × aurantium,37.3902083,-5.9926638
6179827317,Citrus × aurantium,37.3902117,-5.9926202
6179827318,Citrus × aurantium,37.3902095,-5.9925716
6179827319,Citrus × aurantium,37.3902492,-5.9925666
6179827320,Citrus × aurantium,37.3902935,-5.992573
6179827321,Citrus × aurantium,37.3902877,-5.9926216
6243819629,desconocida,37.4115652,-5.9771253
6257008239,desconocida,37.3460666,-5.9750356
6257008240,desconocida,37.3459515,-5.9749981
6257008241,desconocida,37.3458364,-5.9749337
6257008242,desconocida,37.3462436,-5.9750839
6257008243,desconocida,37.3456423,-5.9748827
6257008244,desconocida,37.3452137,-5.9746333
6257008245,desconocida,37.3449898,-5.9744911
6257008246,desconocida,37.3448043,-5.9743892
6257008247,desconocida,37.3444674,-5.9741854
6257008248,desconocida,37.3442307,-5.9740352
6257008249,desconocida,37.3436315,-5.9736301
6258822624,desconocida,37.377412,-5.9420887
6258822625,desconocida,37.3773246,-5.942137
6258822626,desconocida,37.3771882,-5.9422282
6258822627,desconocida,37.3769772,-5.943065
6258822628,desconocida,37.3771882,-5.9428934
6258822629,desconocida,37.3764976,-5.9433494
6258822630,desconocida,37.3766276,-5.9433601
6258822631,desconocida,37.3767747,-5.9433815
6258822632,desconocida,37.3769069,-5.9434057
6258822633,desconocida,37.3770411,-5.9434298
6258822634,desconocida,37.3771669,-5.9434379
6258822635,desconocida,37.3773033,-5.9434406
6258822636,desconocida,37.3780365,-5.9432743
6258822637,desconocida,37.3779449,-5.9432877
6258822638,desconocida,37.3778489,-5.9433118
6258822639,desconocida,37.3777488,-5.9433494
6258822640,desconocida,37.3776401,-5.9433708
6258822641,desconocida,37.3774994,-5.9433923
6261934467,desconocida,37.3765142,-5.946349
6261934468,desconocida,37.3764361,-5.9462195
6261934469,desconocida,37.3766277,-5.9456122
6261934470,desconocida,37.3760103,-5.9456613
6261934471,desconocida,37.3768726,-5.9465767
6261934472,desconocida,37.3769861,-5.9465052
6261934473,desconocida,37.376759,-5.9448353
6261934474,desconocida,37.3764432,-5.9455988
6261934475,desconocida,37.3762765,-5.9456479
6261934476,desconocida,37.37617,-5.9455363
6261934477,desconocida,37.3760565,-5.9452729
6261934478,desconocida,37.3759465,-5.9449291
6261934479,desconocida,37.3766632,-5.9452729
6261934480,desconocida,37.3768305,-5.9467828
6264971973,desconocida,37.368489,-5.94791
6264971974,desconocida,37.3679174,-5.9476479
6268191885,desconocida,37.3743465,-5.9461238
6268191886,desconocida,37.3739799,-5.9456866
6268191887,desconocida,37.3748666,-5.9451662
6268191888,desconocida,37.3745448,-5.9456088
6268191889,desconocida,37.3745469,-5.9450026
6268191890,desconocida,37.3729461,-5.9453191
6268191891,desconocida,37.3727052,-5.9447961
6268219042,desconocida,37.3774313,-5.9611984
6268727638,desconocida,37.3802069,-5.9535723
6268727639,desconocida,37.3803454,-5.9534865
6278594720,Citrus × aurantium,37.3807497,-5.9894522
6283566069,desconocida,37.398214,-6.0083447
6283566070,desconocida,37.3981492,-6.0083333
6283566071,desconocida,37.3980701,-6.0083409
6283566072,desconocida,37.3979963,-6.0083409
6283566073,desconocida,37.3979247,-6.0083504
6283566074,desconocida,37.3978539,-6.0083475
6283566075,desconocida,37.3977801,-6.0083418
6283566076,desconocida,37.397707,-6.0083456
6283566077,desconocida,37.397637,-6.0083409
6283566078,desconocida,37.3975684,-6.0083447
6283566079,desconocida,37.3974968,-6.0083418
6283566080,desconocida,37.3974222,-6.0083466
6283566081,desconocida,37.3973559,-6.0083494
6283566082,desconocida,37.3972889,-6.0083456
6283566083,desconocida,37.3972151,-6.0083485
6283566084,desconocida,37.3971322,-6.0083542
6283569285,desconocida,37.3970644,-6.0083551
6283569286,desconocida,37.3969815,-6.0083532
6283569287,desconocida,37.3969167,-6.008358
6283569288,desconocida,37.3968459,-6.008357
6283569289,desconocida,37.3967849,-6.0083504
6283569290,desconocida,37.396702,-6.0083475
6283569291,desconocida,37.3966357,-6.0083475
6283569292,desconocida,37.3979059,-6.0079205
6283569293,desconocida,37.3980693,-6.0082116
6283569294,desconocida,37.3980054,-6.0082116
6283569295,desconocida,37.3979477,-6.0082132
6292598405,broadleaved,37.3754171,-6.0099983
6292598406,broadleaved,37.3754534,-6.0099354
6292598407,broadleaved,37.3754825,-6.0098749
6292598408,broadleaved,37.3755096,-6.0098135
6292598409,broadleaved,37.3755433,-6.0097481
6292598410,broadleaved,37.3755757,-6.0096877
6292598411,broadleaved,37.3754999,-6.0100529
6292598412,broadleaved,37.3755362,-6.00999
6292598413,broadleaved,37.3755652,-6.0099295
6292598414,broadleaved,37.3755923,-6.0098681
6292598415,broadleaved,37.3756261,-6.0098027
6292598416,broadleaved,37.3756584,-6.0097423
6292598440,broadleaved,37.375681,-6.0094893
6292598441,broadleaved,37.3757122,-6.0094342
6292598442,broadleaved,37.3757462,-6.0093792
6292598443,broadleaved,37.375823,-6.0093623
6292598444,broadleaved,37.3757624,-6.0095516
6292598445,broadleaved,37.3757944,-6.0094868
6292598446,broadleaved,37.3758509,-6.0094537
6296110787,Phoenix dactylifera,37.3569607,-5.9808398
6296110788,Phoenix dactylifera,37.3571849,-5.9802341
6296110789,Phoenix dactylifera,37.3576314,-5.9806996
6296110790,Phoenix dactylifera,37.3576618,-5.9810391
6296110791,Phoenix dactylifera,37.3592481,-5.9816612
6296110792,Phoenix dactylifera,37.3593742,-5.9817333
6296110793,Phoenix dactylifera,37.3600939,-5.9825532
6296110794,Phoenix dactylifera,37.3605271,-5.9824162
6296110795,Phoenix dactylifera,37.3606552,-5.9824846
6296110796,Phoenix dactylifera,37.3622781,-5.9837744
6296110797,Phoenix dactylifera,37.3624069,-5.9835264
6296110798,Phoenix dactylifera,37.363009,-5.9838808
6296110799,Phoenix dactylifera,37.3633616,-5.9845316
6296110801,Phoenix dactylifera,37.3654995,-5.9857092
6296110802,Phoenix dactylifera,37.3657163,-5.9855072
6296110803,Phoenix dactylifera,37.3663301,-5.9858781
6296110804,Phoenix dactylifera,37.3665964,-5.9863696
6296110805,Phoenix dactylifera,37.3673011,-5.986465
6296110806,Phoenix dactylifera,37.368045,-5.9872418
6296110807,Phoenix dactylifera,37.368516,-5.987202
6296110808,Phoenix dactylifera,37.3688877,-5.987749
6296111086,Phoenix dactylifera,37.3572028,-5.9808075
6296111087,Phoenix dactylifera,37.3572704,-5.9804341
6296111088,Phoenix dactylifera,37.3581368,-5.9809941
6296111089,Phoenix dactylifera,37.3582799,-5.9814128
6296111090,Phoenix dactylifera,37.3591242,-5.9815855
6296111091,Phoenix dactylifera,37.359526,-5.9821517
6296111092,Phoenix dactylifera,37.3597746,-5.9822985
6296111093,Phoenix dactylifera,37.3602817,-5.9822701
6296111094,Phoenix dactylifera,37.3603901,-5.9823334
6296111095,Phoenix dactylifera,37.3604325,-5.9826839
6296111096,Phoenix dactylifera,37.3605524,-5.982758
6296111097,Phoenix dactylifera,37.3608029,-5.9829056
6296111098,Phoenix dactylifera,37.3608992,-5.9826328
6296111099,Phoenix dactylifera,37.3619121,-5.9835592
6296111100,Phoenix dactylifera,37.3620208,-5.9832884
6296111101,Phoenix dactylifera,37.3624031,-5.9838469
6296111102,Phoenix dactylifera,37.3628762,-5.9838036
6296111103,Phoenix dactylifera,37.3631465,-5.9842898
6296111104,Phoenix dactylifera,37.3633387,-5.9840759
6296111105,Phoenix dactylifera,37.3636584,-5.984268
6296111106,Phoenix dactylifera,37.3642658,-5.9846326
6296111107,Phoenix dactylifera,37.3647491,-5.9849279
6296111108,Phoenix dactylifera,37.365232,-5.9852181
6296111109,Phoenix dactylifera,37.3654824,-5.9853688
6296111110,Phoenix dactylifera,37.3656254,-5.9857779
6296111111,Phoenix dactylifera,37.3657454,-5.9858549
6296111112,Phoenix dactylifera,37.3658607,-5.985927
6296111113,Phoenix dactylifera,37.366834,-5.986512
6296111114,Phoenix dactylifera,37.3669306,-5.986245
6296111115,Phoenix dactylifera,37.3685237,-5.9875346
6296116785,Phoenix dactylifera,37.3567336,-5.980718
6296116786,Phoenix dactylifera,37.3571342,-5.9808065
6296116787,Phoenix dactylifera,37.3580308,-5.9812673
6296116788,Phoenix dactylifera,37.3595664,-5.9821739
6296116789,Phoenix dactylifera,37.3598771,-5.9820289
6296116790,Phoenix dactylifera,37.359995,-5.982098
6296116791,Phoenix dactylifera,37.3607797,-5.982561
6296116792,Phoenix dactylifera,37.3610473,-5.9830459
6296116793,Phoenix dactylifera,37.3620332,-5.9836284
6296116794,Phoenix dactylifera,37.3627617,-5.9837344
6296116795,Phoenix dactylifera,37.3628934,-5.9841407
6296116796,Phoenix dactylifera,37.3630146,-5.984212
6296116797,Phoenix dactylifera,37.3631189,-5.9839398
6296116798,Phoenix dactylifera,37.3648714,-5.9850031
6296116799,Phoenix dactylifera,37.3651097,-5.9851462
6296116800,Phoenix dactylifera,37.3652585,-5.9855629
6296116801,Phoenix dactylifera,37.3656025,-5.9854408
6296116802,Phoenix dactylifera,37.3659653,-5.9856607
6296116803,Phoenix dactylifera,37.3659839,-5.9859993
6296116804,Phoenix dactylifera,37.3665731,-5.9860251
6296116885,Phoenix dactylifera,37.3568695,-5.9807988
6296116886,Phoenix dactylifera,37.3569998,-5.9801362
6296116887,Phoenix dactylifera,37.3570472,-5.9808327
6296116888,Phoenix dactylifera,37.3575104,-5.9806256
6296116889,Phoenix dactylifera,37.3591524,-5.981927
6296116890,Phoenix dactylifera,37.3599398,-5.9824632
6296116891,Phoenix dactylifera,37.3606769,-5.9828253
6296116892,Phoenix dactylifera,37.3639041,-5.9844116
6296116893,Phoenix dactylifera,37.3641479,-5.9845622
6296116894,Phoenix dactylifera,37.3642956,-5.9849774
6296116895,Phoenix dactylifera,37.3646229,-5.9848536
6296116896,Phoenix dactylifera,37.3649947,-5.9850744
6296116985,Phoenix dactylifera,37.3570589,-5.9801624
6296116986,Phoenix dactylifera,37.3571451,-5.9802082
6296116987,Phoenix dactylifera,37.3579109,-5.9811931
6296116988,Phoenix dactylifera,37.358752,-5.9813698
6296116989,Phoenix dactylifera,37.3612963,-5.9831924
6296116990,Phoenix dactylifera,37.3615182,-5.9829981
6296116991,Phoenix dactylifera,37.3616441,-5.9830711
6296116992,Phoenix dactylifera,37.361663,-5.9834112
6296116993,Phoenix dactylifera,37.3617877,-5.9834871
6296116994,Phoenix dactylifera,37.362156,-5.983706
6296116995,Phoenix dactylifera,37.3622687,-5.9834409
6296116996,Phoenix dactylifera,37.362528,-5.9839211
6296116997,Phoenix dactylifera,37.3627372,-5.9840453
6296116998,Phoenix dactylifera,37.3632362,-5.9840132
6296116999,Phoenix dactylifera,37.363582,-5.9845515
6296117000,Phoenix dactylifera,37.3639358,-5.9847577
6296117001,Phoenix dactylifera,37.3647835,-5.9852685
6296117002,Phoenix dactylifera,37.3664787,-5.9862949
6296117003,Phoenix dactylifera,37.3673195,-5.9868065
6296117004,Phoenix dactylifera,37.3674419,-5.9868765
6296117005,Phoenix dactylifera,37.3682916,-5.9873927
6296117006,Phoenix dactylifera,37.3684026,-5.9871336
6296117007,Phoenix dactylifera,37.3686302,-5.9872726
6296117185,Phoenix dactylifera,37.3572161,-5.9803103
6296117186,Phoenix dactylifera,37.3577673,-5.9807803
6296117187,Phoenix dactylifera,37.3580569,-5.9809448
6296117188,Phoenix dactylifera,37.358409,-5.9814827
6296117189,Phoenix dactylifera,37.3584994,-5.9812031
6296117190,Phoenix dactylifera,37.3589,-5.9817792
6296117191,Phoenix dactylifera,37.3590278,-5.9818563
6296117192,Phoenix dactylifera,37.3594017,-5.9820686
6296117193,Phoenix dactylifera,37.3594972,-5.9818074
6296117194,Phoenix dactylifera,37.3599025,-5.9823681
6296117195,Phoenix dactylifera,37.3601496,-5.9825374
6296117196,Phoenix dactylifera,37.3612714,-5.9828531
6296117197,Phoenix dactylifera,37.3614141,-5.9832661
6296117198,Phoenix dactylifera,37.3617621,-5.9831418
6296117199,Phoenix dactylifera,37.3621265,-5.9833564
6296117200,Phoenix dactylifera,37.3626331,-5.983985
6296117201,Phoenix dactylifera,37.3637816,-5.9843432
6296117202,Phoenix dactylifera,37.3640273,-5.9844904
6296117203,Phoenix dactylifera,37.3643892,-5.9847056
6296117204,Phoenix dactylifera,37.3645125,-5.9847843
6296117205,Phoenix dactylifera,37.3653801,-5.9856352
6296117206,Phoenix dactylifera,37.3670846,-5.986662
6296117285,Phoenix dactylifera,37.3578769,-5.9808422
6296117286,Phoenix dactylifera,37.3583529,-5.9811175
6296117287,Phoenix dactylifera,37.3610265,-5.982705
6296117288,Phoenix dactylifera,37.3618987,-5.9832143
6296117289,Phoenix dactylifera,37.3625081,-5.9835868
6296117290,Phoenix dactylifera,37.3651401,-5.9854813
6296117291,Phoenix dactylifera,37.3662094,-5.98581
6296117292,Phoenix dactylifera,37.3668126,-5.9861736
6296117293,Phoenix dactylifera,37.3674214,-5.9865371
6296117294,Phoenix dactylifera,37.368022,-5.9869003
6296117295,Phoenix dactylifera,37.3687567,-5.9873438
6296117385,Phoenix dactylifera,37.3585291,-5.9815611
6296117386,Phoenix dactylifera,37.3596464,-5.9822163
6296117387,Phoenix dactylifera,37.3597445,-5.9819545
6296117388,Phoenix dactylifera,37.3602945,-5.982601
6296117389,Phoenix dactylifera,37.3609236,-5.9829775
6296117390,Phoenix dactylifera,37.3611761,-5.9831285
6296117391,Phoenix dactylifera,37.3640569,-5.9848331
6296117392,Phoenix dactylifera,37.3667126,-5.9864358
6296117393,Phoenix dactylifera,37.3675417,-5.986609
6296117394,Phoenix dactylifera,37.3681587,-5.9869861
6296117395,Phoenix dactylifera,37.3681702,-5.9873195
6296117396,Phoenix dactylifera,37.3682701,-5.9870545
6296117485,Phoenix dactylifera,37.3588812,-5.9814418
6296117486,Phoenix dactylifera,37.363692,-5.984612
6296117487,Phoenix dactylifera,37.3666936,-5.9861033
6296117488,Phoenix dactylifera,37.3670548,-5.9863199
6296117489,Phoenix dactylifera,37.3671737,-5.9863927
6296117785,Phoenix dactylifera,37.3592737,-5.9819997
6296117786,Phoenix dactylifera,37.3644158,-5.9850487
6296117787,Phoenix dactylifera,37.3689913,-5.9874721
6296117788,Syagrus romanzoffiana,37.3691349,-5.9879806
6296119485,Phoenix dactylifera,37.3684131,-5.9874646
6296119486,Phoenix dactylifera,37.368655,-5.9876082
6296119585,Phoenix dactylifera,37.3687689,-5.9876784
6296119685,Syagrus romanzoffiana,37.3690991,-5.9879524
6296320986,Phoenix dactylifera,37.4055596,-6.003794
6296320987,Phoenix dactylifera,37.4056743,-6.0044643
6296320988,Phoenix dactylifera,37.4057073,-6.0046569
6296320989,Phoenix dactylifera,37.4057577,-6.0037407
6296320990,Phoenix dactylifera,37.405769,-6.0038069
6296320991,Phoenix dactylifera,37.4057803,-6.0038732
6296320992,Trachycarpus fortunei,37.4058103,-6.0052586
6296320993,Phoenix canariensis,37.406008,-6.006892
6296320994,Phoenix dactylifera,37.406064,-6.0055305
6296320995,Phoenix canariensis,37.4060883,-6.0068704
6296320996,Phoenix dactylifera,37.406098,-6.0057292
6296320997,Phoenix dactylifera,37.406166,-6.0095595
6296320998,Phoenix dactylifera,37.4062783,-6.0094447
6296320999,Phoenix dactylifera,37.406293,-6.0084554
6296321000,Phoenix canariensis,37.4063384,-6.0087203
6296321001,Chamaerops humilis,37.4063934,-6.0074675
6296321002,Phoenix canariensis,37.406395,-6.0090515
6296321003,Phoenix canariensis,37.4064148,-6.0088382
6296321004,Phoenix dactylifera,37.4064162,-6.0076011
6296321005,Washingtonia filifera,37.4064165,-6.0094983
6296321006,Yucca sp,37.4064227,-6.0085591
6296321007,Phoenix canariensis,37.4064297,-6.009568
6296321008,Phoenix dactylifera,37.4064386,-6.0089711
6296321009,Chamaerops humilis,37.4064506,-6.0073124
6296321010,Washingtonia filifera,37.406457,-6.0094129
6296321011,Chamaerops humilis,37.4064621,-6.0073792
6296321012,Washingtonia robusta,37.406468,-6.008824
6296321013,Phoenix dactylifera,37.4064734,-6.0074459
6296321014,Phoenix canariensis,37.4064793,-6.0088903
6296321015,Phoenix dactylifera,37.4064849,-6.0075128
6296321016,Phoenix dactylifera,37.406507,-6.0083979
6296321017,Washingtonia robusta,37.4065101,-6.0087434
6296321018,Phoenix dactylifera,37.4065183,-6.0084641
6296321019,Yucca sp,37.4065482,-6.0083155
6296321020,Phoenix dactylifera,37.4065523,-6.0086628
6296321021,Phoenix dactylifera,37.4065605,-6.0083834
6296321022,Phoenix dactylifera,37.4065718,-6.0084497
6296321023,Phoenix dactylifera,37.4065826,-6.0085146
6296321024,Phoenix dactylifera,37.4065944,-6.0085821
6296321025,Phoenix dactylifera,37.4066058,-6.0086484
6296321026,Phoenix dactylifera,37.4066171,-6.0087146
6296321027,Phoenix dactylifera,37.4066253,-6.0084353
6296321028,Phoenix dactylifera,37.4066284,-6.0087808
6296321029,Phoenix dactylifera,37.4066819,-6.0087665
6296321030,Phoenix dactylifera,37.4067159,-6.0089652
6296321031,Phoenix dactylifera,37.4068176,-6.009168
6296321032,Phoenix dactylifera,37.4068535,-6.0093808
6296321033,Phoenix dactylifera,37.4068696,-6.009153
6296321034,Trachycarpus fortunei,37.4068818,-6.0092242
6296321035,Phoenix dactylifera,37.4069184,-6.0094378
6296321036,Phoenix dactylifera,37.4069667,-6.0092473
6296321037,Phoenix dactylifera,37.4070094,-6.0093084
6296321038,Phoenix dactylifera,37.4071396,-6.0093267
6296334486,Washingtonia filifera,37.3757384,-6.0059135
6296334487,Washingtonia filifera,37.3760289,-6.0059133
6296334686,Washingtonia filifera,37.3746829,-6.0079896
6296334687,Washingtonia filifera,37.3747393,-6.0078776
6296334688,Washingtonia filifera,37.3750766,-6.0072257
6296334689,Washingtonia filifera,37.3752251,-6.0069346
6296334690,Washingtonia filifera,37.375367,-6.0066556
6296334691,Washingtonia filifera,37.3756392,-6.0064861
6296334692,Phoenix dactylifera,37.3756963,-6.0063786
6296334693,Phoenix dactylifera,37.3757069,-6.0063539
6296334694,Phoenix dactylifera,37.3757558,-6.0057101
6296334695,Phoenix canariensis,37.3759907,-6.005555
6296334696,Phoenix canariensis,37.3760078,-6.0055387
6296334697,Phoenix canariensis,37.3760239,-6.0055236
6296334698,Washingtonia filifera,37.3760782,-6.0058959
6296334699,Washingtonia filifera,37.3761185,-6.005885
6296339285,Washingtonia filifera,37.3747965,-6.007778
6296339286,Washingtonia filifera,37.375202,-6.0073505
6296339287,Washingtonia filifera,37.3754591,-6.006478
6296339288,Phoenix dactylifera,37.3759807,-6.0055389
6296339385,Washingtonia filifera,37.3749436,-6.0074884
6296339386,Phoenix dactylifera,37.3757355,-6.0055981
6296339387,Phoenix dactylifera,37.375745,-6.0056564
6296339388,Phoenix dactylifera,37.3760088,-6.0054994
6296339485,Washingtonia filifera,37.3750257,-6.007318
6296339685,Washingtonia filifera,37.3753856,-6.0069864
6296358685,Phoenix dactylifera,37.405571,-6.0038602
6296358686,Phoenix dactylifera,37.4055823,-6.0039264
6296358687,Phoenix dactylifera,37.4056516,-6.004332
6296358688,Phoenix dactylifera,37.405663,-6.0043982
6296358689,Phoenix dactylifera,37.4056857,-6.0045307
6296358690,Phoenix canariensis,37.4057186,-6.0047231
6296358691,Phoenix canariensis,37.40573,-6.0047893
6296358692,Phoenix canariensis,37.4057413,-6.0048556
6296358693,Washingtonia filifera,37.4058216,-6.0053249
6296358694,Washingtonia filifera,37.4058443,-6.0054573
6296358695,Phoenix dactylifera,37.4058611,-6.004345
6296358696,Phoenix canariensis,37.4058886,-6.0057162
6296358697,Phoenix dactylifera,37.4059054,-6.0046036
6296358698,Phoenix canariensis,37.4059281,-6.0047361
6296358699,Washingtonia filifera,37.406002,-6.0063784
6296358700,Phoenix dactylifera,37.4060749,-6.0096077
6296358701,Phoenix canariensis,37.4061036,-6.00696
6296358702,Phoenix dactylifera,37.4061398,-6.0095207
6296358703,Washingtonia robusta,37.4061992,-6.0075197
6296358704,Phoenix dactylifera,37.4061999,-6.0063252
6296358705,Phoenix dactylifera,37.4062442,-6.0096086
6296358706,Phoenix dactylifera,37.4062513,-6.0095427
6296358707,Phoenix dactylifera,37.4062645,-6.009491
6296358708,Phoenix dactylifera,37.4062816,-6.0083891
6296358709,Phoenix canariensis,37.4062821,-6.0068183
6296358710,Phoenix canariensis,37.4062974,-6.0069079
6296358711,Phoenix canariensis,37.4063352,-6.0083748
6296358712,Phoenix dactylifera,37.4063517,-6.0094412
6296358713,Phoenix canariensis,37.4063691,-6.0085734
6296358714,Phoenix canariensis,37.4063777,-6.0068863
6296358715,Phoenix canariensis,37.40638,-6.0086431
6296358716,Chamaerops humilis,37.406382,-6.0074007
6296358717,Yucca sp,37.4063884,-6.0083596
6296358718,Phoenix dactylifera,37.4064,-6.0084266
6296358719,Phoenix canariensis,37.4064032,-6.0087721
6296358720,Phoenix canariensis,37.4064043,-6.0094271
6296358721,Phoenix dactylifera,37.4064048,-6.0075343
6296358722,Yucca sp,37.4064113,-6.0084929
6296358723,Phoenix canariensis,37.4064257,-6.0089046
6296358724,Trachycarpus fortunei,37.4064277,-6.0076679
6296358725,Yucca sp,37.4064339,-6.0086253
6296358726,Phoenix canariensis,37.4064392,-6.0072457
6296358727,Phoenix dactylifera,37.4065296,-6.0085303
6296358728,Phoenix dactylifera,37.406541,-6.0085966
6296358729,Trachycarpus fortunei,37.4065555,-6.0090083
6296358730,Phoenix dactylifera,37.4065636,-6.008729
6296358731,Phoenix dactylifera,37.4065862,-6.0088615
6296358732,Trachycarpus fortunei,37.4065976,-6.0089277
6296358733,Yucca sp,37.4066026,-6.0083029
6296358734,Trachycarpus fortunei,37.4066089,-6.008994
6296358735,Phoenix dactylifera,37.4066139,-6.0083691
6296358736,Phoenix dactylifera,37.4066398,-6.0088471
6296358737,Phoenix dactylifera,37.406648,-6.0085678
6296358738,Phoenix dactylifera,37.4066593,-6.008634
6296358739,Phoenix dactylifera,37.4066624,-6.0089795
6296358740,Phoenix dactylifera,37.4067644,-6.0091814
6296358741,Phoenix dactylifera,37.4067766,-6.0092526
6296358742,Phoenix dactylifera,37.406801,-6.009395
6296358743,Phoenix dactylifera,37.4068131,-6.0094662
6296358744,Phoenix dactylifera,37.4068285,-6.0092363
6296358745,Phoenix dactylifera,37.4068396,-6.0093028
6296358746,Phoenix dactylifera,37.4068957,-6.009293
6296358747,Phoenix dactylifera,37.406991,-6.0091938
6296358748,Phoenix dactylifera,37.4070954,-6.0092757
6296358785,Washingtonia filifera,37.405833,-6.0053911
6296358786,Washingtonia filifera,37.4058699,-6.0055903
6296358787,Phoenix canariensis,37.405879,-6.0056592
6296358788,Phoenix dactylifera,37.4058837,-6.0044774
6296358789,Phoenix canariensis,37.4058999,-6.0057825
6296358790,Phoenix dactylifera,37.4059167,-6.0046699
6296358791,Phoenix canariensis,37.4059393,-6.0048023
6296358792,Chamaerops humilis,37.4059679,-6.0061799
6296358793,Chamaerops humilis,37.4059793,-6.006246
6296358794,Phoenix dactylifera,37.4059906,-6.0063122
6296358795,Phoenix dactylifera,37.4060083,-6.0052054
6296358796,Phoenix dactylifera,37.4060197,-6.0052716
6296358797,Phoenix canariensis,37.4060233,-6.0069815
6296358798,Phoenix dactylifera,37.406031,-6.0053378
6296358799,Phoenix dactylifera,37.4060423,-6.0054041
6296358800,Phoenix dactylifera,37.4060753,-6.0055968
6296358801,Phoenix dactylifera,37.4060848,-6.0073409
6296358802,Phoenix dactylifera,37.4060866,-6.005663
6296358803,Phoenix dactylifera,37.4060933,-6.0095783
6296358804,Phoenix dactylifera,37.4060962,-6.0074077
6296358805,Washingtonia robusta,37.4061077,-6.0074745
6296358806,Washingtonia robusta,37.4061191,-6.0075412
6296358807,Washingtonia robusta,37.4061305,-6.0076081
6296358808,Washingtonia robusta,37.406142,-6.0076749
6296358809,Trachycarpus fortunei,37.4061533,-6.0077416
6296358810,Phoenix dactylifera,37.4061605,-6.0094702
6296358811,Phoenix dactylifera,37.406166,-6.0061266
6296358812,Phoenix canariensis,37.4061773,-6.0061927
6296358813,Washingtonia robusta,37.4061873,-6.0074537
6296358814,Phoenix canariensis,37.4061886,-6.0062591
6296358815,Washingtonia robusta,37.4062106,-6.0075866
6296358816,Phoenix dactylifera,37.406222,-6.0076533
6296358817,Trachycarpus fortunei,37.4062334,-6.0077201
6296358818,Phoenix dactylifera,37.4062733,-6.0093469
6296358819,Phoenix canariensis,37.406327,-6.0086541
6296358820,Phoenix canariensis,37.4063273,-6.0092988
6296358821,Phoenix canariensis,37.4063396,-6.00937
6296358822,Phoenix canariensis,37.4063496,-6.0087866
6296358823,Phoenix canariensis,37.4063591,-6.0072672
6296358824,Phoenix canariensis,37.4063609,-6.0088528
6296358825,Phoenix dactylifera,37.4063624,-6.0067968
6296358826,Phoenix dactylifera,37.4063639,-6.0095124
6296358827,Chamaerops humilis,37.4063705,-6.007334
6296358828,Phoenix canariensis,37.4063723,-6.008919
6296358829,Phoenix dactylifera,37.4063761,-6.0095836
6296358830,Phoenix canariensis,37.4063827,-6.0092845
6296358831,Phoenix dactylifera,37.4063837,-6.0089853
6296358832,Phoenix canariensis,37.4063918,-6.0087059
6296358833,Phoenix canariensis,37.4063922,-6.0093559
6296358885,Phoenix dactylifera,37.4058498,-6.0042787
6296358886,Phoenix dactylifera,37.4061649,-6.0073194
6296358887,Yucca sp,37.4061763,-6.0073862
6296358888,Phoenix dactylifera,37.4061999,-6.0094301
6296358889,Phoenix canariensis,37.4063465,-6.0084411
6296358890,Phoenix dactylifera,37.4064326,-6.0092705
6296358891,Phoenix canariensis,37.4064448,-6.0093417
6296358892,Phoenix canariensis,37.4064907,-6.0089565
6296358893,Phoenix dactylifera,37.4064963,-6.0075796
6296358894,Trachycarpus fortunei,37.4065077,-6.0076463
6296358895,Washingtonia robusta,37.4065214,-6.0088096
6296358896,Phoenix dactylifera,37.4066702,-6.0087001
6296358897,Phoenix dactylifera,37.4066932,-6.0088327
6296358898,Phoenix dactylifera,37.4067046,-6.008899
6296358899,Chamaerops humilis,37.4069061,-6.0093666
6296358900,Phoenix dactylifera,37.4070385,-6.0092342
6296358901,Chamaerops humilis,37.407164,-6.0092709
6296359485,Yucca sp,37.4064453,-6.0086916
6296359486,Washingtonia filifera,37.4064691,-6.0094841
6296359487,Phoenix canariensis,37.4064813,-6.0095553
6296359488,Phoenix dactylifera,37.4064957,-6.0083316
6296359489,Trachycarpus fortunei,37.4065019,-6.0090227
6296359490,Washingtonia robusta,37.4065441,-6.0089421
6296359491,Phoenix dactylifera,37.4067887,-6.0093238
6296359585,Trachycarpus fortunei,37.4064484,-6.0090371
6296359586,Washingtonia robusta,37.4064553,-6.008759
6296359587,Phoenix dactylifera,37.4066366,-6.0085016
6296360385,Washingtonia robusta,37.4065328,-6.0088758
6296360985,Phoenix dactylifera,37.4068658,-6.009452
6325435257,desconocida,37.4194938,-5.9658474
6325435258,desconocida,37.4194471,-5.9658683
6325435259,desconocida,37.4194019,-5.9658872
6325435260,desconocida,37.4193552,-5.9659195
6325435261,desconocida,37.4193567,-5.9660504
6325435262,desconocida,37.4193703,-5.9661016
6325435263,desconocida,37.4195239,-5.9660504
6325435264,desconocida,37.4196038,-5.965929
6325435265,desconocida,37.419298,-5.9661054
6325435267,desconocida,37.4191142,-5.9661679
6325435272,desconocida,37.4198417,-5.9662021
6325435273,desconocida,37.419771,-5.96624
6325435274,desconocida,37.4196851,-5.9662893
6325435275,desconocida,37.4196203,-5.9663102
6325435276,desconocida,37.4195646,-5.9663595
6325435277,desconocida,37.4195089,-5.9663785
6325435278,desconocida,37.4194426,-5.9664164
6325435279,desconocida,37.4193748,-5.9664581
6325435487,desconocida,37.4198191,-5.9658144
6325435488,desconocida,37.4198063,-5.9657258
6325435489,desconocida,37.4197509,-5.9655944
6325435490,desconocida,37.419719,-5.9657661
6325435491,desconocida,37.4196849,-5.9656051
6325435492,desconocida,37.4197871,-5.9656641
6469459874,desconocida,37.3770649,-6.0129931
6469459875,desconocida,37.3770311,-6.0130289
6469459876,desconocida,37.3769408,-6.0131244
6469459877,desconocida,37.3769079,-6.0131577
6469459878,desconocida,37.376889,-6.0134164
6469459879,desconocida,37.3769736,-6.0130897
6469475212,desconocida,37.3770191,-6.0129079
6469475213,desconocida,37.3769775,-6.0129474
6469475214,desconocida,37.3769413,-6.0129867
6469475215,desconocida,37.3768762,-6.0130596
6469475216,desconocida,37.3769134,-6.0130248
6512238195,desconocida,37.384083,-6.0107785
6512238196,desconocida,37.3840834,-6.0107229
6512238197,desconocida,37.3840866,-6.0106662
6512238198,desconocida,37.3840872,-6.0106115
6512238199,desconocida,37.3840568,-6.0105828
6512238200,desconocida,37.3840097,-6.0106096
6512238201,desconocida,37.3839957,-6.0106713
6512238202,desconocida,37.3839845,-6.0107134
6512238203,desconocida,37.3840171,-6.0107858
6515341772,desconocida,37.3760633,-6.0095699
6515341773,desconocida,37.3760282,-6.0095737
6515341774,desconocida,37.3759944,-6.0095861
6515341775,desconocida,37.3759661,-6.0096101
6515341776,desconocida,37.3759698,-6.0096496
6515341777,desconocida,37.3759778,-6.009703
6515341778,desconocida,37.3759852,-6.0097487
6515341779,desconocida,37.3760233,-6.0097526
6515561835,desconocida,37.3767022,-6.0083828
6515561836,desconocida,37.3766667,-6.0083538
6515561837,desconocida,37.3766308,-6.0083245
6515561838,desconocida,37.3765919,-6.0082927
6515561839,desconocida,37.3765502,-6.0082586
6515561840,desconocida,37.376514,-6.0082291
6515561841,desconocida,37.3764719,-6.0081948
6515561842,desconocida,37.3764429,-6.0081711
6515561843,desconocida,37.3763794,-6.0081192
6515561844,desconocida,37.3763394,-6.0080866
6515561845,desconocida,37.3763011,-6.0080553
6515561846,desconocida,37.3762591,-6.008021
6515561847,desconocida,37.3762257,-6.0079937
6515561848,desconocida,37.3761813,-6.0079574
6515561849,desconocida,37.376144,-6.007927
6515561850,desconocida,37.3766197,-6.008489
6515561851,desconocida,37.3765329,-6.0084089
6515561852,desconocida,37.3764949,-6.0083792
6515561853,desconocida,37.376453,-6.0083463
6515561854,desconocida,37.3764092,-6.008312
6515561855,desconocida,37.3763766,-6.0082864
6515561856,desconocida,37.3763108,-6.0082344
6515561857,desconocida,37.3762743,-6.0082054
6515561858,desconocida,37.3762298,-6.0081701
6515561859,desconocida,37.3761924,-6.0081403
6515561860,desconocida,37.3761525,-6.0081087
6515561861,desconocida,37.3761098,-6.0080748
6515561862,desconocida,37.3760681,-6.0080417
6515561863,desconocida,37.376016,-6.0079956
6515561864,desconocida,37.3764558,-6.0072461
6515654021,desconocida,37.3849299,-6.0114383
6515654022,desconocida,37.3849836,-6.0114348
6515654023,desconocida,37.3850393,-6.0114909
6515654024,desconocida,37.3850616,-6.0115514
6529138132,desconocida,37.417565,-6.0007722
6529138133,desconocida,37.4165812,-5.9999095
6529138134,desconocida,37.4163977,-5.9997585
6529138135,desconocida,37.4162803,-5.9996568
6529138136,desconocida,37.4161922,-5.9995767
6529183899,desconocida,37.4144338,-5.9989464
6529183900,desconocida,37.4143784,-5.9990641
6529183901,desconocida,37.4143472,-5.9989769
6529183902,desconocida,37.4141604,-5.9992122
6529183903,desconocida,37.4140634,-5.9991817
6529183904,desconocida,37.4139458,-5.9992558
6529183905,desconocida,37.4138558,-5.9992776
6529183906,desconocida,37.4137554,-5.999356
6529183907,desconocida,37.4137727,-5.9994475
6529183908,desconocida,37.4154547,-5.9991948
6529183909,desconocida,37.4155654,-5.9993386
6532510994,desconocida,37.4153926,-5.9979769
6532510995,desconocida,37.4153584,-5.9977335
6532510996,desconocida,37.4154489,-5.9983497
6532510997,desconocida,37.4153241,-5.9974408
6532510998,desconocida,37.4152801,-5.9971943
6532510999,desconocida,37.4152605,-5.9969755
6532511000,desconocida,37.4152164,-5.9966674
6532511001,desconocida,37.4151773,-5.9963963
6532511002,desconocida,37.415121,-5.9961283
6532511003,desconocida,37.4150867,-5.995854
6532511004,desconocida,37.41505,-5.9955798
6532511005,desconocida,37.4150182,-5.9953118
6532511006,desconocida,37.4149717,-5.9950098
6532511007,desconocida,37.4149228,-5.9947325
6532511008,desconocida,37.4149839,-5.9942858
6532511009,desconocida,37.4151528,-5.9942796
6532511010,desconocida,37.4151528,-5.9943443
6532511011,desconocida,37.4152605,-5.9941749
6532511012,desconocida,37.4151944,-5.9941071
6532511013,desconocida,37.4154993,-5.9938385
6532511014,desconocida,37.415401,-5.9938268
6532511015,desconocida,37.415362,-5.9937918
6532511016,desconocida,37.4153247,-5.9937578
6532511017,desconocida,37.4154919,-5.9936353
6532511018,desconocida,37.4154325,-5.9936376
6532511028,desconocida,37.4166025,-5.9992137
6532511029,desconocida,37.4167991,-5.9991577
6532511030,desconocida,37.4169772,-5.9991156
6532511031,desconocida,37.4171552,-5.9990456
6532511032,desconocida,37.4173221,-5.9990129
6532511033,desconocida,37.4175669,-5.9989475
6532511034,desconocida,37.4175335,-5.999195
6532511035,desconocida,37.417338,-5.9992263
6532511036,desconocida,37.4177078,-5.9989288
6532511040,desconocida,37.4191442,-5.9985071
6532511041,desconocida,37.4192085,-5.998733
6532511043,desconocida,37.4197559,-5.9984054
6532511046,desconocida,37.4203995,-5.9982329
6532511047,desconocida,37.4208861,-5.9977847
6532511048,desconocida,37.4207372,-5.9960145
6532511049,desconocida,37.4202668,-5.9947662
6532511050,desconocida,37.420561,-5.9958112
6532511051,desconocida,37.4207347,-5.9958697
6532511069,desconocida,37.4179568,-5.9940587
6532511070,desconocida,37.4178099,-5.9940831
6532511071,desconocida,37.417663,-5.9939347
6532511072,desconocida,37.4178131,-5.9939327
6532511073,desconocida,37.41796,-5.9939388
6532511074,desconocida,37.4180763,-5.9939774
6532511075,desconocida,37.418199,-5.9939551
6532511076,desconocida,37.4182539,-5.9940364
6532511077,desconocida,37.4181408,-5.9941075
6532511078,desconocida,37.4179697,-5.994138
6534416112,desconocida,37.4093118,-5.96778
6534416113,desconocida,37.4094556,-5.9681023
6534416114,desconocida,37.4094036,-5.9680801
6534416115,desconocida,37.4093851,-5.9681583
6534416116,desconocida,37.4093434,-5.9682132
6534416117,desconocida,37.4093155,-5.9682657
6534416118,desconocida,37.409323,-5.9680824
6534416119,desconocida,37.4097449,-5.9683194
6534416120,desconocida,37.4096605,-5.9682669
6534416121,desconocida,37.4098033,-5.9685086
6534416122,desconocida,37.4097292,-5.968463
6534416123,desconocida,37.40968,-5.9684444
6534416124,desconocida,37.4096262,-5.9684128
6534416125,desconocida,37.4099628,-5.9685658
6534416126,desconocida,37.4098747,-5.9685284
6534416127,desconocida,37.4100435,-5.9684852
6534416128,desconocida,37.410012,-5.9684257
6534416129,desconocida,37.4100565,-5.9685985
6534416130,desconocida,37.4100241,-5.9685938
6534416131,desconocida,37.41014,-5.9685938
6534416132,desconocida,37.4101928,-5.9685296
6534416133,desconocida,37.4101632,-5.9684595
6534416134,desconocida,37.4102123,-5.968435
6534416135,desconocida,37.410229,-5.9684841
6534416136,desconocida,37.4102967,-5.9683965
6534416137,desconocida,37.4102485,-5.9683836
6534416138,desconocida,37.4104191,-5.9682202
6534416139,desconocida,37.4104692,-5.9681513
6534416140,desconocida,37.4105053,-5.9680999
6534416141,desconocida,37.4105999,-5.9679925
6534416142,desconocida,37.4105628,-5.9680334
6534416143,desconocida,37.4105925,-5.9678898
6534416144,desconocida,37.4104163,-5.9679762
6534416145,desconocida,37.4107131,-5.9678711
6534416146,desconocida,37.4106593,-5.9678186
6534416147,desconocida,37.4106843,-5.9677614
6534416148,desconocida,37.4107743,-5.9677695
6534416149,desconocida,37.4106992,-5.9676703
6534416150,desconocida,37.4107529,-5.9676388
6534416151,desconocida,37.4107891,-5.9675827
6534416152,desconocida,37.4109616,-5.9675606
6534416153,desconocida,37.4110005,-5.9674707
6534416154,desconocida,37.4110543,-5.9674251
6534416155,desconocida,37.4110914,-5.9673819
6534416156,desconocida,37.4111304,-5.9673469
6534416157,desconocida,37.4111499,-5.9672885
6534416158,desconocida,37.4111146,-5.9671671
6534416159,desconocida,37.4112426,-5.9671052
6534416160,desconocida,37.4113121,-5.9669733
6534416161,desconocida,37.4111332,-5.9668659
6534416162,desconocida,37.4111239,-5.9669301
6534416163,desconocida,37.4111313,-5.96702
6534416173,desconocida,37.4108909,-5.9669205
6534416174,desconocida,37.4107648,-5.9665469
6534416175,desconocida,37.4107426,-5.9665002
6534416176,desconocida,37.4107119,-5.9665819
6534416177,desconocida,37.4106804,-5.96652
6534416178,desconocida,37.4103271,-5.9667605
6534416179,desconocida,37.4103225,-5.9668621
6534416180,desconocida,37.4102631,-5.9668621
6534416181,desconocida,37.4104402,-5.9669053
6534416182,desconocida,37.4101231,-5.9668213
6534416183,desconocida,37.4100721,-5.9667932
6534416184,desconocida,37.409997,-5.9669205
6534416285,desconocida,37.4093719,-5.9675313
6534416286,desconocida,37.4093017,-5.9675366
6534416287,desconocida,37.4093143,-5.9674808
6534416288,desconocida,37.4091948,-5.9672269
6534416289,desconocida,37.409301,-5.9672782
6534416290,desconocida,37.4090198,-5.9673561
6534416291,desconocida,37.4090381,-5.967311
6534416292,desconocida,37.4089727,-5.9674207
6534416293,desconocida,37.4089524,-5.9674277
6534416294,desconocida,37.4088954,-5.9675675
6534416295,desconocida,37.408965,-5.9676596
6534416296,desconocida,37.4088378,-5.9676764
6534416297,desconocida,37.4089081,-5.9678224
6534416298,desconocida,37.4088427,-5.9678516
6534416299,desconocida,37.4088512,-5.9679701
6534416300,desconocida,37.4088104,-5.9679807
6534416301,desconocida,37.4087317,-5.9678816
6534416302,desconocida,37.4090163,-5.9679445
6534416303,desconocida,37.4089706,-5.9679215
6534416304,desconocida,37.4089594,-5.9679657
6534416305,desconocida,37.4090177,-5.9680542
6534416306,desconocida,37.4090557,-5.9681515
6534416307,desconocida,37.408991,-5.9681267
6534416308,desconocida,37.4089552,-5.9680958
6534416309,desconocida,37.4089228,-5.9680878
6534416310,desconocida,37.4091435,-5.9681825
6534416311,desconocida,37.4092363,-5.9682329
6534416312,desconocida,37.4092714,-5.9681612
6534416313,desconocida,37.4091948,-5.9682081
6534416314,desconocida,37.4091189,-5.9671623
6534416315,desconocida,37.4091112,-5.9671048
6534416316,desconocida,37.4091611,-5.9670004
6534416317,desconocida,37.4091105,-5.966873
6534416318,desconocida,37.4091351,-5.9668217
6534416319,desconocida,37.4091716,-5.9667571
6534416320,desconocida,37.4090107,-5.9668252
6534416321,desconocida,37.4090613,-5.9668482
6534416322,desconocida,37.408965,-5.9668048
6534416323,desconocida,37.4089777,-5.9667473
6534416324,desconocida,37.4088786,-5.9675056
6534416325,desconocida,37.4088905,-5.9674331
6534416326,desconocida,37.4089685,-5.967303
6534416327,desconocida,37.4090142,-5.9672278
6534416328,desconocida,37.4086565,-5.9672357
6534416329,desconocida,37.4086902,-5.9672251
6534416330,desconocida,37.4085953,-5.9672163
6534416331,desconocida,37.4088062,-5.9676242
6534416332,desconocida,37.4083861,-5.9675132
6534416333,desconocida,37.4083051,-5.967536
6534416334,desconocida,37.4081965,-5.9675897
6534416335,desconocida,37.4081922,-5.9674582
6534416336,desconocida,37.4081933,-5.9673362
6534416337,desconocida,37.4081453,-5.9673416
6534416338,desconocida,37.4081294,-5.9672356
6534416339,desconocida,37.4080548,-5.9672128
6534416340,desconocida,37.4080942,-5.9672879
6534416341,desconocida,37.4080878,-5.9673282
6534416342,desconocida,37.4082327,-5.9673027
6534416343,desconocida,37.4080814,-5.9673751
6534416344,desconocida,37.4080516,-5.9673657
6534416345,desconocida,37.407993,-5.9673241
6534416346,desconocida,37.4079557,-5.9673
6534416347,desconocida,37.4079067,-5.9673107
6534416348,desconocida,37.4078534,-5.9672772
6534416349,desconocida,37.4078758,-5.9672061
6534416350,desconocida,37.4078929,-5.967135
6534416351,desconocida,37.4079397,-5.9671431
6534416352,desconocida,37.4079728,-5.9671659
6534416353,desconocida,37.4079067,-5.9670787
6534416354,desconocida,37.4081581,-5.9671417
6534416355,desconocida,37.4080846,-5.9671069
6534416356,desconocida,37.4080441,-5.9670881
6534416357,desconocida,37.4080058,-5.9670653
6534416358,desconocida,37.4079568,-5.9670371
6534416359,desconocida,37.4079248,-5.9670237
6534416360,desconocida,37.407928,-5.9669701
6534416361,desconocida,37.4079493,-5.9668829
6534416362,desconocida,37.4080282,-5.9666992
6534416363,desconocida,37.4080558,-5.9664725
6534416364,desconocida,37.4081805,-5.9664994
6534416365,desconocida,37.4081954,-5.966439
6534416366,desconocida,37.4082071,-5.9663733
6534416367,desconocida,37.4081262,-5.9664578
6534416368,desconocida,37.40814,-5.9664095
6534416369,desconocida,37.4080814,-5.96638
6534416370,desconocida,37.4081027,-5.9663223
6534416371,desconocida,37.4082742,-5.9659669
6534416372,desconocida,37.4081954,-5.9658221
6534416373,desconocida,37.4084681,-5.9662526
6534416374,desconocida,37.4084543,-5.9661989
6534416375,desconocida,37.4086045,-5.9661547
6534416376,desconocida,37.4086162,-5.9661882
6534416377,desconocida,37.4085789,-5.9661842
6534416378,desconocida,37.4085395,-5.9661815
6534416379,desconocida,37.4085107,-5.9662124
6534416380,desconocida,37.40845,-5.966144
6534416381,desconocida,37.4086545,-5.9658248
6534416382,desconocida,37.4086812,-5.9657698
6534416383,desconocida,37.4086322,-5.9657457
6534416384,desconocida,37.4087078,-5.9656893
6534416385,desconocida,37.4086481,-5.9656705
6534416386,desconocida,37.4086034,-5.9656705
6534416387,desconocida,37.4085405,-5.965641
6534416388,desconocida,37.4084404,-5.9656062
6534416389,desconocida,37.4082497,-5.9665195
6534416390,desconocida,37.4082561,-5.9664631
6534416391,desconocida,37.4086332,-5.9667099
6534416392,desconocida,37.4090348,-5.9664256
6534416393,desconocida,37.4089901,-5.9662606
6534416394,desconocida,37.4089944,-5.9663384
6534416395,desconocida,37.4089336,-5.9663357
6534416396,desconocida,37.4088836,-5.9662553
6534416397,desconocida,37.4088239,-5.9662888
6534416398,desconocida,37.4089315,-5.9664672
6534416399,desconocida,37.408956,-5.9664296
6534416400,desconocida,37.4089166,-5.9664068
6534416401,desconocida,37.4088676,-5.9664122
6534416402,desconocida,37.408809,-5.9663639
6534416403,desconocida,37.4090764,-5.9663263
6534416404,desconocida,37.4090913,-5.966258
6534416405,desconocida,37.4091861,-5.9662821
6534416406,desconocida,37.4092756,-5.9662606
6534416407,desconocida,37.4092276,-5.9662258
6534416408,desconocida,37.4091339,-5.9661842
6534416409,desconocida,37.4092383,-5.9663263
6534416410,desconocida,37.4092362,-5.9663921
6534416411,desconocida,37.4092777,-5.9664041
6534416412,desconocida,37.4092106,-5.9664698
6534416413,desconocida,37.4092639,-5.9664806
6534416414,desconocida,37.4093011,-5.9665101
6534416415,desconocida,37.4092788,-5.9665677
6534416416,desconocida,37.4092276,-5.966553
6534416417,desconocida,37.4092372,-5.9666294
6534416418,desconocida,37.4091893,-5.9665275
6534416419,desconocida,37.4090934,-5.9664122
6534416420,desconocida,37.4093278,-5.9658529
6534416421,desconocida,37.409217,-5.9658248
6534416422,desconocida,37.4093565,-5.9664095
6534416423,desconocida,37.4093864,-5.9663518
6534416424,desconocida,37.4094332,-5.966262
6534416425,desconocida,37.4094641,-5.9661815
6534416426,desconocida,37.4094982,-5.9661238
6534416427,desconocida,37.4093672,-5.9661359
6534416428,desconocida,37.4093874,-5.9660903
6534416429,desconocida,37.4094258,-5.9659616
6534416430,desconocida,37.4095494,-5.965924
6534416431,desconocida,37.4092436,-5.9669392
6534416432,desconocida,37.4093043,-5.9669258
6534416433,desconocida,37.4092532,-5.9668936
6534416434,desconocida,37.4093523,-5.9668454
6534416435,desconocida,37.4092766,-5.966844
6534416436,desconocida,37.4093097,-5.9667863
6534416437,desconocida,37.4093597,-5.9666858
6534416438,desconocida,37.4094109,-5.9666549
6534416439,desconocida,37.4094631,-5.966612
6534416440,desconocida,37.4095952,-5.9667233
6534416441,desconocida,37.4095312,-5.9667139
6534416442,desconocida,37.4094812,-5.9667153
6534416443,desconocida,37.4094998,-5.966677
6534416444,desconocida,37.4095983,-5.9677539
6534416445,desconocida,37.4095835,-5.9678867
6534416446,desconocida,37.4096623,-5.9679265
6534416447,desconocida,37.4097164,-5.9677991
6534416448,desconocida,37.4099406,-5.967446
6534416453,desconocida,37.4096405,-5.9673894
6534416454,desconocida,37.4097079,-5.9673823
6534416455,desconocida,37.4096981,-5.9671456
6534416456,desconocida,37.4096749,-5.9671032
6534416457,desconocida,37.4096517,-5.9670112
6534416458,desconocida,37.4097543,-5.9671156
6534416459,desconocida,37.409859,-5.9672978
6534416460,desconocida,37.4098858,-5.967204
6534416461,desconocida,37.4099195,-5.9670864
6534416462,desconocida,37.4098724,-5.9674403
6534416463,desconocida,37.4098478,-5.9675279
6534416464,desconocida,37.4099033,-5.967565
6534416465,desconocida,37.4099462,-5.9674686
6534416466,desconocida,37.4100109,-5.9674155
6534416467,desconocida,37.4100277,-5.967596
6534416468,desconocida,37.4100439,-5.967535
6534416469,desconocida,37.4100439,-5.967496
6534416470,desconocida,37.4100544,-5.9673943
6534416471,desconocida,37.4100903,-5.9674146
6534416472,desconocida,37.4101859,-5.9674421
6534416473,desconocida,37.4101781,-5.9673562
6534416474,desconocida,37.4101296,-5.9674261
6534418285,desconocida,37.4100313,-5.9667804
6534418286,desconocida,37.409933,-5.9665154
6534418287,desconocida,37.4099413,-5.9666146
6534418288,desconocida,37.4098959,-5.9664745
6534418289,desconocida,37.409856,-5.9665224
6534418290,desconocida,37.4098143,-5.9664955
6534418291,desconocida,37.4098041,-5.9661616
6534418292,desconocida,37.4097475,-5.9661348
6534418293,desconocida,37.4096891,-5.9660997
6534418294,desconocida,37.4097058,-5.9660647
6534418295,desconocida,37.4098319,-5.9660869
6534418296,desconocida,37.4097827,-5.9660589
6534418297,desconocida,37.4096585,-5.9659912
6534418298,desconocida,37.4095565,-5.9662071
6534418299,desconocida,37.4095277,-5.966269
6534418300,desconocida,37.409486,-5.9663332
6534418301,desconocida,37.4094591,-5.9663869
6534418302,desconocida,37.4093997,-5.966534
6534418303,desconocida,37.4093571,-5.9666099
6534418304,desconocida,37.4093005,-5.9666415
6534418305,desconocida,37.4092875,-5.9667185
6534418306,desconocida,37.4092504,-5.9667862
6534418307,desconocida,37.4092235,-5.9668539
6534418308,desconocida,37.4091985,-5.9666987
6534418309,desconocida,37.4091141,-5.9670302
6534418310,desconocida,37.4090575,-5.9671598
6534418311,desconocida,37.4088025,-5.9671668
6534418312,desconocida,37.4088378,-5.9670349
6534418313,desconocida,37.4084946,-5.9668434
6534418314,desconocida,37.4083045,-5.9670583
6534418315,desconocida,37.4082915,-5.9670991
6534418316,desconocida,37.408285,-5.9671575
6535365978,desconocida,37.4186486,-5.9957876
6535365979,desconocida,37.4186205,-5.9959239
6535365980,desconocida,37.4185222,-5.9955009
6535365981,desconocida,37.4186515,-5.9955133
6535365982,desconocida,37.4187372,-5.9955045
6535365983,desconocida,37.41874,-5.9956301
6535365984,desconocida,37.4188314,-5.9956814
6535529860,desconocida,37.4129793,-5.9935854
6535529861,desconocida,37.4128557,-5.9935129
6535529862,desconocida,37.4128429,-5.9934164
6535529863,desconocida,37.4127641,-5.9933922
6535529864,desconocida,37.4128408,-5.9933037
6535529865,desconocida,37.4129345,-5.9933359
6535529866,desconocida,37.412992,-5.9934754
6535529867,desconocida,37.4129494,-5.9932394
6535529868,desconocida,37.4129345,-5.9931455
6535529869,desconocida,37.4129345,-5.9931026
6535529870,desconocida,37.4129516,-5.9939689
6535529871,desconocida,37.4123614,-5.9940038
6535529872,desconocida,37.4122869,-5.9939609
6535529873,desconocida,37.4119609,-5.9942666
6535529874,desconocida,37.4118587,-5.994205
6535529875,desconocida,37.4116605,-5.9934968
6535529876,desconocida,37.4115476,-5.9946529
6535529877,desconocida,37.4115327,-5.9944383
6535529878,desconocida,37.4122741,-5.9938724
6535529879,desconocida,37.4123146,-5.9938241
6535529880,desconocida,37.4124062,-5.9938831
6535529881,desconocida,37.412517,-5.9939126
6535529882,desconocida,37.4126405,-5.993926
6535529883,desconocida,37.4126853,-5.9939501
6535529884,desconocida,37.412762,-5.9938777
6535541212,desconocida,37.4178334,-5.9957889
6535541213,desconocida,37.4178377,-5.995923
6535541214,desconocida,37.4178121,-5.9959847
6535541215,desconocida,37.417778,-5.9961939
6535541216,desconocida,37.41781,-5.9960544
6535541217,desconocida,37.4177972,-5.9961148
6535541218,desconocida,37.4177439,-5.9961067
6535541219,desconocida,37.4178419,-5.9961443
6535541220,desconocida,37.4178227,-5.9962046
6535541221,desconocida,37.4177982,-5.9963025
6535541222,desconocida,37.4177258,-5.9962381
6535541223,desconocida,37.4177503,-5.995982
6535541224,desconocida,37.4177631,-5.9960397
6535541225,desconocida,37.4178781,-5.9960155
6535541226,desconocida,37.4178728,-5.9960651
6535541227,desconocida,37.4179165,-5.9958613
6535541228,desconocida,37.4179101,-5.995923
6535541229,desconocida,37.4177738,-5.9958385
6535541230,desconocida,37.4177993,-5.9957218
6535541231,desconocida,37.4178494,-5.9958559
6535541232,desconocida,37.41786,-5.995695
6535541233,desconocida,37.4179271,-5.9957674
6535541234,desconocida,37.4179538,-5.9956695
6535541235,desconocida,37.4180177,-5.995585
6535541236,desconocida,37.4180315,-5.9956507
6535541237,desconocida,37.4180273,-5.9957084
6535541238,desconocida,37.4181178,-5.9955689
6535541239,desconocida,37.4181636,-5.9957004
6535541240,desconocida,37.4180901,-5.9956977
6535541241,desconocida,37.417664,-5.9963803
6535541242,desconocida,37.417729,-5.9963696
6535541243,desconocida,37.4177535,-5.9964326
6535541244,desconocida,37.4176949,-5.9964339
6535541245,desconocida,37.4177365,-5.9964943
6535541246,desconocida,37.417631,-5.9964621
6535541247,desconocida,37.4176779,-5.9964889
6535541248,desconocida,37.4177194,-5.9965439
6535541249,desconocida,37.4176704,-5.9965627
6535541250,desconocida,37.4176694,-5.996611
6535541251,desconocida,37.417615,-5.996568
6535541252,desconocida,37.4176289,-5.9966539
6535541253,desconocida,37.4176001,-5.996615
6535541254,desconocida,37.417582,-5.9966767
6535541255,desconocida,37.4176065,-5.9967317
6535541256,desconocida,37.4175565,-5.9967343
6535541257,desconocida,37.4175863,-5.9967732
6535541258,desconocida,37.4175863,-5.9967692
6535541259,desconocida,37.4177715,-5.9956411
6535541260,desconocida,37.4178475,-5.9955687
6535541261,desconocida,37.4178085,-5.9954986
6535541262,desconocida,37.4177307,-5.995536
6535541263,desconocida,37.4177232,-5.9954543
6535541264,desconocida,37.417905,-5.995494
6535541265,desconocida,37.4179884,-5.9954986
6535541266,desconocida,37.4176713,-5.9956317
6535541267,desconocida,37.417675,-5.9957181
6535541268,desconocida,37.4176769,-5.9958045
6535541269,desconocida,37.4176324,-5.9958022
6535541270,desconocida,37.4176806,-5.9958606
6535541271,desconocida,37.4176231,-5.9959423
6535541272,desconocida,37.4176824,-5.9959937
6535541273,desconocida,37.4176305,-5.9960123
6535541274,desconocida,37.4176083,-5.9961104
6535541275,desconocida,37.4175916,-5.9961851
6535541276,desconocida,37.4175415,-5.9964723
6535541277,desconocida,37.4175322,-5.9965377
6535541278,desconocida,37.4175322,-5.9966194
6535541279,desconocida,37.4177214,-5.9952932
6535541280,desconocida,37.4177715,-5.9952114
6535541281,desconocida,37.4178327,-5.9951647
6535541282,desconocida,37.4179031,-5.9951554
6535541283,desconocida,37.4179866,-5.9951157
6535541284,desconocida,37.4179884,-5.9950153
6535547685,desconocida,37.412811,-5.993816
6535547686,desconocida,37.4127279,-5.9937061
6535547687,desconocida,37.4126767,-5.9936685
6535547688,desconocida,37.4127108,-5.9937543
6535547689,desconocida,37.4126554,-5.9938375
6535547690,desconocida,37.4125979,-5.9937758
6535547691,desconocida,37.4125447,-5.9938187
6535547692,desconocida,37.4125851,-5.99369
6535547693,desconocida,37.4124978,-5.9936766
6535547694,desconocida,37.4124786,-5.993757
6535547695,desconocida,37.4124317,-5.9937678
6535547696,desconocida,37.4130091,-5.9945885
6535547697,desconocida,37.4130815,-5.9952671
6535547698,desconocida,37.4133436,-5.9942774
6535547699,desconocida,37.4134842,-5.9939394
6535547700,desconocida,37.4135843,-5.9938294
6535547701,desconocida,37.4137824,-5.9936685
6535547702,desconocida,37.4133329,-5.9938992
6535547703,desconocida,37.4132413,-5.9939072
6535547704,desconocida,37.4134948,-5.9942747
6535547705,desconocida,37.4144322,-5.993867
6535547706,desconocida,37.4146964,-5.9942425
6535547707,desconocida,37.4149051,-5.9945805
6535547708,desconocida,37.4149371,-5.9949157
6535547709,desconocida,37.4149754,-5.995141
6535547717,desconocida,37.4187212,-5.9940245
6535547718,desconocida,37.418665,-5.9936609
6535547719,desconocida,37.4184986,-5.9936732
6535547720,desconocida,37.4184105,-5.9936732
6535547721,desconocida,37.4183224,-5.9936917
6535547722,desconocida,37.4183517,-5.9942309
6535547723,desconocida,37.4183421,-5.9965468
6535547724,desconocida,37.418331,-5.9966822
6535547725,desconocida,37.4183217,-5.9967639
6535547726,desconocida,37.4182494,-5.9967733
6535547727,desconocida,37.4182327,-5.9968247
6535547728,desconocida,37.4180992,-5.9964931
6535547729,desconocida,37.4180714,-5.9966122
6535547730,desconocida,37.4180065,-5.9967032
6535547731,desconocida,37.4180732,-5.9962806
6535547732,desconocida,37.4181122,-5.9962246
6535547733,desconocida,37.4181826,-5.9962035
6535547734,desconocida,37.4182216,-5.9962456
6535547735,desconocida,37.4182772,-5.9962619
6535547736,desconocida,37.4183347,-5.9961849
6535547737,desconocida,37.4182809,-5.9960915
6535547738,desconocida,37.4182272,-5.9961358
6535547739,desconocida,37.4183644,-5.995921
6535547740,desconocida,37.41837,-5.9960167
6535547741,desconocida,37.4184553,-5.9960121
6535547742,desconocida,37.4184571,-5.9961008
6535547743,desconocida,37.4185016,-5.9962035
6535547744,desconocida,37.4184961,-5.9962993
6535547745,desconocida,37.418433,-5.9962759
6535547746,desconocida,37.4184256,-5.996346
6535547747,desconocida,37.4183829,-5.9962946
6535547748,desconocida,37.418344,-5.9963693
6535547749,desconocida,37.4183551,-5.9964137
6535547750,desconocida,37.4184256,-5.9963857
6535547751,desconocida,37.4184256,-5.9965445
6535547752,desconocida,37.4184998,-5.9965258
6535547753,desconocida,37.4186574,-5.9964557
6535547754,desconocida,37.4185257,-5.9966309
6535547755,desconocida,37.4184738,-5.9966519
6535547756,desconocida,37.4185369,-5.9964324
6535547757,desconocida,37.4184905,-5.996402
6535547758,desconocida,37.4185739,-5.9963133
6535547759,desconocida,37.4186296,-5.9962432
6535547760,desconocida,37.4186555,-5.9962969
6535547761,desconocida,37.4187371,-5.9962876
6535547762,desconocida,37.4188187,-5.9964464
6535547763,desconocida,37.4188262,-5.9965094
6535547764,desconocida,37.4188929,-5.9963717
6535547765,desconocida,37.4188466,-5.9963413
6535547766,desconocida,37.41893,-5.9963203
6535547767,desconocida,37.4188558,-5.9962502
6535547768,desconocida,37.4187983,-5.9962573
6535547769,desconocida,37.4187983,-5.9961545
6535547770,desconocida,37.4187186,-5.9961288
6535547771,desconocida,37.4187112,-5.9962106
6535547772,desconocida,37.4186815,-5.9960821
6535547773,desconocida,37.4187668,-5.9960378
6535547774,desconocida,37.4185832,-5.9960681
6535547775,desconocida,37.4185591,-5.9959817
6535547776,desconocida,37.4185424,-5.995872
6535547777,desconocida,37.4184719,-5.9958766
6535547778,desconocida,37.4185016,-5.9957412
6535547779,desconocida,37.4184033,-5.9957506
6535547780,desconocida,37.4183199,-5.9958393
6535547781,desconocida,37.4182698,-5.9958323
6535547782,desconocida,37.4182012,-5.9960541
6535547783,desconocida,37.4181548,-5.9960938
6535547784,desconocida,37.4181493,-5.9960027
6535547785,desconocida,37.4180769,-5.9960074
6535547786,desconocida,37.4180491,-5.9958766
6535547787,desconocida,37.4187538,-5.995907
6535547788,desconocida,37.4187501,-5.9957903
6535547789,desconocida,37.4190042,-5.9964721
6535547790,desconocida,37.41893,-5.9964674
6535547791,desconocida,37.4189949,-5.9966589
6535547792,desconocida,37.4189096,-5.9967032
6535547793,desconocida,37.4190392,-5.996718
6535547794,desconocida,37.4191738,-5.9967243
6535547799,desconocida,37.4190932,-5.9969274
6535547800,desconocida,37.4189671,-5.9970021
6535547801,desconocida,37.4189207,-5.9970161
6535547802,desconocida,37.418867,-5.9970091
6535547803,desconocida,37.4188002,-5.9969858
6535547804,desconocida,37.4187001,-5.9969788
6535547805,desconocida,37.4187093,-5.9970465
6535547806,desconocida,37.4186351,-5.9970722
6535547807,desconocida,37.4185758,-5.9970068
6535547808,desconocida,37.4185072,-5.9969111
6535547809,desconocida,37.4192805,-5.9961498
6535547810,desconocida,37.4191117,-5.9963997
6535547811,desconocida,37.4191989,-5.9964114
6535547812,desconocida,37.4193343,-5.9963553
6535547813,desconocida,37.4194437,-5.9963273
6535547814,desconocida,37.4194659,-5.9955684
6535547815,desconocida,37.4190765,-5.9957272
6535547816,desconocida,37.4190227,-5.996311
6535547817,desconocida,37.4190617,-5.9955964
6535547818,desconocida,37.4192949,-5.9966571
6535547819,desconocida,37.4194289,-5.9965118
6535547820,desconocida,37.4191633,-5.9966216
6535547821,desconocida,37.4202626,-5.9951013
6535547822,desconocida,37.4197587,-5.9959902
6535547823,desconocida,37.4197701,-5.996409
6535547824,desconocida,37.4203413,-5.9964464
6535547825,desconocida,37.4204173,-5.996395
6535547826,desconocida,37.4205823,-5.996346
6535547827,desconocida,37.4203524,-5.9960845
6535547828,desconocida,37.4202333,-5.9960532
6535547829,desconocida,37.4205079,-5.9955427
6535547830,desconocida,37.4202207,-5.9964814
6535547831,desconocida,37.42023,-5.9963413
6535547832,desconocida,37.4196254,-5.9964544
6535547833,desconocida,37.4183648,-5.9970335
6535547834,desconocida,37.4181656,-5.9971125
6535547835,desconocida,37.4181089,-5.9971152
6535547836,desconocida,37.4181701,-5.9972483
6535547837,desconocida,37.418439,-5.9971852
6535547838,desconocida,37.4179494,-5.9971245
6535547839,desconocida,37.4179131,-5.9971932
6535547840,desconocida,37.4178622,-5.9968887
6535571887,desconocida,37.4156595,-5.9982569
6535571888,desconocida,37.4157192,-5.998214
6535571889,desconocida,37.4160111,-5.9979752
6535571890,desconocida,37.4160835,-5.9979592
6535571891,desconocida,37.4161431,-5.9979377
6535571892,desconocida,37.416207,-5.9979162
6535571893,desconocida,37.4162603,-5.9978867
6535571894,desconocida,37.4163732,-5.9978304
6535571896,desconocida,37.4168121,-5.9974147
6535571897,desconocida,37.4168248,-5.9972993
6535571898,desconocida,37.4168589,-5.9971196
6535571899,desconocida,37.4168909,-5.9969426
6535571900,desconocida,37.4169015,-5.9966663
6535571901,desconocida,37.4169207,-5.9970258
6535571902,desconocida,37.4169319,-5.9969002
6535571903,desconocida,37.4169516,-5.9967852
6535571904,desconocida,37.4169488,-5.9966347
6535571905,desconocida,37.4169094,-5.9965126
6535571906,desconocida,37.4169783,-5.996456
6535571907,desconocida,37.4169277,-5.9964242
6535571908,desconocida,37.4169516,-5.996187
6535571909,desconocida,37.4169179,-5.9963251
6535571910,desconocida,37.4169235,-5.9962472
6535571911,desconocida,37.4169882,-5.9963074
6535571912,desconocida,37.4167647,-5.9956066
6535571913,desconocida,37.4167324,-5.9954721
6535571914,desconocida,37.4167085,-5.9954155
6535571915,desconocida,37.4167028,-5.9953146
6535571916,desconocida,37.4166846,-5.9952385
6535571917,desconocida,37.4166705,-5.9951571
6535571918,desconocida,37.4166255,-5.9950421
6535571919,desconocida,37.4166326,-5.9951235
6535571920,desconocida,37.4166326,-5.9951819
6535571921,desconocida,37.4166607,-5.9952881
6535571922,desconocida,37.416589,-5.9949837
6535571923,desconocida,37.416589,-5.9950722
6535571924,desconocida,37.4165651,-5.9950138
6535571925,desconocida,37.4165454,-5.9949377
6535571926,desconocida,37.4164597,-5.994828
6535571927,desconocida,37.4164316,-5.9947837
6535571928,desconocida,37.4163964,-5.9947483
6535571929,desconocida,37.4163487,-5.9947112
6535571930,desconocida,37.4163149,-5.994674
6535571931,desconocida,37.4163065,-5.9946457
6535571932,desconocida,37.4163655,-5.994674
6535571933,desconocida,37.4163993,-5.9947076
6535571934,desconocida,37.4164569,-5.9947342
6535571935,desconocida,37.4165075,-5.9947696
6535571936,desconocida,37.416537,-5.9948315
6535571937,desconocida,37.4165229,-5.9948917
6535571938,desconocida,37.4165117,-5.9948138
6535571939,desconocida,37.4164906,-5.9948563
6535572585,desconocida,37.417764,-5.9948869
6535572586,desconocida,37.4180904,-5.9949079
6535572587,desconocida,37.4180904,-5.9950457
6535572588,desconocida,37.4179476,-5.9946207
6535572589,desconocida,37.4179532,-5.9945506
6535572590,desconocida,37.4179476,-5.9945086
6535572591,desconocida,37.4179977,-5.9945763
6535572592,desconocida,37.4180515,-5.9946697
6535572593,desconocida,37.418122,-5.9948402
6535572594,desconocida,37.4182369,-5.9947421
6535572595,desconocida,37.4181442,-5.9946534
6535572596,desconocida,37.4181368,-5.9947351
6535572597,desconocida,37.4181794,-5.9949009
6535572598,desconocida,37.4182425,-5.995013
6535572599,desconocida,37.4183426,-5.9950106
6535572600,desconocida,37.4182814,-5.995118
6535572601,desconocida,37.4181961,-5.9953726
6535572602,desconocida,37.4183167,-5.9953002
6535572603,desconocida,37.4184947,-5.9947678
6535572604,desconocida,37.4184799,-5.9948775
6535572605,desconocida,37.4185559,-5.9950643
6535572606,desconocida,37.4185541,-5.9945553
6535572607,desconocida,37.4185652,-5.9946487
6535572608,desconocida,37.4182981,-5.9944969
6535572609,desconocida,37.4183408,-5.9944245
6535572610,desconocida,37.4183519,-5.9943382
6535572611,desconocida,37.4186468,-5.9941607
6535572612,desconocida,37.4186727,-5.9940813
6535572613,desconocida,37.4186319,-5.9942284
6535572614,desconocida,37.4186171,-5.9942844
6535572615,desconocida,37.4186561,-5.9945903
6535572616,desconocida,37.4186449,-5.9945366
6535572617,desconocida,37.4192206,-5.9945344
6535572712,desconocida,37.4176414,-5.9947961
6535572713,desconocida,37.4176674,-5.9949011
6535572714,desconocida,37.4176395,-5.9949852
6535572715,desconocida,37.4176229,-5.9950856
6535572716,desconocida,37.4176266,-5.9951743
6535572717,desconocida,37.4176229,-5.9952817
6535572718,desconocida,37.4175561,-5.9952117
6535572719,desconocida,37.4175579,-5.9950996
6535572720,desconocida,37.4175561,-5.9949852
6535572721,desconocida,37.4175042,-5.9949595
6535572722,desconocida,37.4175042,-5.9950389
6535572723,desconocida,37.4175042,-5.9951533
6535572724,desconocida,37.4174411,-5.9950739
6535572725,desconocida,37.4173521,-5.9950459
6535572726,desconocida,37.4174337,-5.995137
6535572727,desconocida,37.4175895,-5.994663
6535572728,desconocida,37.4175171,-5.9944902
6535572729,desconocida,37.4174949,-5.9943968
6535572730,desconocida,37.4175283,-5.9943104
6535572731,desconocida,37.4174485,-5.9943594
6535572732,desconocida,37.4173632,-5.9944808
6535572733,desconocida,37.4173651,-5.9945812
6535572734,desconocida,37.4173855,-5.994663
6535572735,desconocida,37.4173577,-5.9943454
6535572736,desconocida,37.4172816,-5.9942964
6535572737,desconocida,37.417328,-5.9944201
6535572738,desconocida,37.4172519,-5.9943384
6535572739,desconocida,37.4171648,-5.9942917
6535572740,desconocida,37.4172612,-5.9942567
6535572741,desconocida,37.4172668,-5.9941329
6535572742,desconocida,37.4172445,-5.9940442
6535572743,desconocida,37.4171629,-5.9940582
6535572744,desconocida,37.4172,-5.9941352
6535572745,desconocida,37.4171221,-5.9941026
6535572746,desconocida,37.4170554,-5.9941166
6535572747,desconocida,37.4170331,-5.9940419
6535572748,desconocida,37.417022,-5.9943267
6535572749,desconocida,37.4170387,-5.9944598
6535572750,desconocida,37.4169719,-5.9943571
6535572751,desconocida,37.4168996,-5.9943454
6535572752,desconocida,37.4168996,-5.9944575
6535572753,desconocida,37.4168198,-5.9943991
6535572754,desconocida,37.4172056,-5.9948568
6535572755,desconocida,37.4171295,-5.9948521
6535572756,desconocida,37.4170628,-5.9947961
6535572757,desconocida,37.4169979,-5.994747
6535572758,desconocida,37.4169997,-5.9947984
6535572759,desconocida,37.4169459,-5.9946163
6535572760,desconocida,37.4169404,-5.994691
6535572761,desconocida,37.4168495,-5.9945906
6535572762,desconocida,37.4168625,-5.994656
6535572763,desconocida,37.4167883,-5.9945812
6535572764,desconocida,37.4166789,-5.9944435
6535572765,desconocida,37.4166066,-5.9944271
6535572766,desconocida,37.4167067,-5.9945439
6535572767,desconocida,37.416525,-5.9943057
6535572768,desconocida,37.4165398,-5.9943734
6535572769,desconocida,37.4164823,-5.9942286
6535572770,desconocida,37.4164675,-5.9943104
6535572771,desconocida,37.4164137,-5.9942286
6535572772,desconocida,37.4164508,-5.9941493
6535572773,desconocida,37.4165583,-5.9941423
6535572774,desconocida,37.4165639,-5.9940769
6535572775,desconocida,37.4166696,-5.9940769
6535572776,desconocida,37.4168069,-5.9940722
6535572777,desconocida,37.4167382,-5.9941306
6535572778,desconocida,37.4168439,-5.994196
6535572779,desconocida,37.4169218,-5.9941796
6535572780,desconocida,37.4169701,-5.9940909
6535572781,desconocida,37.4168847,-5.9941212
6535572782,desconocida,37.4167772,-5.9942053
6535572783,desconocida,37.4169682,-5.9944108
6535572784,desconocida,37.4177415,-5.9941539
6535579455,desconocida,37.4178183,-5.9967118
6535579456,desconocida,37.4178591,-5.9964959
6535579457,desconocida,37.4178323,-5.9966322
6535579458,desconocida,37.4177966,-5.9968726
6535579459,desconocida,37.4178309,-5.9969596
6535579460,desconocida,37.4179157,-5.9973038
6535579461,desconocida,37.4180066,-5.9974161
6535579462,desconocida,37.4180769,-5.997432
6535579463,desconocida,37.4182484,-5.9973312
6535579464,desconocida,37.4181626,-5.9973099
6535579465,desconocida,37.4181486,-5.9974037
6535579466,desconocida,37.4180516,-5.9972746
6535579467,desconocida,37.4184493,-5.9973117
6535579468,desconocida,37.4183945,-5.997271
6535579469,desconocida,37.4185238,-5.9971171
6535579470,desconocida,37.4186503,-5.9972144
6535579471,desconocida,37.4186419,-5.9971348
6535579472,desconocida,37.4187585,-5.9971666
6535579473,desconocida,37.4187796,-5.9972409
6535579474,desconocida,37.4187614,-5.9973542
6535579475,desconocida,37.4187403,-5.997402
6535579476,desconocida,37.4186559,-5.9973807
6535579477,desconocida,37.4187122,-5.9972533
6535579478,desconocida,37.4185997,-5.9973099
6535579479,desconocida,37.4185871,-5.9973736
6535579480,desconocida,37.4189328,-5.9959084
6535579481,desconocida,37.4191774,-5.9956412
6535579482,desconocida,37.4192504,-5.9955793
6535579483,desconocida,37.4191394,-5.9957244
6535579484,desconocida,37.4193193,-5.9961013
6535581186,desconocida,37.4172021,-5.9970929
6535581187,desconocida,37.4171909,-5.9969973
6535581188,desconocida,37.4172162,-5.9969053
6535581189,desconocida,37.4172639,-5.9968239
6535581190,desconocida,37.4173173,-5.996923
6535581191,desconocida,37.4173595,-5.9970221
6535581192,desconocida,37.4172724,-5.9970008
6535581193,desconocida,37.4172752,-5.9971212
6535581194,desconocida,37.4171852,-5.9972061
6535581195,desconocida,37.4175394,-5.9971106
6535581196,desconocida,37.4175619,-5.9972557
6535581197,desconocida,37.4172021,-5.9975884
6535581198,desconocida,37.4172471,-5.997645
6535581199,desconocida,37.4173426,-5.9975954
6535581200,desconocida,37.4174326,-5.9975459
6535581201,desconocida,37.4175422,-5.9975636
6535581202,desconocida,37.4176687,-5.9975848
6535581203,desconocida,37.4172358,-5.9977512
6535581204,desconocida,37.4173117,-5.9978255
6535581205,desconocida,37.4172246,-5.9978715
6535581206,desconocida,37.4174326,-5.997645
6535581207,desconocida,37.417427,-5.9977405
6535581208,desconocida,37.4173792,-5.9976662
6535581209,desconocida,37.4174157,-5.9977972
6535581210,desconocida,37.4175225,-5.9977724
6535581211,desconocida,37.4175647,-5.997691
6535581212,desconocida,37.41768,-5.9976414
6535581213,desconocida,37.4177024,-5.9977512
6535581214,desconocida,37.4178008,-5.9976981
6535581215,desconocida,37.4179329,-5.9977193
6535581216,desconocida,37.4177868,-5.9975282
6535581217,desconocida,37.4177474,-5.9976237
6535581218,desconocida,37.4175254,-5.997645
6535581219,desconocida,37.4171796,-5.9965549
6535581220,desconocida,37.4171852,-5.9964487
6535581221,desconocida,37.4172668,-5.9964452
6535581222,desconocida,37.4172077,-5.9963461
6535581223,desconocida,37.4172415,-5.9962435
6535581224,desconocida,37.417278,-5.9961444
6535581225,desconocida,37.4172499,-5.9959214
6535581226,desconocida,37.4172105,-5.9958754
6535581227,desconocida,37.417174,-5.9957657
6535581228,desconocida,37.4171262,-5.995656
6535581229,desconocida,37.4171122,-5.9955462
6535581230,desconocida,37.4171009,-5.9953905
6535581231,desconocida,37.4171037,-5.9953162
6535581232,desconocida,37.4174675,-5.9966129
6535581233,desconocida,37.4174675,-5.9965458
6535581234,desconocida,37.4174803,-5.9964573
6535581235,desconocida,37.4175016,-5.996342
6535581236,desconocida,37.4175101,-5.996232
6535581237,desconocida,37.4175207,-5.9961274
6535581238,desconocida,37.4175335,-5.996047
6535581239,desconocida,37.4175484,-5.995945
6535581240,desconocida,37.4174781,-5.9962803
6535581241,desconocida,37.417444,-5.9963635
6535581242,desconocida,37.4174398,-5.9964225
6535581243,desconocida,37.4174142,-5.9965029
6535581244,desconocida,37.417378,-5.9964037
6535581245,desconocida,37.4173823,-5.9963098
6535581246,desconocida,37.4174078,-5.9965834
6535581247,desconocida,37.4174291,-5.9962374
6535581248,desconocida,37.4173887,-5.9962079
6535581249,desconocida,37.4174547,-5.9961355
6535581250,desconocida,37.4174504,-5.9960738
6535581251,desconocida,37.4174866,-5.9961864
6535581252,desconocida,37.41728,-5.9960255
6535581253,desconocida,37.4173929,-5.9960121
6535581254,desconocida,37.4174078,-5.9959182
6535581255,desconocida,37.417476,-5.9959799
6535581256,desconocida,37.4174994,-5.9958619
6535581257,desconocida,37.4174291,-5.9958485
6535581258,desconocida,37.4174866,-5.9959102
6535581259,desconocida,37.4175527,-5.9958646
6535581260,desconocida,37.4175037,-5.9957331
6535581261,desconocida,37.4175633,-5.9957117
6535581262,desconocida,37.4175719,-5.9957868
6535581263,desconocida,37.4174909,-5.9957841
6535581264,desconocida,37.417361,-5.9957224
6535581265,desconocida,37.4173652,-5.9956393
6535581266,desconocida,37.4174419,-5.9956366
6535581267,desconocida,37.4175335,-5.9956098
6535581268,desconocida,37.4176081,-5.9955695
6535581269,desconocida,37.4175996,-5.9956285
6535581270,desconocida,37.41728,-5.9955829
6535581271,desconocida,37.4172758,-5.9954917
6535581272,desconocida,37.4172566,-5.9954274
6535581273,desconocida,37.417329,-5.9954488
6535581274,desconocida,37.4174078,-5.9955159
6535581275,desconocida,37.4175165,-5.9954488
6535581276,desconocida,37.417574,-5.9953952
6535581277,desconocida,37.417525,-5.9953442
6535581278,desconocida,37.4174717,-5.9953925
6535581279,desconocida,37.4173865,-5.9953737
6535581280,desconocida,37.4174611,-5.995304
6535581281,desconocida,37.4173077,-5.9953067
6535581282,desconocida,37.4174014,-5.9952879
6535581283,desconocida,37.4174142,-5.9952101
6535581284,desconocida,37.4172417,-5.9952906
6535581885,desconocida,37.4172097,-5.9952208
6535581886,desconocida,37.4172864,-5.9952182
6535581887,desconocida,37.4173503,-5.995245
6535581888,desconocida,37.4173397,-5.9951618
6535581889,desconocida,37.4172779,-5.9951082
6535581890,desconocida,37.4172502,-5.9951538
6535581891,desconocida,37.417182,-5.9951699
6535581892,desconocida,37.4171948,-5.9950948
6535581893,desconocida,37.4171309,-5.9951162
6535581894,desconocida,37.4171437,-5.9950277
6535581895,desconocida,37.4170734,-5.9950706
6535581896,desconocida,37.4170329,-5.9950089
6535581897,desconocida,37.417067,-5.9949553
6535581898,desconocida,37.4170904,-5.9950009
6535581899,desconocida,37.416986,-5.9949607
6535581900,desconocida,37.4169988,-5.9948909
6535581901,desconocida,37.4169456,-5.9948561
6535581902,desconocida,37.4168731,-5.9948453
6535581903,desconocida,37.4168625,-5.994789
6535581904,desconocida,37.4169583,-5.9949204
6535581905,desconocida,37.4168199,-5.9947514
6535581906,desconocida,37.4167623,-5.9947407
6535581907,desconocida,37.4166516,-5.9946603
6535581908,desconocida,37.4167496,-5.9947005
6535581909,desconocida,37.4166004,-5.9945932
6535581910,desconocida,37.4165685,-5.994553
6535581911,desconocida,37.4164023,-5.9949955
6535581912,desconocida,37.4163512,-5.9950465
6535581913,desconocida,37.4163235,-5.9949526
6535581914,desconocida,37.4162873,-5.994907
6535581915,desconocida,37.4163768,-5.9949419
6535581916,desconocida,37.4163001,-5.9949902
6535581917,desconocida,37.4162383,-5.9948775
6535581918,desconocida,37.4162127,-5.9948158
6535581919,desconocida,37.4161786,-5.9947568
6535581920,desconocida,37.4161467,-5.9946978
6535581921,desconocida,37.4161233,-5.9946388
6535581922,desconocida,37.4161893,-5.9945691
6535581923,desconocida,37.4161254,-5.9945315
6535581924,desconocida,37.4161105,-5.9945771
6535581925,desconocida,37.4161382,-5.9944618
6535581926,desconocida,37.4161254,-5.9943867
6535581927,desconocida,37.4162255,-5.9943706
6535581928,desconocida,37.416217,-5.9944591
6535581929,desconocida,37.4161808,-5.9943116
6535581930,desconocida,37.4162468,-5.9942606
6535581931,desconocida,37.4163448,-5.9942901
6535581932,desconocida,37.4163001,-5.9943384
6535581933,desconocida,37.4163938,-5.9944028
6535581934,desconocida,37.4163874,-5.9943518
6535581935,desconocida,37.4164471,-5.9944859
6535581936,desconocida,37.4164641,-5.9944269
6535581937,desconocida,37.4165238,-5.9945369
6535581938,desconocida,37.4165195,-5.9944779
6535581939,desconocida,37.4167176,-5.994679
6535586385,desconocida,37.4188595,-5.9958018
6535586386,desconocida,37.418643,-5.9955947
6535586387,desconocida,37.4186557,-5.9953629
6535586388,desconocida,37.4187653,-5.9954054
6535586389,desconocida,37.4188257,-5.9955346
6535586390,desconocida,37.4188946,-5.9955947
6535586391,desconocida,37.4189297,-5.9956797
6535586392,desconocida,37.4188637,-5.9954071
6535586393,desconocida,37.4189016,-5.9954832
6535586394,desconocida,37.418993,-5.9955576
6535586395,desconocida,37.4189072,-5.9952868
6535586396,desconocida,37.4189438,-5.9954302
6535586397,desconocida,37.4189607,-5.9954974
6535586398,desconocida,37.4189705,-5.9953346
6535586399,desconocida,37.4187555,-5.9952868
6535586400,desconocida,37.4188285,-5.9953257
6535586401,desconocida,37.4190112,-5.9952691
6535586402,desconocida,37.4190506,-5.9953523
6535612585,desconocida,37.4194697,-5.9962039
6535612586,desconocida,37.4195653,-5.9961862
6535612587,desconocida,37.419613,-5.9961562
6535612588,desconocida,37.4195498,-5.9961119
6535612589,desconocida,37.4195948,-5.9960801
6535612590,desconocida,37.4196355,-5.9959951
6535612591,desconocida,37.4196608,-5.9960748
6535612592,desconocida,37.4192842,-5.9960942
6535612593,desconocida,37.4193306,-5.9959474
6535612594,desconocida,37.4193952,-5.9960217
6535612595,desconocida,37.4193629,-5.9960553
6535612596,desconocida,37.4196229,-5.9957686
6535612597,desconocida,37.4196721,-5.9958306
6535612598,desconocida,37.4196243,-5.9959173
6535612599,desconocida,37.4196102,-5.9958146
6535612600,desconocida,37.4198337,-5.9958306
6535612601,desconocida,37.4197466,-5.9957792
6535612602,desconocida,37.4196341,-5.9956925
6535612603,desconocida,37.4196875,-5.9957368
6535612604,desconocida,37.4198084,-5.9959474
6535612605,desconocida,37.4198815,-5.9959013
6535612606,desconocida,37.4199012,-5.996004
6535612607,desconocida,37.4200178,-5.9961314
6535612608,desconocida,37.4200009,-5.9960217
6535612609,desconocida,37.4199686,-5.995919
6535612610,desconocida,37.4199405,-5.9958146
6535612611,desconocida,37.4198365,-5.9957226
6535612612,desconocida,37.4197592,-5.9956855
6535612613,desconocida,37.4197128,-5.9955881
6535612614,desconocida,37.4196805,-5.9955173
6535612615,desconocida,37.4196524,-5.9955846
6535612616,desconocida,37.4195934,-5.9955775
6535612617,desconocida,37.4196088,-5.995489
6535612618,desconocida,37.4195554,-5.9955244
6535612619,desconocida,37.4195554,-5.9954359
6535612620,desconocida,37.419509,-5.9953864
6535612621,desconocida,37.4194922,-5.9955634
6535612622,desconocida,37.4195062,-5.9954802
6535612623,desconocida,37.4194303,-5.9954961
6535612624,desconocida,37.4194444,-5.9954501
6535612625,desconocida,37.4194472,-5.9953669
6535612626,desconocida,37.4193882,-5.9953404
6535612627,desconocida,37.419384,-5.9954112
6535612628,desconocida,37.4193165,-5.9953245
6535612629,desconocida,37.4193249,-5.9954005
6535612630,desconocida,37.4192547,-5.995282
6535612631,desconocida,37.4192786,-5.9953598
6535612632,desconocida,37.4192237,-5.9953262
6535612633,desconocida,37.4191717,-5.9952678
6535612634,desconocida,37.4192561,-5.9954271
6535612635,desconocida,37.4191886,-5.9953899
6535612636,desconocida,37.419131,-5.995328
6535612637,desconocida,37.4190973,-5.995259
6535612638,desconocida,37.4191535,-5.9954589
6535612639,desconocida,37.4190677,-5.9954696
6535612640,desconocida,37.4190888,-5.9954005
6535612641,desconocida,37.4188878,-5.9953422
6535612642,desconocida,37.4186658,-5.9954483
6535612643,desconocida,37.4187993,-5.9956147
6535612644,desconocida,37.4188611,-5.9956341
6535612645,desconocida,37.4188218,-5.9957509
6535612646,desconocida,37.4185801,-5.9954731
6535612647,desconocida,37.4185618,-5.995581
6535612648,desconocida,37.4184971,-5.9955368
6535612649,desconocida,37.4184002,-5.9956607
6536080466,desconocida,37.412242,-5.9651592
6536080467,desconocida,37.4122606,-5.9649818
6536080468,desconocida,37.4123867,-5.9649584
6536080469,desconocida,37.4124905,-5.9649631
6536080470,desconocida,37.4125647,-5.9648603
6536080471,desconocida,37.4125833,-5.9647623
6536080472,desconocida,37.4125573,-5.9646829
6536080473,desconocida,37.412535,-5.9645428
6536080474,desconocida,37.4124386,-5.9645381
6536080475,desconocida,37.4123199,-5.9645241
6536080476,desconocida,37.4119267,-5.9654628
6536080477,desconocida,37.4119341,-5.9656029
6536080478,desconocida,37.4119824,-5.9657616
6536080479,desconocida,37.4119267,-5.9659111
6536080480,desconocida,37.4118414,-5.9658877
6536080481,desconocida,37.4118043,-5.9656636
6536080482,desconocida,37.4117375,-5.9655935
6536080483,desconocida,37.4117004,-5.9657523
6536080484,desconocida,37.4117783,-5.9660045
6536101381,desconocida,37.40957,-5.9673649
6536104272,desconocida,37.415183,-5.9641253
6536104273,desconocida,37.4152411,-5.9640805
6536104274,desconocida,37.4152863,-5.9640358
6536104275,desconocida,37.4153784,-5.9639728
6536104276,desconocida,37.4154559,-5.9638976
6536104277,desconocida,37.4155334,-5.963863
6536104278,desconocida,37.4155834,-5.9638203
6536104279,desconocida,37.4156351,-5.9637756
6536104280,desconocida,37.4156932,-5.9637329
6536104281,desconocida,37.4157223,-5.9638508
6536104282,desconocida,37.4156884,-5.9638915
6536104283,desconocida,37.4156318,-5.9639281
6536104284,desconocida,37.4155899,-5.9639626
6536114485,desconocida,37.4117227,-5.9659158
6536114486,desconocida,37.4117375,-5.9653554
6536114487,desconocida,37.4117783,-5.9651639
6536114488,desconocida,37.4118674,-5.9649117
6536114489,desconocida,37.4119453,-5.964809
6536114490,desconocida,37.4120232,-5.9647249
6536114491,desconocida,37.4122531,-5.965332
6536114492,desconocida,37.4129319,-5.9642579
6536114493,desconocida,37.4129134,-5.9641645
6536114494,desconocida,37.413021,-5.9640337
6536114495,desconocida,37.4131137,-5.9638936
6536114496,desconocida,37.4130432,-5.9638049
6536114497,desconocida,37.4130543,-5.9636695
6536114498,desconocida,37.4131916,-5.9637162
6536114499,desconocida,37.4131508,-5.9635434
6536114500,desconocida,37.4127724,-5.9637862
6536114501,desconocida,37.4126871,-5.9640197
6536114502,desconocida,37.4125647,-5.9640898
6536114503,desconocida,37.4124238,-5.9640244
6536114504,desconocida,37.4122717,-5.9641738
6536114505,desconocida,37.4121678,-5.964328
6536114506,desconocida,37.4120973,-5.964426
6536114507,desconocida,37.4120083,-5.9645148
6536114508,desconocida,37.411923,-5.9645988
6536114509,desconocida,37.4115262,-5.9662916
6536114510,desconocida,37.4114751,-5.9661789
6536114511,desconocida,37.4115368,-5.9661575
6536114512,desconocida,37.4115496,-5.9660341
6536114513,desconocida,37.4115603,-5.9658839
6536114514,desconocida,37.4115219,-5.96579
6536114515,desconocida,37.4115837,-5.9656452
6536114518,desconocida,37.4114026,-5.9655567
6536114519,desconocida,37.4114111,-5.965782
6536114520,desconocida,37.4113898,-5.9657015
6536114521,desconocida,37.4113536,-5.9657605
6536114522,desconocida,37.411328,-5.9660555
6536114524,desconocida,37.4112684,-5.9658705
6536114525,desconocida,37.4112556,-5.9658249
6536114526,desconocida,37.4111853,-5.9657873
6536114527,desconocida,37.4111512,-5.9657203
6536114528,desconocida,37.4110596,-5.9656023
6536114529,desconocida,37.411066,-5.9655057
6536114530,desconocida,37.4111086,-5.9654306
6536114531,desconocida,37.4111576,-5.9655137
6536114532,desconocida,37.4112364,-5.9661602
6536114533,desconocida,37.4111555,-5.9661977
6536114534,desconocida,37.4111001,-5.9661306
6536114535,desconocida,37.4111384,-5.9660073
6536114536,desconocida,37.411098,-5.9659134
6536114537,desconocida,37.4110767,-5.9658383
6536114538,desconocida,37.4110106,-5.9658839
6536114539,desconocida,37.4109531,-5.9658544
6536114540,desconocida,37.4108572,-5.965739
6536114541,desconocida,37.4108487,-5.9656318
6536114542,desconocida,37.4117286,-5.9664793
6536114543,desconocida,37.4117776,-5.9663908
6536114544,desconocida,37.4118287,-5.9663157
6536114545,desconocida,37.4118948,-5.966246
6536114546,desconocida,37.4119288,-5.9661762
6536114547,desconocida,37.4120204,-5.9660716
6536114548,desconocida,37.4120524,-5.965967
6536114549,desconocida,37.4121014,-5.9658973
6536114550,desconocida,37.4121866,-5.9657685
6536114551,desconocida,37.4122292,-5.9656854
6536114552,desconocida,37.4122931,-5.9655888
6536114553,desconocida,37.4123443,-5.9654923
6536114554,desconocida,37.4124018,-5.9654065
6536114555,desconocida,37.4124487,-5.9653287
6536114556,desconocida,37.4124977,-5.9652536
6536114557,desconocida,37.4125381,-5.9651838
6536114558,desconocida,37.4126063,-5.9650819
6536114559,desconocida,37.412666,-5.9649907
6536114560,desconocida,37.4127235,-5.9649237
6536114561,desconocida,37.4127576,-5.9648512
6536114562,desconocida,37.4128002,-5.9647681
6536114563,desconocida,37.4129088,-5.9646072
6536114564,desconocida,37.4130281,-5.9644087
6536114565,desconocida,37.4130068,-5.9644918
6536114566,desconocida,37.4130814,-5.9643336
6536114567,desconocida,37.413107,-5.9642826
6536114568,desconocida,37.4131432,-5.9642048
6536114569,desconocida,37.4132199,-5.9641029
6536114570,desconocida,37.4132689,-5.9640493
6536114571,desconocida,37.4133051,-5.9639822
6536114572,desconocida,37.4133328,-5.9639125
6536114573,desconocida,37.4134223,-5.9637918
6536114574,desconocida,37.4134819,-5.9636711
6536114575,desconocida,37.4135352,-5.9635933
6536114576,desconocida,37.4134159,-5.9634726
6536114577,desconocida,37.4134734,-5.9633519
6536114578,desconocida,37.4133179,-5.9634297
6536114579,desconocida,37.413222,-5.9633841
6536114580,desconocida,37.4131581,-5.9633733
6536114581,desconocida,37.4130835,-5.9633519
6536114582,desconocida,37.4127853,-5.965672
6536114583,desconocida,37.4128236,-5.9655647
6536114584,desconocida,37.4127554,-5.9655835
6536114585,desconocida,37.4127704,-5.9654628
6536114586,desconocida,37.4126638,-5.9655003
6536114587,desconocida,37.4126511,-5.9656157
6536114588,desconocida,37.4125744,-5.9656076
6536114589,desconocida,37.4126681,-5.965782
6536114590,desconocida,37.4125658,-5.9658329
6536114591,desconocida,37.4124806,-5.9657095
6536114592,desconocida,37.4124636,-5.9658383
6536114593,desconocida,37.4124465,-5.9659161
6536114594,desconocida,37.4123613,-5.9659804
6536114595,desconocida,37.4123549,-5.9658463
6536114596,desconocida,37.412421,-5.9657283
6536114597,desconocida,37.4123017,-5.9660421
6536114598,desconocida,37.4122314,-5.9660341
6536114599,desconocida,37.4121653,-5.9661333
6536114600,desconocida,37.4121078,-5.9662299
6536114601,desconocida,37.4120439,-5.966313
6536114602,desconocida,37.4119736,-5.9663962
6536114603,desconocida,37.4119097,-5.9664847
6536114604,desconocida,37.4119224,-5.9668012
6536114605,desconocida,37.4120141,-5.9666778
6536114606,desconocida,37.4120609,-5.9665947
6536114607,desconocida,37.4121057,-5.9665303
6536114608,desconocida,37.4121653,-5.9664713
6536114609,desconocida,37.4122101,-5.9663989
6536114610,desconocida,37.4122697,-5.9663506
6536114611,desconocida,37.4123315,-5.9662862
6536114612,desconocida,37.4124401,-5.9661897
6536114613,desconocida,37.4125147,-5.9661467
6536114614,desconocida,37.4124039,-5.9662245
6536114615,desconocida,37.4125935,-5.9660663
6536114616,desconocida,37.4126766,-5.9660073
6536114617,desconocida,37.4127384,-5.9659617
6536114618,desconocida,37.4128811,-5.9658571
6536114619,desconocida,37.4129344,-5.9658222
6536114620,desconocida,37.4129877,-5.9657685
6536114621,desconocida,37.4130963,-5.9656693
6536114622,desconocida,37.4130303,-5.9653635
6536114623,desconocida,37.4129941,-5.9652965
6536114624,desconocida,37.4131027,-5.9652723
6536114625,desconocida,37.4130707,-5.9651811
6536114626,desconocida,37.4132966,-5.9653126
6536114627,desconocida,37.4132369,-5.9653555
6536114628,desconocida,37.4131602,-5.9654145
6536114629,desconocida,37.4131027,-5.9654574
6536114630,desconocida,37.4130175,-5.9655245
6536114631,desconocida,37.4129472,-5.9655915
6536114632,desconocida,37.4129003,-5.9656371
6536114633,desconocida,37.4136609,-5.9649719
6536114634,desconocida,37.4136097,-5.9648834
6536114635,desconocida,37.4135735,-5.9647976
6536114636,desconocida,37.4132795,-5.9646876
6536114637,desconocida,37.4132071,-5.9646206
6536114638,desconocida,37.4132007,-5.9647547
6536114639,desconocida,37.4131581,-5.9646688
6536114640,desconocida,37.4131134,-5.9647815
6536114641,desconocida,37.41296,-5.9648888
6536114642,desconocida,37.413009,-5.9648083
6536114643,desconocida,37.4130665,-5.9647332
6536114644,desconocida,37.4131474,-5.9645696
6536114645,desconocida,37.4132263,-5.9644704
6536114646,desconocida,37.4132795,-5.9643765
6536114647,desconocida,37.4133434,-5.9642826
6536114648,desconocida,37.4134074,-5.9642048
6536114649,desconocida,37.4134457,-5.9641163
6536114650,desconocida,37.4136119,-5.9643041
6536114651,desconocida,37.4139208,-5.964406
6536114652,desconocida,37.4138654,-5.9644194
6536114653,desconocida,37.4138121,-5.9644489
6536114654,desconocida,37.4137695,-5.9645025
6536114655,desconocida,37.4136886,-5.9645401
6536114656,desconocida,37.4136374,-5.9645321
6536114657,desconocida,37.4140869,-5.9651034
6536114658,desconocida,37.414023,-5.9651651
6536114659,desconocida,37.4139272,-5.9652267
6536114660,desconocida,37.4138313,-5.9653072
6536114661,desconocida,37.4137525,-5.9653635
6536114662,desconocida,37.4136694,-5.9654252
6536114663,desconocida,37.4136183,-5.9654574
6536114664,desconocida,37.413499,-5.9655781
6536114665,desconocida,37.4133754,-5.9655003
6536114666,desconocida,37.4134968,-5.9653957
6536114667,desconocida,37.4135842,-5.9653287
6536114668,desconocida,37.4136694,-5.9652589
6536114669,desconocida,37.4137567,-5.9652026
6536114670,desconocida,37.4138313,-5.965149
6536114671,desconocida,37.4138995,-5.9650873
6536114672,desconocida,37.4139634,-5.965047
6536114673,desconocida,37.414023,-5.9650041
6536114674,desconocida,37.4140763,-5.9649666
6536114675,desconocida,37.4141274,-5.9649237
6536114676,desconocida,37.4141743,-5.9648888
6536114677,desconocida,37.4142297,-5.9650175
6536114678,desconocida,37.4143213,-5.9649505
6536114679,desconocida,37.4143746,-5.9648968
6536114680,desconocida,37.4148731,-5.9653555
6536114681,desconocida,37.4148858,-5.9651865
6536114682,desconocida,37.4147069,-5.9651168
6536114683,desconocida,37.4145088,-5.9647842
6536114684,desconocida,37.4145684,-5.9647386
6536114685,desconocida,37.4146302,-5.9646849
6536114686,desconocida,37.4147175,-5.9646259
6536114687,desconocida,37.4148028,-5.9645776
6536114688,desconocida,37.4148624,-5.964524
6536114689,desconocida,37.4149093,-5.964473
6536114690,desconocida,37.4149945,-5.9644167
6536114691,desconocida,37.4150563,-5.9643684
6536114692,desconocida,37.4151223,-5.9643094
6536114693,desconocida,37.415182,-5.9642665
6536114694,desconocida,37.415101,-5.9641753
6536114695,desconocida,37.4150222,-5.9642397
6536114696,desconocida,37.4149434,-5.9642987
6536114697,desconocida,37.4148624,-5.9643389
6536114698,desconocida,37.4147942,-5.9643845
6536114699,desconocida,37.4147474,-5.9644462
6536114700,desconocida,37.4146217,-5.9645321
6536114701,desconocida,37.4145684,-5.964583
6536114702,desconocida,37.4144853,-5.9646393
6536114703,desconocida,37.414415,-5.9647091
6536114704,desconocida,37.4144555,-5.9640466
6536114705,desconocida,37.4144065,-5.9640466
6536114706,desconocida,37.4143362,-5.9642343
6536114707,desconocida,37.4143319,-5.9641297
6536114708,desconocida,37.4143042,-5.964186
6536114709,desconocida,37.4142403,-5.9641163
6536114710,desconocida,37.4142148,-5.9640653
6536114711,desconocida,37.4143213,-5.9640144
6536114712,desconocida,37.4142702,-5.9639902
6536114713,desconocida,37.4142382,-5.9639446
6536114714,desconocida,37.4142702,-5.9638856
6536114715,desconocida,37.4143575,-5.9638239
6536114716,desconocida,37.4143959,-5.9639125
6536114717,desconocida,37.4141487,-5.9637918
6536114718,desconocida,37.4142148,-5.9636925
6536114719,desconocida,37.4142467,-5.9636067
6536114720,desconocida,37.4140806,-5.963722
6536114721,desconocida,37.4140997,-5.9636121
6536114722,desconocida,37.4141743,-5.9645374
6536114723,desconocida,37.4141615,-5.9644462
6536114724,desconocida,37.4141487,-5.964347
6536114725,desconocida,37.4141466,-5.964229
6536114726,desconocida,37.4141359,-5.9641217
6536114727,desconocida,37.4141125,-5.9640197
6536114728,desconocida,37.4140848,-5.9639071
6536114729,desconocida,37.4140869,-5.9638293
6536114730,desconocida,37.4147063,-5.964177
6536114731,desconocida,37.4146696,-5.9640938
6536114732,desconocida,37.4148653,-5.9639737
6536114733,desconocida,37.4149583,-5.9640168
6536114734,desconocida,37.4150905,-5.9639613
6536114735,desconocida,37.4151345,-5.9639151
6536114736,desconocida,37.4151198,-5.9638381
6536114737,desconocida,37.4150807,-5.9637796
6536114738,desconocida,37.4150219,-5.9637457
6536114739,desconocida,37.4149803,-5.9636748
6536114740,desconocida,37.4146696,-5.9636193
6536114741,desconocida,37.4146081,-5.9637249
6536114742,desconocida,37.4145672,-5.9637812
6536114743,desconocida,37.4145276,-5.963567
6536114744,desconocida,37.4144787,-5.9635516
6536114745,desconocida,37.4144297,-5.9635423
6536114746,desconocida,37.4143832,-5.9635269
6536114747,desconocida,37.4143074,-5.9634899
6536114748,desconocida,37.4154135,-5.9636964
6536114749,desconocida,37.4154159,-5.96357
6536114750,desconocida,37.4153523,-5.9635331
6536114751,desconocida,37.4150219,-5.9633297
6536114752,desconocida,37.4149485,-5.9632897
6536114753,desconocida,37.4153034,-5.9636471
6536114754,desconocida,37.4152471,-5.9636748
6536114755,desconocida,37.4152177,-5.9636039
6536114756,desconocida,37.4151786,-5.9636471
6536114757,desconocida,37.415252,-5.963795
6536114758,desconocida,37.4150758,-5.9635423
6536114759,desconocida,37.414973,-5.9635023
6536114760,desconocida,37.414902,-5.9635023
6536114761,desconocida,37.4148458,-5.9635084
6536114762,desconocida,37.4147944,-5.9635115
6536114763,desconocida,37.4147234,-5.9634992
6536114764,desconocida,37.4147821,-5.9633944
6536114765,desconocida,37.4147699,-5.9632989
6536114766,desconocida,37.4153572,-5.9634098
6536114767,desconocida,37.4154991,-5.9633575
6536114768,desconocida,37.4155579,-5.9632866
6536114769,desconocida,37.4152765,-5.9633513
6536114770,desconocida,37.4146573,-5.9633821
6536114771,desconocida,37.4146842,-5.9632804
6536114772,desconocida,37.4145913,-5.9633051
6536114773,desconocida,37.414535,-5.9632342
6536114774,desconocida,37.414442,-5.9632157
6536114775,desconocida,37.4143612,-5.9632311
6536114776,desconocida,37.4146035,-5.9634653
6536114777,desconocida,37.4145178,-5.9634314
6536114778,desconocida,37.4144469,-5.963416
6536114779,desconocida,37.4143881,-5.9634006
6536114780,desconocida,37.4143294,-5.9633636
6536114781,desconocida,37.4142731,-5.9633883
6536114782,desconocida,37.4142193,-5.963342
6536114783,desconocida,37.4140822,-5.9633359
6536114784,desconocida,37.4140994,-5.9632034
6536114785,desconocida,37.4139746,-5.9633729
6536114786,desconocida,37.4138473,-5.9629816
6536114787,desconocida,37.4138106,-5.9629169
6536114788,desconocida,37.4138767,-5.9628522
6536114789,desconocida,37.4138179,-5.9635146
6536114790,desconocida,37.4137935,-5.9636039
6536114791,desconocida,37.413725,-5.9636686
6536114792,desconocida,37.4136785,-5.9637611
6536114793,desconocida,37.4136197,-5.9638289
6536114794,desconocida,37.4135879,-5.9639028
6536114795,desconocida,37.4135463,-5.9639675
6536114796,desconocida,37.4135023,-5.9640322
6536114797,desconocida,37.4135757,-5.9630555
6536114798,desconocida,37.4135806,-5.9629261
6536114799,desconocida,37.4134484,-5.9629508
6536114800,desconocida,37.413375,-5.9629569
6536114801,desconocida,37.4136173,-5.9628121
6536114802,desconocida,37.4135659,-5.9628183
6536114803,desconocida,37.4134753,-5.9628214
6536114804,desconocida,37.4133212,-5.9628275
6536114805,desconocida,37.41326,-5.9628522
6536114806,desconocida,37.4131572,-5.962846
6536114807,desconocida,37.4131034,-5.9628768
6536114808,desconocida,37.4130109,-5.9630186
6536114809,desconocida,37.4129924,-5.9629088
6536114810,desconocida,37.4128626,-5.9629228
6536114811,desconocida,37.4127773,-5.9629298
6536114812,desconocida,37.4126771,-5.9629649
6536114813,desconocida,37.4127902,-5.9630559
6536114814,desconocida,37.4127012,-5.963077
6536114815,desconocida,37.4126456,-5.9631073
6536114816,desconocida,37.4125454,-5.9631517
6536114817,desconocida,37.4125065,-5.9632357
6536114818,desconocida,37.4124694,-5.9633245
6536114819,desconocida,37.4124416,-5.9634179
6536114820,desconocida,37.4124249,-5.9635089
6536114821,desconocida,37.4123822,-5.9635883
6536114822,desconocida,37.412334,-5.9636957
6536114823,desconocida,37.4122858,-5.9638055
6536114824,desconocida,37.4122542,-5.9638919
6536114825,desconocida,37.4121615,-5.9639876
6536114826,desconocida,37.4121504,-5.9641394
6536114827,desconocida,37.4122283,-5.9639689
6536114828,desconocida,37.4120836,-5.964074
6536114829,desconocida,37.4120502,-5.9642608
6536114830,desconocida,37.4118481,-5.9643519
6536114831,desconocida,37.4116941,-5.9647325
6536114832,desconocida,37.4116811,-5.9645854
6536114833,desconocida,37.4116756,-5.9644733
6536114834,desconocida,37.4116274,-5.9644172
6536114835,desconocida,37.4115773,-5.9643612
6536114836,desconocida,37.4116033,-5.9642935
6536114837,desconocida,37.4116626,-5.9642374
6536114838,desconocida,37.4117182,-5.9642304
6536114839,desconocida,37.4117906,-5.9642281
6536114840,desconocida,37.4117832,-5.9641324
6536114841,desconocida,37.4116923,-5.9643285
6536114842,desconocida,37.4117628,-5.9640086
6536114843,desconocida,37.4117813,-5.9639292
6536114844,desconocida,37.4118796,-5.9639386
6536114845,desconocida,37.4119519,-5.9638522
6536114846,desconocida,37.411989,-5.9637588
6536114847,desconocida,37.4120057,-5.9637004
6536114848,desconocida,37.4119556,-5.9636303
6536114849,desconocida,37.4120428,-5.9636093
6536114850,desconocida,37.4119056,-5.9635486
6536114851,desconocida,37.411594,-5.9638592
6536114852,desconocida,37.4115383,-5.9637167
6536114853,desconocida,37.4115754,-5.9637868
6536114854,desconocida,37.4114957,-5.9636303
6536114855,desconocida,37.4114567,-5.9635603
6536114856,desconocida,37.4114234,-5.9635299
6536114857,desconocida,37.4114363,-5.9633408
6536114858,desconocida,37.4114085,-5.9632357
6536114859,desconocida,37.4114141,-5.9631166
6536114860,desconocida,37.4114067,-5.9633782
6536114861,desconocida,37.4115031,-5.9633805
6536114862,desconocida,37.4115977,-5.9633431
6536114863,desconocida,37.4116811,-5.9633034
6536114864,desconocida,37.4117442,-5.9632848
6536114865,desconocida,37.411696,-5.9634015
6536114866,desconocida,37.4116255,-5.9634482
6536114867,desconocida,37.4115383,-5.9634809
6536114868,desconocida,37.4117776,-5.963084
6536114869,desconocida,37.4118332,-5.9630069
6536114870,desconocida,37.4118017,-5.9629252
6536114871,desconocida,37.4117368,-5.9629976
6536114872,desconocida,37.4118202,-5.9633805
6536114873,desconocida,37.4119019,-5.9633408
6536114874,desconocida,37.4119278,-5.9632497
6536114875,desconocida,37.4120057,-5.9633011
6536114876,desconocida,37.4120614,-5.9631937
6536114877,desconocida,37.4121133,-5.9631517
6536114878,desconocida,37.4121615,-5.9630162
6536114879,desconocida,37.4123229,-5.9627337
6536114880,desconocida,37.4122821,-5.9626333
6536114881,desconocida,37.4120947,-5.9629322
6536114882,desconocida,37.4120428,-5.9630559
6536114883,desconocida,37.4119964,-5.9629719
6536114884,desconocida,37.4119482,-5.9629112
6536114885,desconocida,37.4118981,-5.9628271
6536114886,desconocida,37.4118499,-5.9627337
6536114887,desconocida,37.4118128,-5.9626403
6536114888,desconocida,37.4117609,-5.9625422
6536114889,desconocida,37.4117145,-5.9624582
6536114890,desconocida,37.4120317,-5.9628318
6536114891,desconocida,37.4120057,-5.9627664
6536114892,desconocida,37.4119668,-5.9626847
6536114893,desconocida,37.4119204,-5.9625819
6536114894,desconocida,37.411887,-5.9625259
6536114895,desconocida,37.4118277,-5.9624208
6536114896,desconocida,37.4117943,-5.9623321
6536114897,desconocida,37.4117368,-5.9622434
6536114898,desconocida,37.4116329,-5.9623321
6536114899,desconocida,37.4115699,-5.9623601
6536114900,desconocida,37.4115031,-5.9624068
6536114901,desconocida,37.4114512,-5.9624605
6536114902,desconocida,37.4113974,-5.9625166
6536114903,desconocida,37.4113492,-5.9625796
6536114904,desconocida,37.4113343,-5.962694
6536114905,desconocida,37.4113176,-5.9628925
6536114906,desconocida,37.4112842,-5.9630162
6536114907,desconocida,37.4113195,-5.9633455
6536114908,desconocida,37.4112268,-5.9633291
6536114909,desconocida,37.4111136,-5.9632778
6536114910,desconocida,37.4112082,-5.963147
6536114911,desconocida,37.4111971,-5.9629695
6536114912,desconocida,37.4112249,-5.9628458
6536114913,desconocida,37.4112323,-5.962722
6536114914,desconocida,37.4111173,-5.9628388
6536114915,desconocida,37.411058,-5.9629135
6536114916,desconocida,37.4109856,-5.9630069
6536114917,desconocida,37.4109282,-5.9630536
6536114918,desconocida,37.4108577,-5.9631213
6536114919,desconocida,37.4107575,-5.9631984
6536114920,desconocida,37.4106963,-5.9632638
6536114921,desconocida,37.4106129,-5.9633385
6536114922,desconocida,37.4106741,-5.963642
6536114923,desconocida,37.4107816,-5.9635556
6536114924,desconocida,37.4108484,-5.9634879
6536114925,desconocida,37.4109207,-5.9634272
6536114926,desconocida,37.4109875,-5.9633712
6536114927,desconocida,37.4110376,-5.9633034
6536114928,desconocida,37.4111377,-5.9631447
6536114929,desconocida,37.4106184,-5.9636817
6536114930,desconocida,37.4105628,-5.9637331
6536114931,desconocida,37.4105146,-5.9637775
6536114932,desconocida,37.4104478,-5.9638055
6536114933,desconocida,37.4103755,-5.9638919
6536114934,desconocida,37.4102957,-5.9639572
6536114935,desconocida,37.4102401,-5.9640086
6536114936,desconocida,37.410177,-5.9640623
6536114937,desconocida,37.4104478,-5.9634926
6536114938,desconocida,37.410394,-5.9633688
6536114939,desconocida,37.410305,-5.9634365
6536114940,desconocida,37.4102827,-5.9636163
6536114941,desconocida,37.4101065,-5.9637751
6536114942,desconocida,37.4100509,-5.9638312
6536114943,desconocida,37.4099192,-5.9637634
6536114944,desconocida,37.4100546,-5.9636677
6536114945,desconocida,37.4100898,-5.9641207
6536114946,desconocida,37.410062,-5.9641721
6536114947,desconocida,37.4099989,-5.9642445
6536114948,desconocida,37.4099322,-5.9643308
6536114949,desconocida,37.4098969,-5.9643916
6536114950,desconocida,37.4098765,-5.9645083
6536114951,desconocida,37.4098543,-5.9646274
6536114952,desconocida,37.4105591,-5.9631704
6536114953,desconocida,37.4104997,-5.9631143
6536114954,desconocida,37.4104255,-5.9631704
6536114955,desconocida,37.4103087,-5.9633268
6536114956,desconocida,37.4102475,-5.9632661
6536114957,desconocida,37.4103105,-5.963182
6536114958,desconocida,37.4102586,-5.963147
6536114959,desconocida,37.4102122,-5.963133
6536114960,desconocida,37.410292,-5.9630466
6536114961,desconocida,37.4104608,-5.9629462
6536114962,desconocida,37.4105535,-5.9630279
6536114963,desconocida,37.410624,-5.9629789
6536114964,desconocida,37.4108744,-5.9629345
6536114965,desconocida,37.4108261,-5.9629555
6536114966,desconocida,37.410841,-5.9628271
6536114967,desconocida,37.4107575,-5.9628575
6536114968,desconocida,37.4107334,-5.9627547
6536114969,desconocida,37.4108725,-5.9627337
6536114970,desconocida,37.4107686,-5.9626613
6536114971,desconocida,37.4106537,-5.9628645
6536114972,desconocida,37.4105795,-5.9628738
6536114973,desconocida,37.410598,-5.9627034
6536114974,desconocida,37.4105498,-5.9629369
6536114975,desconocida,37.4103105,-5.9629252
6536114976,desconocida,37.4103921,-5.9629976
6536114977,desconocida,37.4102401,-5.9629906
6536114978,desconocida,37.4101436,-5.9630676
6536114979,desconocida,37.4100991,-5.9631307
6536114980,desconocida,37.4100212,-5.963182
6536114981,desconocida,37.4100917,-5.9632474
6536114982,desconocida,37.4101121,-5.9633221
6536114983,desconocida,37.4100972,-5.9635183
6536114984,desconocida,37.4099581,-5.9634202
6536114985,desconocida,37.4099581,-5.963586
6536114986,desconocida,37.4098951,-5.9633175
6536114987,desconocida,37.4098543,-5.9634109
6536114988,desconocida,37.4096503,-5.9634576
6536114989,desconocida,37.4097764,-5.9634646
6536114990,desconocida,37.4097189,-5.9635626
6536114991,desconocida,37.4098394,-5.9635743
6536114992,desconocida,37.4097949,-5.9637027
6536114993,desconocida,37.4097671,-5.9638568
6536114994,desconocida,37.4096577,-5.9637541
6536114995,desconocida,37.4095891,-5.963649
6536114996,desconocida,37.4095204,-5.9639152
6536114997,desconocida,37.4095557,-5.9637938
6536114998,desconocida,37.4095074,-5.9636537
6536114999,desconocida,37.4095594,-5.9632007
6536115000,desconocida,37.409667,-5.9631493
6536115001,desconocida,37.4095575,-5.9630489
6536115002,desconocida,37.4097745,-5.9630536
6536115003,desconocida,37.4098005,-5.9629205
6536115004,desconocida,37.4098135,-5.9628528
6536115005,desconocida,37.4097912,-5.9627687
6536115006,desconocida,37.4098543,-5.962694
6536115007,desconocida,37.4098617,-5.9627897
6536115008,desconocida,37.4098821,-5.9628645
6536115009,desconocida,37.4100064,-5.9629742
6536115010,desconocida,37.4100972,-5.9629135
6536115011,desconocida,37.4100286,-5.9627921
6536115012,desconocida,37.4101399,-5.9628154
6536115013,desconocida,37.4100972,-5.9627104
6536115014,desconocida,37.4099415,-5.9626823
6536115015,desconocida,37.4102085,-5.962708
6536115016,desconocida,37.4101362,-5.9625983
6536115017,desconocida,37.4100453,-5.9625609
6536115018,desconocida,37.4099452,-5.9624769
6536115019,desconocida,37.409858,-5.9625679
6536115020,desconocida,37.4099377,-5.9626146
6536115021,desconocida,37.4102085,-5.9624512
6536115022,desconocida,37.4102864,-5.9623624
6536115023,desconocida,37.4102234,-5.9623391
6536115024,desconocida,37.4101529,-5.9623718
6536115025,desconocida,37.4103272,-5.962736
6536115026,desconocida,37.4104682,-5.9626263
6536115027,desconocida,37.4104107,-5.9625562
6536115028,desconocida,37.4103458,-5.9626216
6536115029,desconocida,37.4103773,-5.9624558
6536115030,desconocida,37.4104904,-5.9623391
6536115031,desconocida,37.41047,-5.9623975
6536115032,desconocida,37.4104867,-5.9621803
6536115033,desconocida,37.4105461,-5.9622574
6536115034,desconocida,37.4106091,-5.9623881
6536115035,desconocida,37.4106963,-5.9623391
6536115036,desconocida,37.4107371,-5.962269
6536115037,desconocida,37.4107297,-5.9623601
6536115038,desconocida,37.4108187,-5.9624372
6536115039,desconocida,37.4108132,-5.9623251
6536115040,desconocida,37.4108873,-5.962262
6536115041,desconocida,37.4109244,-5.9623694
6536115042,desconocida,37.4109448,-5.9622994
6536115043,desconocida,37.4109727,-5.9621733
6536115044,desconocida,37.411019,-5.9620729
6536115045,desconocida,37.4110673,-5.9619982
6536115046,desconocida,37.4109059,-5.9620542
6536115047,desconocida,37.4108669,-5.9619725
6536115048,desconocida,37.4109819,-5.962736
6536115049,desconocida,37.4109968,-5.962617
6536115050,desconocida,37.4110079,-5.9625072
6536115051,desconocida,37.4110227,-5.9623905
6536115052,desconocida,37.4110431,-5.9622784
6536115053,desconocida,37.4110765,-5.9621897
6536115054,desconocida,37.4111359,-5.9620752
6536115055,desconocida,37.4112731,-5.9619888
6536115056,desconocida,37.4113566,-5.9619328
6536115057,desconocida,37.4114512,-5.9619398
6536115058,desconocida,37.4115606,-5.9619281
6536115059,desconocida,37.4116218,-5.9617273
6536115060,desconocida,37.411607,-5.9617834
6536115061,desconocida,37.4115717,-5.9615405
6536115062,desconocida,37.4115439,-5.9616176
6536115063,desconocida,37.4114864,-5.9617273
6536115064,desconocida,37.4114215,-5.9617787
6536115065,desconocida,37.4113251,-5.9618161
6536115066,desconocida,37.4112286,-5.9618441
6536115067,desconocida,37.4111618,-5.9619118
6536115068,desconocida,37.4116811,-5.9616012
6536115069,desconocida,37.4117108,-5.9615195
6536115070,desconocida,37.4117479,-5.9614401
6536115071,desconocida,37.4118184,-5.9613864
6536115072,desconocida,37.4118629,-5.9614728
6536115073,desconocida,37.4119074,-5.9615639
6536115074,desconocida,37.4119519,-5.9616783
6536115075,desconocida,37.4120002,-5.961774
6536115076,desconocida,37.4119835,-5.9618511
6536115077,desconocida,37.4119241,-5.9618908
6536115078,desconocida,37.4118295,-5.9619585
6536115079,desconocida,37.411772,-5.9620075
6536115080,desconocida,37.4117776,-5.9621266
6536115081,desconocida,37.4119315,-5.9622947
6536115082,desconocida,37.4121189,-5.962234
6536115083,desconocida,37.4120391,-5.9622737
6536115084,desconocida,37.4119482,-5.9621663
6536115085,desconocida,37.4120224,-5.9620892
6536115086,desconocida,37.4122705,-5.9619852
6536115087,desconocida,37.4094275,-5.9632596
6536115088,desconocida,37.4093236,-5.9632876
6536115089,desconocida,37.4093236,-5.9632899
6536115090,desconocida,37.4093255,-5.9631685
6536115091,desconocida,37.409242,-5.9631218
6536115092,desconocida,37.4093125,-5.9630751
6536115093,desconocida,37.4092958,-5.9630214
6536115094,desconocida,37.4091789,-5.9630214
6536115095,desconocida,37.4092958,-5.962865
6536115096,desconocida,37.4092272,-5.9629093
6536115097,desconocida,37.4094034,-5.9628136
6536115098,desconocida,37.4095369,-5.9627225
6536115099,desconocida,37.4097057,-5.9627132
6536115100,desconocida,37.409752,-5.9626034
6536115101,desconocida,37.4095369,-5.962858
6536115102,desconocida,37.4090268,-5.9634604
6536115103,desconocida,37.4089675,-5.9634043
6536115104,desconocida,37.4089601,-5.9634954
6536115105,desconocida,37.4089044,-5.9634487
6536115106,desconocida,37.4089044,-5.9635164
6536115107,desconocida,37.4088599,-5.9634884
6536115108,desconocida,37.4089248,-5.9630985
6536115109,desconocida,37.408795,-5.9631382
6536115110,desconocida,37.4086837,-5.9634487
6536115111,desconocida,37.4086615,-5.9635655
6536115112,desconocida,37.4086559,-5.9637733
6536115113,desconocida,37.408719,-5.9637172
6536115114,desconocida,37.4088432,-5.9636635
6536115115,desconocida,37.4087097,-5.963841
6536115116,desconocida,37.4086522,-5.9638924
6536115117,desconocida,37.4085928,-5.9639157
6536115118,desconocida,37.4085836,-5.9637196
6536115119,desconocida,37.4085502,-5.9636565
6536115120,desconocida,37.4085353,-5.9635398
6536115121,desconocida,37.4085205,-5.9634651
6536115122,desconocida,37.408706,-5.9639694
6536115123,desconocida,37.4086744,-5.9641726
6536115124,desconocida,37.4088766,-5.9639064
6536115125,desconocida,37.4089415,-5.9640021
6536115126,desconocida,37.4088154,-5.9639951
6536115127,desconocida,37.4088525,-5.9643897
6536115128,desconocida,37.4090046,-5.9643033
6536115129,desconocida,37.4089712,-5.9644014
6536115130,desconocida,37.4089545,-5.9645929
6536115131,desconocida,37.4088822,-5.9645859
6536115132,desconocida,37.4087672,-5.9646185
6536115133,desconocida,37.4087709,-5.9644317
6536115134,desconocida,37.4086262,-5.9645742
6536115135,desconocida,37.4085854,-5.9646326
6536115136,desconocida,37.4090621,-5.9646466
6536115137,desconocida,37.409038,-5.9645602
6536115138,desconocida,37.4091066,-5.9645275
6536115139,desconocida,37.4091864,-5.9644247
6536115140,desconocida,37.4093162,-5.9643197
6536115141,desconocida,37.4091919,-5.9642963
6536115142,desconocida,37.4094163,-5.9642099
6536115143,desconocida,37.4094182,-5.9639928
6536115144,desconocida,37.4093106,-5.9640465
6536115145,desconocida,37.4091474,-5.9641189
6536115146,desconocida,37.4091307,-5.9639484
6536115147,desconocida,37.4092197,-5.9638924
6536115148,desconocida,37.4093347,-5.9637873
6536115149,desconocida,37.4092327,-5.963806
6536115150,desconocida,37.4091233,-5.963855
6536115151,desconocida,37.4090565,-5.9638713
6536115152,desconocida,37.4084241,-5.9645602
6536115153,desconocida,37.4083443,-5.9650388
6536115154,desconocida,37.4083276,-5.9648824
6536115155,desconocida,37.4087208,-5.9653074
6536115156,desconocida,37.4087097,-5.9652397
6536115157,desconocida,37.4086355,-5.9652887
6536115158,desconocida,37.4085613,-5.9652793
6536115159,desconocida,37.4084853,-5.9652607
6536115160,desconocida,37.4084018,-5.9652233
6536115161,desconocida,37.4083406,-5.9652046
6536115162,desconocida,37.4082423,-5.9651743
6536115163,desconocida,37.4081607,-5.9651509
6536115164,desconocida,37.4080883,-5.9651136
6536115165,desconocida,37.4080104,-5.9650972
6536115166,desconocida,37.4080234,-5.9649781
6536115167,desconocida,37.4079344,-5.9650762
6536115168,desconocida,37.4079474,-5.9649548
6536115169,desconocida,37.4078546,-5.9650412
6536115170,desconocida,37.407786,-5.9650248
6536115171,desconocida,37.4077211,-5.9650038
6536115172,desconocida,37.4076599,-5.9649781
6536115173,desconocida,37.4075783,-5.9649454
6536115174,desconocida,37.4075041,-5.9649174
6536115175,desconocida,37.4074262,-5.9648964
6536115176,desconocida,37.4078398,-5.9649174
6536115177,desconocida,37.4077842,-5.9648917
6536115178,desconocida,37.4076784,-5.9648591
6536115179,desconocida,37.4075857,-5.964824
6536115180,desconocida,37.4075301,-5.9648007
6536115181,desconocida,37.4074633,-5.964789
6536115182,desconocida,37.4073891,-5.9647633
6536115183,desconocida,37.4073205,-5.9647423
6536115184,desconocida,37.4072389,-5.9647143
6536115185,desconocida,37.4073557,-5.9648707
6536115186,desconocida,37.4072723,-5.9648544
6536115187,desconocida,37.4071869,-5.9648194
6536115188,desconocida,37.4071554,-5.9646816
6536115189,desconocida,37.4070794,-5.9646536
6536115190,desconocida,37.40702,-5.9646326
6536115191,desconocida,37.4071053,-5.9647913
6536115192,desconocida,37.4070404,-5.9647633
6536115193,desconocida,37.4069588,-5.96474
6536115194,desconocida,37.406892,-5.964719
6536115195,desconocida,37.4067603,-5.9646909
6536115196,desconocida,37.4066991,-5.9646676
6536115197,desconocida,37.4066286,-5.9646419
6536115198,desconocida,37.4065489,-5.9646115
6536115199,desconocida,37.4064877,-5.9645929
6536115200,desconocida,37.4064153,-5.9645835
6536115201,desconocida,37.4063597,-5.9645555
6536115202,desconocida,37.4062836,-5.9645415
6536115203,desconocida,37.4062187,-5.9645135
6536115204,desconocida,37.4061482,-5.9644948
6536115205,desconocida,37.4060907,-5.9644855
6536115206,desconocida,37.4060203,-5.9644668
6536115207,desconocida,37.4059553,-5.9644388
6536115208,desconocida,37.4068011,-5.9645368
6536115209,desconocida,37.4067195,-5.9645275
6536115210,desconocida,37.4066453,-5.9644925
6536115211,desconocida,37.4065656,-5.9644691
6536115212,desconocida,37.4065155,-5.9644504
6536115213,desconocida,37.4064246,-5.9644154
6536115214,desconocida,37.406356,-5.9643991
6536115215,desconocida,37.4062892,-5.9643897
6536115216,desconocida,37.406202,-5.9643524
6536115217,desconocida,37.4061316,-5.9643383
6536115218,desconocida,37.4060314,-5.9643057
6536115219,desconocida,37.4059535,-5.9642753
6536115220,desconocida,37.4058978,-5.9642683
6536115221,desconocida,37.4058051,-5.9642566
6536115222,desconocida,37.4057272,-5.9642169
6536115223,desconocida,37.4056493,-5.9641866
6536115224,desconocida,37.4055825,-5.9641749
6536115225,desconocida,37.4055083,-5.9641562
6536115226,desconocida,37.4054341,-5.9641305
6536115227,desconocida,37.4058867,-5.9644107
6536115228,desconocida,37.4058033,-5.964371
6536115229,desconocida,37.4057105,-5.9643337
6536115230,desconocida,37.4056326,-5.964315
6536115231,desconocida,37.4055566,-5.9642916
6536115232,desconocida,37.4054768,-5.9642683
6536115233,desconocida,37.4054008,-5.9642449
6536115234,desconocida,37.4053266,-5.9642239
6536115235,desconocida,37.4052412,-5.9642006
6536115236,desconocida,37.4051782,-5.9641679
6536115237,desconocida,37.4051133,-5.9641562
6536115238,desconocida,37.4050372,-5.9641329
6536115239,desconocida,37.4050465,-5.9640441
6536115240,desconocida,37.4051096,-5.9640628
6536115241,desconocida,37.4051967,-5.9640792
6536115242,desconocida,37.4052746,-5.9641072
6536115243,desconocida,37.4053581,-5.9641072
6536115244,desconocida,37.405334,-5.9640675
6536115245,desconocida,37.4052524,-5.9640371
6536115246,desconocida,37.4052375,-5.9639601
6536115247,desconocida,37.4053191,-5.9639461
6536115248,desconocida,37.4053544,-5.9639577
6536115249,desconocida,37.4054249,-5.9640138
6536115250,desconocida,37.4055714,-5.9640465
6536115251,desconocida,37.405653,-5.9640652
6536115252,desconocida,37.4051782,-5.963792
6536115253,desconocida,37.4052783,-5.963827
6536115254,desconocida,37.405347,-5.963855
6536115255,desconocida,37.40541,-5.963883
6536115256,desconocida,37.4054657,-5.9639017
6536115257,desconocida,37.4055417,-5.9639227
6536115258,desconocida,37.4056122,-5.9639577
6536115259,desconocida,37.4056753,-5.9639764
6536115260,desconocida,37.4057216,-5.9640862
6536115261,desconocida,37.4058478,-5.9641375
6536115262,desconocida,37.4057476,-5.9639858
6536115263,desconocida,37.4057847,-5.9641025
6536115264,desconocida,37.4058033,-5.9640114
6536115265,desconocida,37.4058682,-5.9640301
6536115266,desconocida,37.4059201,-5.9640348
6536115267,desconocida,37.4060147,-5.9640652
6536115268,desconocida,37.4060685,-5.9640862
6536115269,desconocida,37.4061946,-5.9641235
6536115270,desconocida,37.4061204,-5.9641002
6536115271,desconocida,37.4062725,-5.9641399
6536115272,desconocida,37.4062744,-5.9641399
6536115273,desconocida,37.4063319,-5.9641679
6536115274,desconocida,37.4063968,-5.9641819
6536115275,desconocida,37.4064599,-5.9641982
6536115276,desconocida,37.4065322,-5.9642286
6536115277,desconocida,37.406599,-5.964252
6536115278,desconocida,37.4066453,-5.964273
6536115279,desconocida,37.4065656,-5.9643383
6536115280,desconocida,37.4065118,-5.9643173
6536115281,desconocida,37.4064432,-5.9643127
6536115282,desconocida,37.4063764,-5.9642893
6536115283,desconocida,37.4063078,-5.96428
6536115284,desconocida,37.4062484,-5.9642636
6536115285,desconocida,37.4061724,-5.9642263
6536115286,desconocida,37.4060926,-5.9641982
6536115287,desconocida,37.4059368,-5.9641492
6536115288,desconocida,37.4059887,-5.9641679
6536115289,desconocida,37.4060462,-5.9641889
6536115290,desconocida,37.4066416,-5.964364
6536115291,desconocida,37.4067084,-5.964378
6536115292,desconocida,37.4067214,-5.964287
6536115293,desconocida,37.4067844,-5.9644037
6536115294,desconocida,37.4067974,-5.964308
6536115295,desconocida,37.4068827,-5.9642987
6536115296,desconocida,37.4068531,-5.9644504
6536115297,desconocida,37.4068846,-5.9642193
6536115298,desconocida,37.4068197,-5.9641936
6536115299,desconocida,37.4067511,-5.9641772
6536115300,desconocida,37.4066843,-5.9641609
6536115301,desconocida,37.4066119,-5.9641329
6536115302,desconocida,37.4065563,-5.9641119
6536115303,desconocida,37.4064895,-5.9641025
6536115304,desconocida,37.4064283,-5.9640792
6536115305,desconocida,37.4064413,-5.9639624
6536115306,desconocida,37.406382,-5.9639391
6536115307,desconocida,37.4063449,-5.9640371
6536115308,desconocida,37.4062317,-5.9640138
6536115309,desconocida,37.4062799,-5.9640325
6536115310,desconocida,37.4061631,-5.9639858
6536115311,desconocida,37.4060833,-5.9639624
6536115312,desconocida,37.4060407,-5.9639531
6536115313,desconocida,37.4059702,-5.9639204
6536115314,desconocida,37.4058923,-5.9639017
6536115315,desconocida,37.4058385,-5.9638737
6536115316,desconocida,37.4057587,-5.9638597
6536115317,desconocida,37.4057049,-5.9638387
6536115318,desconocida,37.4056419,-5.9638317
6536115319,desconocida,37.4055677,-5.9638013
6536115320,desconocida,37.4054935,-5.9637873
6536115321,desconocida,37.4054323,-5.9637663
6536115322,desconocida,37.4053525,-5.9637429
6536115323,desconocida,37.4051689,-5.963911
6536115324,desconocida,37.4052709,-5.9637032
6536115325,desconocida,37.405206,-5.9636775
6536115326,desconocida,37.4052171,-5.9635748
6536115327,desconocida,37.4052895,-5.9636028
6536115328,desconocida,37.4053117,-5.9634954
6536115329,desconocida,37.4052394,-5.9634674
6536115330,desconocida,37.4053674,-5.9636215
6536115331,desconocida,37.4054416,-5.9636472
6536115332,desconocida,37.405525,-5.9636752
6536115333,desconocida,37.4056085,-5.9637009
6536115334,desconocida,37.4057087,-5.9637336
6536115335,desconocida,37.4058051,-5.9637593
6536115336,desconocida,37.405397,-5.9635281
6536115337,desconocida,37.4054861,-5.9635631
6536115338,desconocida,37.4055733,-5.9635841
6536115339,desconocida,37.4056512,-5.9636145
6536115340,desconocida,37.4057439,-5.9636285
6536115341,desconocida,37.4054416,-5.963416
6536115342,desconocida,37.4055287,-5.963444
6536115343,desconocida,37.4055881,-5.9634627
6536115344,desconocida,37.4056641,-5.9634791
6536115345,desconocida,37.405768,-5.9635211
6536115346,desconocida,37.4058385,-5.9635351
6536115347,desconocida,37.4059127,-5.9635561
6536115348,desconocida,37.4059869,-5.9635818
6536115349,desconocida,37.4058849,-5.9636682
6536115350,desconocida,37.4059572,-5.9636775
6536115351,desconocida,37.4060295,-5.9637079
6536115352,desconocida,37.4061019,-5.9637429
6536115353,desconocida,37.4061983,-5.9637616
6536115354,desconocida,37.4061779,-5.9638807
6536115355,desconocida,37.4060982,-5.9638527
6536115356,desconocida,37.4060407,-5.9638223
6536115357,desconocida,37.4059591,-5.963792
6536115358,desconocida,37.4058941,-5.9637709
6536117028,desconocida,37.4095668,-5.9647269
6536117029,desconocida,37.4095497,-5.9645698
6536117030,desconocida,37.4095497,-5.9644373
6536117031,desconocida,37.4095424,-5.9643141
6536117032,desconocida,37.4094151,-5.9644743
6536117033,desconocida,37.4093417,-5.9645636
6536117034,desconocida,37.4092805,-5.9646345
6536117035,desconocida,37.4092389,-5.9647362
6536117036,desconocida,37.4091655,-5.9648964
6536117037,desconocida,37.4091018,-5.9650782
6536117038,desconocida,37.4092266,-5.9650289
6536117039,desconocida,37.4093245,-5.9649365
6536117040,desconocida,37.4093172,-5.9648286
6536117041,desconocida,37.409442,-5.9648563
6536117042,desconocida,37.4095081,-5.9647916
6536117043,desconocida,37.4094469,-5.9647208
6536117044,desconocida,37.4093931,-5.965223
6536117045,desconocida,37.4093196,-5.9652969
6536117046,desconocida,37.4093001,-5.9652107
6536117047,desconocida,37.4092242,-5.965263
6536117048,desconocida,37.4093955,-5.9651121
6536117049,desconocida,37.4094396,-5.9650505
6536117050,desconocida,37.4095815,-5.9649734
6536117051,desconocida,37.4095889,-5.9650597
6536117052,desconocida,37.4096647,-5.9651306
6536117053,desconocida,37.4097675,-5.9651645
6536117054,desconocida,37.4098165,-5.9653093
6536117055,desconocida,37.4098556,-5.9652322
6536117056,desconocida,37.4097332,-5.965374
6536117057,desconocida,37.409628,-5.965374
6536117058,desconocida,37.4096892,-5.9652908
6536117059,desconocida,37.4096035,-5.96526
6536117060,desconocida,37.4095105,-5.9653647
6536117061,desconocida,37.4094812,-5.9652815
6536117062,desconocida,37.4099927,-5.9655434
6536117063,desconocida,37.4101077,-5.9655373
6536117064,desconocida,37.4100294,-5.9653986
6536117065,desconocida,37.4099902,-5.9653093
6536117066,desconocida,37.4099168,-5.9653647
6536117067,desconocida,37.4098458,-5.9654479
6536117068,desconocida,37.4099021,-5.9655219
6536117069,desconocida,37.4101811,-5.9653709
6536117070,desconocida,37.4102227,-5.9654695
6536117071,desconocida,37.4102423,-5.9656913
6536117072,desconocida,37.4101322,-5.9652384
6536117073,desconocida,37.4100416,-5.9650813
6536117074,desconocida,37.4099241,-5.9650905
6536117075,desconocida,37.4098605,-5.9650381
6536117076,desconocida,37.4097406,-5.9648964
6536117077,desconocida,37.4098434,-5.9648563
6536117078,desconocida,37.4104576,-5.9656389
6536117079,desconocida,37.4103842,-5.9655619
6536117080,desconocida,37.4104209,-5.9654448
6536117081,desconocida,37.4102349,-5.9650967
6536117082,desconocida,37.4103475,-5.9650936
6536117083,desconocida,37.4104772,-5.9650782
6536117084,desconocida,37.4107636,-5.965451
6536117085,desconocida,37.4106681,-5.9656081
6536117086,desconocida,37.4106412,-5.9658947
6536117087,desconocida,37.4107489,-5.9658885
6536117088,desconocida,37.4106779,-5.9654325
6536117089,desconocida,37.410859,-5.9653216
6536117090,desconocida,37.4109838,-5.9653308
6536117091,desconocida,37.411067,-5.9653062
6536117092,desconocida,37.4108688,-5.9652261
6536117093,desconocida,37.4106314,-5.9650258
6536117094,desconocida,37.4107195,-5.9650012
6536117095,desconocida,37.4108125,-5.9649765
6536117096,desconocida,37.4109006,-5.9649611
6536117097,desconocida,37.4109887,-5.9649395
6536117098,desconocida,37.4110744,-5.9649303
6536117099,desconocida,37.4111796,-5.9652199
6536117100,desconocida,37.4111869,-5.9651182
6536117101,desconocida,37.4110866,-5.9651121
6536117102,desconocida,37.4109789,-5.9651182
6536117103,desconocida,37.4108884,-5.965149
6536117104,desconocida,37.4105825,-5.9660333
6536117105,desconocida,37.4106779,-5.9660734
6536117106,desconocida,37.4107587,-5.9661442
6536117107,desconocida,37.4108272,-5.9662151
6536117108,desconocida,37.4109226,-5.9662521
6536117109,desconocida,37.4110009,-5.966326
6536117110,desconocida,37.4110866,-5.966363
6536117111,desconocida,37.4111625,-5.9664246
6536117112,desconocida,37.4112383,-5.9664831
6536117113,desconocida,37.4113387,-5.9665478
6536117114,desconocida,37.4114194,-5.9665971
6536117115,desconocida,37.4114953,-5.966631
6536117116,desconocida,37.4115883,-5.966628
6536117117,desconocida,37.4114904,-5.9665109
6536117118,desconocida,37.4114292,-5.9664554
6536117119,desconocida,37.4113607,-5.96644
6536117120,desconocida,37.4113093,-5.9663876
6536117121,desconocida,37.4112432,-5.9663476
6536117122,desconocida,37.4111551,-5.9663014
6536117123,desconocida,37.4110499,-5.9662213
6536117124,desconocida,37.4109814,-5.9661627
6536117125,desconocida,37.4109251,-5.9661411
6536117126,desconocida,37.4108761,-5.966098
6536117127,desconocida,37.4108223,-5.9660518
6536117128,desconocida,37.4109667,-5.9659162
6536117129,desconocida,37.4109765,-5.9658392
6536117130,desconocida,37.4108688,-5.9657067
6536117131,desconocida,37.4108541,-5.9656204
6536117132,desconocida,37.4110572,-5.9658577
6536117133,desconocida,37.4111331,-5.9660426
6536117134,desconocida,37.4110988,-5.9661165
6536117135,desconocida,37.4112236,-5.9661566
6536117136,desconocida,37.4111625,-5.9662151
6536117137,desconocida,37.411524,-5.9662449
6536117138,desconocida,37.4113876,-5.9652284
6536117139,desconocida,37.4113535,-5.965046
6536117140,desconocida,37.411426,-5.9650165
6536117141,desconocida,37.41159,-5.9649923
6536117142,desconocida,37.4116454,-5.9650621
6536117143,desconocida,37.411639,-5.9652123
6536117144,desconocida,37.4116092,-5.9652766
6536117145,desconocida,37.4115675,-5.9655789
6536117146,desconocida,37.4115772,-5.9658265
6536117147,desconocida,37.4115772,-5.9659499
6536117148,desconocida,37.4115538,-5.9660008
6536117149,desconocida,37.4114963,-5.9655422
6536117150,desconocida,37.4114089,-5.9655583
6536117151,desconocida,37.411411,-5.9654027
6536117152,desconocida,37.4113791,-5.9657407
6536117153,desconocida,37.4114417,-5.9652557
6536117154,desconocida,37.4111,-5.9654698
6536117155,desconocida,37.4111213,-5.9657353
6536117156,desconocida,37.4115089,-5.9659251
6536117157,desconocida,37.4112534,-5.9659391
6536117158,desconocida,37.411443,-5.9660786
6536117159,desconocida,37.4114686,-5.9662771
6536117160,desconocida,37.4116755,-5.9660419
6536117161,desconocida,37.4121477,-5.9653225
6536117162,desconocida,37.4119572,-5.965105
6536117163,desconocida,37.412067,-5.9652453
6536117164,desconocida,37.4129017,-5.965105
6536117165,desconocida,37.412821,-5.9652189
6536117166,desconocida,37.4127822,-5.9652697
6536117167,desconocida,37.4127515,-5.9653429
6536117168,desconocida,37.4132989,-5.9655482
6536117169,desconocida,37.4132117,-5.9656112
6536122385,desconocida,37.4155301,-5.9640033
6536122386,desconocida,37.4154817,-5.9640378
6536122387,desconocida,37.4152281,-5.9640368
6536122388,desconocida,37.4154801,-5.9642228
6536122389,desconocida,37.4155479,-5.9642554
6536122390,desconocida,37.4155996,-5.9642838
6536122391,desconocida,37.4156787,-5.9643326
6536122392,desconocida,37.4157529,-5.9643793
6536122393,desconocida,37.4157659,-5.9645359
6536122394,desconocida,37.4156609,-5.9644688
6536122395,desconocida,37.4155818,-5.9644261
6536122396,desconocida,37.415535,-5.9644119
6536122397,desconocida,37.415472,-5.9643814
6536122398,desconocida,37.4154268,-5.964357
6536122399,desconocida,37.4153719,-5.9643265
6536122400,desconocida,37.4153106,-5.9643021
6536122401,desconocida,37.415246,-5.9642736
6536122402,desconocida,37.4154203,-5.9641801
6536122403,desconocida,37.4158595,-5.9645745
6536122404,desconocida,37.4159354,-5.9646172
6536122405,desconocida,37.4159886,-5.9646456
6536122406,desconocida,37.4160468,-5.9646822
6536122407,desconocida,37.4161097,-5.9647208
6536122408,desconocida,37.4161679,-5.9647473
6536122409,desconocida,37.4162421,-5.964794
6536122410,desconocida,37.4160742,-5.9644342
6536122411,desconocida,37.4161243,-5.9643956
6536122412,desconocida,37.4161743,-5.9643672
6536122413,desconocida,37.4162502,-5.9642919
6536122414,desconocida,37.4162986,-5.9642696
6536122415,desconocida,37.4163115,-5.9647879
6536122416,desconocida,37.4163632,-5.9648225
6536122417,desconocida,37.4164197,-5.9648509
6536122418,desconocida,37.4164827,-5.9648753
6536122419,desconocida,37.4165537,-5.9649201
6536122420,desconocida,37.4166199,-5.9649505
6536122421,desconocida,37.4166893,-5.9649831
6536122422,desconocida,37.4167717,-5.9650217
6536122423,desconocida,37.4168427,-5.9650501
6536122424,desconocida,37.4169041,-5.9650867
6536122425,desconocida,37.4169557,-5.9651233
6536122426,desconocida,37.4169573,-5.9652067
6536122427,desconocida,37.4170316,-5.9651559
6536122428,desconocida,37.417101,-5.9652168
6536122429,desconocida,37.4170477,-5.965288
6536122430,desconocida,37.4170703,-5.9650075
6536122431,desconocida,37.4171317,-5.9650562
6536122432,desconocida,37.4172625,-5.964918
6536122433,desconocida,37.4172754,-5.9648164
6536122434,desconocida,37.4172851,-5.9646172
6536122435,desconocida,37.4172931,-5.9645196
6536122436,desconocida,37.4173061,-5.9644302
6536122437,desconocida,37.4173206,-5.9643407
6536122438,desconocida,37.417327,-5.9642472
6536122439,desconocida,37.4173384,-5.9641883
6536122440,desconocida,37.4173771,-5.9640826
6536122441,desconocida,37.4173836,-5.9639952
6536122442,desconocida,37.4173819,-5.9639139
6536122443,desconocida,37.4174029,-5.9637899
6536122444,desconocida,37.417432,-5.963672
6536122445,desconocida,37.4174417,-5.9635805
6536122446,desconocida,37.417461,-5.9634971
6536122447,desconocida,37.4174594,-5.9633996
6536122448,desconocida,37.4174142,-5.9633386
6536122449,desconocida,37.4173674,-5.9633162
6536122450,desconocida,37.4172383,-5.9633548
6536122451,desconocida,37.4172835,-5.9633
6536122452,desconocida,37.417214,-5.9633244
6536122453,desconocida,37.4171656,-5.9632776
6536122454,desconocida,37.4171043,-5.9632329
6536122455,desconocida,37.4170946,-5.9633101
6536122456,desconocida,37.4170381,-5.9632552
6536122457,desconocida,37.4170332,-5.9631821
6536122458,desconocida,37.4169735,-5.9631902
6536122459,desconocida,37.4169315,-5.9631394
6536122460,desconocida,37.417495,-5.9632309
6536122461,desconocida,37.4174288,-5.9631841
6536122462,desconocida,37.4173367,-5.963178
6536122463,desconocida,37.4172786,-5.9631597
6536122464,desconocida,37.417214,-5.9631414
6536122465,desconocida,37.4171543,-5.963117
6536122466,desconocida,37.4170784,-5.9630703
6536122467,desconocida,37.4170171,-5.9630255
6536122468,desconocida,37.4169719,-5.9629829
6536122469,desconocida,37.4169137,-5.9629483
6536122470,desconocida,37.4168685,-5.9629158
6536122471,desconocida,37.4168169,-5.9629158
6536122472,desconocida,37.4167717,-5.9629198
6536122473,desconocida,37.4168136,-5.9630337
6536122474,desconocida,37.4167458,-5.9630764
6536122475,desconocida,37.4166829,-5.9631272
6536122476,desconocida,37.4166215,-5.9631719
6536122477,desconocida,37.416565,-5.9632166
6536122478,desconocida,37.4165311,-5.9632471
6536122479,desconocida,37.4167071,-5.9629625
6536122480,desconocida,37.4166264,-5.9630093
6536122481,desconocida,37.4165634,-5.9630764
6536122482,desconocida,37.4164633,-5.9631251
6536122483,desconocida,37.4163858,-5.963176
6536122484,desconocida,37.4163422,-5.9632329
6536122485,desconocida,37.4162696,-5.9632715
6536122486,desconocida,37.416226,-5.9633223
6536122487,desconocida,37.4161743,-5.9633548
6536122488,desconocida,37.4161227,-5.9633996
6536122489,desconocida,37.4164617,-5.963304
6536122490,desconocida,37.4163939,-5.9633467
6536122491,desconocida,37.4163341,-5.9633874
6536122492,desconocida,37.4162841,-5.9634199
6536122493,desconocida,37.4162389,-5.9634606
6536122494,desconocida,37.4161824,-5.9635032
6536122495,desconocida,37.4161275,-5.9635337
6536122496,desconocida,37.4160597,-5.9635988
6536122497,desconocida,37.4160839,-5.9634402
6536122498,desconocida,37.4159806,-5.9635114
6536122499,desconocida,37.4159192,-5.9635561
6536122500,desconocida,37.4158482,-5.9636069
6536122501,desconocida,37.4159935,-5.9636598
6536122502,desconocida,37.4159354,-5.9636984
6536122503,desconocida,37.4158773,-5.963735
6536122504,desconocida,37.4158159,-5.9637817
6536122505,desconocida,37.4158563,-5.9644261
6536122506,desconocida,37.4159418,-5.9644729
6536122507,desconocida,37.4160452,-5.9645074
6536122508,desconocida,37.4161033,-5.964542
6536122509,desconocida,37.4161888,-5.9645745
6536122510,desconocida,37.4162567,-5.9646151
6536122511,desconocida,37.4163341,-5.9646578
6536122512,desconocida,37.4164068,-5.9646904
6536122513,desconocida,37.4164795,-5.9647351
6536122514,desconocida,37.4165424,-5.9647859
6536122515,desconocida,37.4166005,-5.9648103
6536122516,desconocida,37.4166635,-5.9648286
6536122517,desconocida,37.4166748,-5.9647005
6536122518,desconocida,37.4166845,-5.9646233
6536122519,desconocida,37.416699,-5.964542
6536122520,desconocida,37.4167168,-5.9644444
6536122521,desconocida,37.4167362,-5.964357
6536122522,desconocida,37.4167458,-5.9642614
6536122523,desconocida,37.4167588,-5.964174
6536122524,desconocida,37.4167717,-5.9640826
6536122525,desconocida,37.4167862,-5.9640013
6536122526,desconocida,37.4166086,-5.9644729
6536122527,desconocida,37.4165279,-5.9644342
6536122528,desconocida,37.4164972,-5.9643895
6536122529,desconocida,37.416452,-5.9643367
6536122530,desconocida,37.41641,-5.9642696
6536122531,desconocida,37.4165021,-5.9642675
6536122532,desconocida,37.4164698,-5.9642106
6536122533,desconocida,37.4165166,-5.9641801
6536122534,desconocida,37.4165682,-5.9642432
6536122535,desconocida,37.4166248,-5.9642858
6536122536,desconocida,37.416565,-5.9643204
6536122537,desconocida,37.4165941,-5.9643753
6536122538,desconocida,37.4166457,-5.9644098
6536122539,desconocida,37.4166619,-5.9643163
6536122540,desconocida,37.4166732,-5.9642269
6536122541,desconocida,37.416628,-5.9641964
6536122542,desconocida,37.4165844,-5.9641273
6536122543,desconocida,37.4166441,-5.9640927
6536122544,desconocida,37.4166861,-5.9641354
6536122545,desconocida,37.4166861,-5.964048
6536122546,desconocida,37.4166861,-5.9640439
6536122547,desconocida,37.4167249,-5.9639525
6536122548,desconocida,37.4166829,-5.9639809
6536122549,desconocida,37.4166393,-5.9640053
6536122550,desconocida,37.4165779,-5.9640541
6536122551,desconocida,37.4165392,-5.9640805
6536122552,desconocida,37.4164972,-5.9641171
6536122553,desconocida,37.4164536,-5.9641456
6536122554,desconocida,37.4163971,-5.9641822
6536122555,desconocida,37.4163584,-5.9642269
6536122556,desconocida,37.417338,-5.9627516
6536122557,desconocida,37.4174251,-5.9625686
6536122558,desconocida,37.4173799,-5.9626296
6536122559,desconocida,37.4171571,-5.9627353
6536122560,desconocida,37.4170829,-5.9626052
6536122561,desconocida,37.4173912,-5.9621275
6536122562,desconocida,37.4174203,-5.9620706
6536122563,desconocida,37.4173509,-5.9619771
6536122564,desconocida,37.417388,-5.9619527
6536122565,desconocida,37.4173202,-5.9619425
6536122566,desconocida,37.4171652,-5.9619059
6536122567,desconocida,37.4170813,-5.9619385
6536122568,desconocida,37.417049,-5.9619933
6536122569,desconocida,37.4170199,-5.9619263
6536122570,desconocida,37.4170554,-5.9618511
6536122571,desconocida,37.4172976,-5.9623165
6536122572,desconocida,37.417233,-5.9623592
6536122573,desconocida,37.417191,-5.9623918
6536122574,desconocida,37.4171442,-5.9624324
6536122575,desconocida,37.4169876,-5.96253
6536122576,desconocida,37.416944,-5.9625706
6536122577,desconocida,37.4168875,-5.9626032
6536122578,desconocida,37.4168439,-5.9626377
6536122579,desconocida,37.4168036,-5.9626601
6536122580,desconocida,37.4167535,-5.9626987
6536122581,desconocida,37.4165114,-5.9628329
6536122582,desconocida,37.4164726,-5.9628512
6536122583,desconocida,37.416408,-5.9628634
6536122584,desconocida,37.4163402,-5.9628999
6536122585,desconocida,37.4162934,-5.9629406
6536122586,desconocida,37.416245,-5.9629569
6536122587,desconocida,37.4160076,-5.9630971
6536122588,desconocida,37.4160819,-5.9630382
6536122589,desconocida,37.4159544,-5.9631134
6536122590,desconocida,37.4163644,-5.9626011
6536122591,desconocida,37.4163241,-5.9626215
6536122592,desconocida,37.4158187,-5.9632089
6536122593,desconocida,37.4157574,-5.9632455
6536122594,desconocida,37.4156767,-5.9632923
6536122595,desconocida,37.4156153,-5.9633431
6536122596,desconocida,37.4155685,-5.9634772
6536122597,desconocida,37.4158833,-5.9628166
6536122598,desconocida,37.4149243,-5.9624019
6536122599,desconocida,37.4149275,-5.9622474
6536122600,desconocida,37.4148888,-5.9622922
6536122601,desconocida,37.4148581,-5.9623165
6536122602,desconocida,37.4148161,-5.9623491
6536122603,desconocida,37.4149824,-5.9622108
6536122604,desconocida,37.4148226,-5.9628573
6536122605,desconocida,37.4146757,-5.9628349
6536122606,desconocida,37.4143689,-5.9624466
6536122607,desconocida,37.414398,-5.9623674
6536122608,desconocida,37.4144141,-5.962282
6536122609,desconocida,37.4144335,-5.9621905
6536122610,desconocida,37.4144529,-5.9620929
6536122611,desconocida,37.41449,-5.9620015
6536122612,desconocida,37.4145271,-5.961912
6536122613,desconocida,37.4145562,-5.9618389
6536122614,desconocida,37.4145869,-5.9617596
6536122615,desconocida,37.4144755,-5.96166
6536122616,desconocida,37.4144755,-5.9616966
6536122617,desconocida,37.414448,-5.9618165
6536122618,desconocida,37.4143931,-5.9617108
6536122619,desconocida,37.4141849,-5.961845
6536122620,desconocida,37.4142236,-5.9617718
6536122621,desconocida,37.4141671,-5.9617189
6536122622,desconocida,37.4142075,-5.9616437
6536122623,desconocida,37.4142188,-5.9623918
6536122624,desconocida,37.4142171,-5.9623206
6536122625,desconocida,37.4142688,-5.9622922
6536122626,desconocida,37.4143124,-5.9621783
6536122627,desconocida,37.4142204,-5.9622495
6536122628,desconocida,37.4143205,-5.9620929
6536122629,desconocida,37.4142785,-5.9620259
6536122630,desconocida,37.4141219,-5.9614608
6536122631,desconocida,37.4141219,-5.9613286
6536122632,desconocida,37.4140573,-5.9611274
6536122633,desconocida,37.4139863,-5.9611376
6536122634,desconocida,37.4138894,-5.9611254
6536122635,desconocida,37.4138232,-5.9611518
6536122636,desconocida,37.4137893,-5.9612534
6536122637,desconocida,37.4139314,-5.9615217
6536122638,desconocida,37.4138716,-5.9614933
6536122639,desconocida,37.4138716,-5.9616275
6536122640,desconocida,37.4137812,-5.9614974
6536122641,desconocida,37.4136698,-5.9615502
6536122642,desconocida,37.4135697,-5.961538
6536122643,desconocida,37.4136117,-5.961416
6536122644,desconocida,37.4136537,-5.9611965
6536122645,desconocida,37.4135681,-5.9613835
6536122646,desconocida,37.413552,-5.9611863
6536122647,desconocida,37.4134373,-5.9612616
6536122648,desconocida,37.4133727,-5.9615177
6536122649,desconocida,37.4133404,-5.9612575
6536122650,desconocida,37.4132969,-5.9613652
6536122651,desconocida,37.4131822,-5.9614852
6536122652,desconocida,37.4131386,-5.9614974
6536122653,desconocida,37.4131063,-5.9615827
6536122654,desconocida,37.4130095,-5.9615746
6536122655,desconocida,37.4129901,-5.9615116
6536122656,desconocida,37.4128238,-5.9615807
6536122657,desconocida,37.4128932,-5.9615705
6536122658,desconocida,37.4131128,-5.961227
6536122659,desconocida,37.413066,-5.9611518
6536122660,desconocida,37.4129368,-5.9610298
6536122661,desconocida,37.4131596,-5.9623226
6536122662,desconocida,37.4131176,-5.9623003
6536122663,desconocida,37.4131096,-5.9621885
6536122664,desconocida,37.4130579,-5.9621621
6536122665,desconocida,37.4130498,-5.9620564
6536122666,desconocida,37.4129239,-5.9619994
6536122667,desconocida,37.4128868,-5.9620645
6536122668,desconocida,37.4127883,-5.9619364
6536122669,desconocida,37.4128512,-5.9618937
6536122670,desconocida,37.4127398,-5.9616214
6536122671,desconocida,37.4126704,-5.9616722
6536122672,desconocida,37.4126026,-5.9617128
6536122673,desconocida,37.4125122,-5.9617047
6536122674,desconocida,37.4124315,-5.961721
6536122675,desconocida,37.4123071,-5.9617535
6536122676,desconocida,37.4122167,-5.9617535
6536122677,desconocida,37.4124589,-5.9610928
6536122678,desconocida,37.4123685,-5.9611477
6536122679,desconocida,37.4122813,-5.9611884
6536122680,desconocida,37.4122119,-5.9612209
6536122681,desconocida,37.4121392,-5.9612819
6536122682,desconocida,37.4120407,-5.9613957
6536122683,desconocida,37.4125638,-5.9621519
6536122684,desconocida,37.4128453,-5.9624071
6536122685,desconocida,37.4127955,-5.9624518
6536122686,desconocida,37.4126935,-5.9625218
6536122687,desconocida,37.4126415,-5.9625125
6536122688,desconocida,37.4126304,-5.9627203
6536122689,desconocida,37.4129012,-5.9626666
6536122690,desconocida,37.4124097,-5.9628744
6536122691,desconocida,37.412304,-5.9630752
6536122692,desconocida,37.4122576,-5.9631826
6536122693,desconocida,37.4121983,-5.9633671
6536122694,desconocida,37.4121612,-5.9634675
6536122695,desconocida,37.4134947,-5.9622393
6536122696,desconocida,37.4134891,-5.9619497
6536122697,desconocida,37.4134872,-5.9618867
6536122698,desconocida,37.4135429,-5.9619147
6536122699,desconocida,37.4133648,-5.9625312
6536122700,desconocida,37.413426,-5.9625382
6536122701,desconocida,37.4135447,-5.9625335
6536122702,desconocida,37.4136504,-5.9625172
6536122703,desconocida,37.4137395,-5.9625125
6536122704,desconocida,37.4136412,-5.9623887
6536122705,desconocida,37.4135132,-5.9624051
6536122706,desconocida,37.413643,-5.9622346
6536122707,desconocida,37.4136115,-5.9621879
6536122708,desconocida,37.4138507,-5.9625148
6536122709,desconocida,37.4142458,-5.9610835
6536122710,desconocida,37.4142903,-5.9610788
6536122711,desconocida,37.41437,-5.9611068
6536122712,desconocida,37.4144201,-5.9610765
6536122713,desconocida,37.4145036,-5.9611068
6536122714,desconocida,37.4146019,-5.9610064
6536122715,desconocida,37.414587,-5.9611278
6536122716,desconocida,37.4146668,-5.9608313
6536122717,desconocida,37.4147131,-5.9607029
6536122718,desconocida,37.4146111,-5.9616415
6536122719,desconocida,37.4146297,-5.9615201
6536122720,desconocida,37.4146649,-5.9614057
6536122721,desconocida,37.4147576,-5.9612119
6536122722,desconocida,37.4147076,-5.9613053
6536122723,desconocida,37.4147706,-5.9610368
6536122724,desconocida,37.4148448,-5.960878
6536122725,desconocida,37.4148986,-5.9609013
6536122726,desconocida,37.4149487,-5.9608453
6536122727,desconocida,37.4149171,-5.9606795
6536122728,desconocida,37.4149394,-5.9606678
6536122729,desconocida,37.4151137,-5.9606702
6536122730,desconocida,37.4151453,-5.9607916
6536122731,desconocida,37.4150599,-5.9608149
6536122732,desconocida,37.4150154,-5.9608686
6536122733,desconocida,37.4150766,-5.9611442
6536122734,desconocida,37.4151601,-5.9610998
6536122735,desconocida,37.4152547,-5.9610881
6536122736,desconocida,37.4152584,-5.9611815
6536122737,desconocida,37.4151564,-5.9612142
6536122738,desconocida,37.4151119,-5.9612843
6536122739,desconocida,37.4149858,-5.9613403
6536122740,desconocida,37.4149431,-5.9612142
6536122741,desconocida,37.4148522,-5.9610998
6536122742,desconocida,37.4148596,-5.9612422
6536122743,desconocida,37.4150117,-5.9604717
6536122744,desconocida,37.4150321,-5.9603946
6536122745,desconocida,37.4150896,-5.9602872
6536122746,desconocida,37.4151137,-5.9602312
6536122747,desconocida,37.4149746,-5.9601938
6536122748,desconocida,37.4149227,-5.9603106
6536122749,desconocida,37.415149,-5.9600771
6536122750,desconocida,37.4153641,-5.9607846
6536122751,desconocida,37.4153659,-5.9608803
6536122752,desconocida,37.4153622,-5.9609714
6536122753,desconocida,37.4153437,-5.9610835
6536122754,desconocida,37.4153956,-5.9611909
6536122755,desconocida,37.4152881,-5.9612609
6536122756,desconocida,37.4152343,-5.9613146
6536122757,desconocida,37.4151415,-5.9613637
6536122758,desconocida,37.4155199,-5.9615038
6536122759,desconocida,37.4156349,-5.9614898
6536122760,desconocida,37.4155996,-5.9615948
6536122761,desconocida,37.4156404,-5.9613473
6536122762,desconocida,37.4155922,-5.9612773
6536122763,desconocida,37.4155013,-5.961345
6536122764,desconocida,37.4157906,-5.9614968
6536122765,desconocida,37.4157758,-5.9616509
6536122766,desconocida,37.4157443,-5.9616999
6536122767,desconocida,37.4157906,-5.961861
6536122768,desconocida,37.4156571,-5.9618447
6536122769,desconocida,37.4156682,-5.9619241
6536122770,desconocida,37.4154049,-5.9621739
6536122771,desconocida,37.4153196,-5.9620595
6536122772,desconocida,37.4161764,-5.96131
6536122773,desconocida,37.4162969,-5.9612166
6536122774,desconocida,37.4163155,-5.9612843
6536122775,desconocida,37.4164787,-5.9613053
6536122776,desconocida,37.4163711,-5.9607519
6536122777,desconocida,37.4164193,-5.9605955
6536122778,desconocida,37.4162747,-5.960899
6536122779,desconocida,37.4161875,-5.9609504
6536122780,desconocida,37.4161115,-5.9609737
6536122781,desconocida,37.416054,-5.9609877
6536122782,desconocida,37.4161393,-5.960857
6536122783,desconocida,37.4162024,-5.9608196
6536122784,desconocida,37.4171964,-5.9603339
6536122785,desconocida,37.4172224,-5.960418
6536122786,desconocida,37.4172557,-5.9605067
6536122787,desconocida,37.4172687,-5.9605978
6536122788,desconocida,37.4172965,-5.9606795
6536122789,desconocida,37.4173114,-5.9607449
6536122790,desconocida,37.4173318,-5.9608079
6536122791,desconocida,37.4173559,-5.960857
6536122792,desconocida,37.4173856,-5.960892
6536122793,desconocida,37.4173967,-5.9609644
6536122794,desconocida,37.417406,-5.9610228
6536122795,desconocida,37.4174245,-5.9610718
6536122796,desconocida,37.4174486,-5.9611208
6536122797,desconocida,37.4172761,-5.9612376
6536122798,desconocida,37.417202,-5.9610858
6536122799,desconocida,37.4171408,-5.9608827
6536122800,desconocida,37.4170981,-5.9608803
6536122801,desconocida,37.4170295,-5.9608196
6536122802,desconocida,37.4173299,-5.9617116
6536122803,desconocida,37.4181886,-5.960864
6539605414,desconocida,37.4219386,-5.9978349
6539605415,desconocida,37.4217563,-5.9978766
6539605416,desconocida,37.4212397,-5.9980113
6539605417,desconocida,37.4201022,-5.9983169
6539605418,desconocida,37.4180541,-6.0010458
6539812780,desconocida,37.4183984,-5.9985725
6539812781,desconocida,37.418449,-5.9985159
6539812782,desconocida,37.4185445,-5.9985513
6539812783,desconocida,37.4186008,-5.9984946
6539812784,desconocida,37.4186935,-5.9984132
6539817285,desconocida,37.4187666,-5.9984451
6539817286,desconocida,37.4186738,-5.9981726
6539817287,desconocida,37.4186317,-5.9980027
6539817288,desconocida,37.4186176,-5.9979213
6539817289,desconocida,37.4185249,-5.9984522
6539817290,desconocida,37.4182691,-5.9985548
6539817291,desconocida,37.4182578,-5.9987636
6539817292,desconocida,37.4183253,-5.99893
6539817293,desconocida,37.4180189,-5.9988379
6539817294,desconocida,37.4178587,-5.9988839
6539817296,desconocida,37.4177266,-5.9987601
6539817297,desconocida,37.4177153,-5.9986468
6539817298,desconocida,37.4178081,-5.9987105
6539817299,desconocida,37.4178924,-5.9987318
6539817300,desconocida,37.4179458,-5.9987282
6539817301,desconocida,37.4179402,-5.9986433
6539817302,desconocida,37.4180301,-5.9986079
6539817303,desconocida,37.4179824,-5.9985229
6539817304,desconocida,37.4180639,-5.998484
6539817305,desconocida,37.4181566,-5.9985194
6539817306,desconocida,37.41821,-5.9986504
6539817307,desconocida,37.4181398,-5.9984451
6539817308,desconocida,37.4174736,-5.9988061
6539817310,desconocida,37.4173921,-5.9988202
6539817311,desconocida,37.4175691,-5.9988273
6539817312,desconocida,37.4176338,-5.9988096
6539817313,desconocida,37.4176029,-5.9986893
6539817314,desconocida,37.417631,-5.998569
6539817318,desconocida,37.4175523,-5.9984628
6539817319,desconocida,37.4154933,-5.9978796
6539817320,desconocida,37.4155338,-5.9977643
6539817321,desconocida,37.4155104,-5.9976784
6539817322,desconocida,37.4154891,-5.9974773
6539817323,desconocida,37.4157085,-5.9973432
6539817324,desconocida,37.4158683,-5.9973593
6539817325,desconocida,37.4158043,-5.9972332
6539817326,desconocida,37.4159407,-5.9974424
6539817327,desconocida,37.4158725,-5.9960262
6539817328,desconocida,37.4158853,-5.9955085
6539817329,desconocida,37.4158687,-5.9953396
6539817330,desconocida,37.4156488,-5.9958143
6539817331,desconocida,37.4157852,-5.9959779
6539817332,desconocida,37.4153996,-5.9966458
6539817333,desconocida,37.4153911,-5.9965358
6539817334,desconocida,37.415374,-5.9967584
6539817335,desconocida,37.4153101,-5.9965895
6539817336,desconocida,37.4154315,-5.997024
6539817337,desconocida,37.4152952,-5.9959618
6539817338,desconocida,37.4152952,-5.996214
6539817339,desconocida,37.4153101,-5.9963749
6539817340,desconocida,37.4152057,-5.9957633
6539817341,desconocida,37.4151951,-5.9955917
6539817342,desconocida,37.4150651,-5.9949319
6539817343,desconocida,37.4151312,-5.994964
6539817344,desconocida,37.4151461,-5.9950901
6539817345,desconocida,37.4151929,-5.9951786
6539817346,desconocida,37.41521,-5.9953127
6539817347,desconocida,37.4151695,-5.9954898
6539817348,desconocida,37.4151162,-5.9947441
6539817349,desconocida,37.4151525,-5.9948353
6539817350,desconocida,37.4152313,-5.9948407
6539817351,desconocida,37.4152291,-5.9949962
6539817352,desconocida,37.4153165,-5.9949399
6539817353,desconocida,37.4153612,-5.9952108
6539817354,desconocida,37.415406,-5.9948031
6539817355,desconocida,37.4154294,-5.9943418
6539817356,desconocida,37.4155146,-5.9941996
6539817357,desconocida,37.4155444,-5.9942533
6539817358,desconocida,37.4153463,-5.9936256
6539817359,desconocida,37.4154166,-5.993462
6539817360,desconocida,37.4154592,-5.9935666
6539817361,desconocida,37.4156233,-5.9938214
6539817362,desconocida,37.415636,-5.9937463
6539817363,desconocida,37.4157553,-5.9940923
6539817364,desconocida,37.415717,-5.9940065
6539817365,desconocida,37.4157724,-5.9942184
6539817366,desconocida,37.4157063,-5.994213
6539817367,desconocida,37.415596,-5.9934029
6539817368,desconocida,37.4155594,-5.9933494
6539817369,desconocida,37.4159939,-5.9939958
6539817370,desconocida,37.4160898,-5.9940011
6539817371,desconocida,37.4159684,-5.9937892
6539817372,desconocida,37.4158214,-5.9944598
6539817373,desconocida,37.4158086,-5.9936015
6539817374,desconocida,37.415766,-5.9931267
6539817375,desconocida,37.4156808,-5.9931106
6539817376,desconocida,37.4156637,-5.9932179
6539817377,desconocida,37.4157703,-5.9930007
6539817378,desconocida,37.4158874,-5.9930677
6539817379,desconocida,37.4158469,-5.9930704
6539817380,desconocida,37.4158896,-5.9929095
6539817381,desconocida,37.4164669,-5.993698
6539817382,desconocida,37.4164988,-5.9935586
6539817383,desconocida,37.4164136,-5.9935827
6539817384,desconocida,37.4164413,-5.9934513
6539817385,desconocida,37.4163944,-5.9934566
6539817386,desconocida,37.4162986,-5.9934942
6539817387,desconocida,37.4162645,-5.9935773
6539817388,desconocida,37.4163497,-5.9937115
6539817389,desconocida,37.4164157,-5.9937866
6539817390,desconocida,37.4162901,-5.993757
6539817391,desconocida,37.4161431,-5.9937302
6539817392,desconocida,37.4161111,-5.9935559
6539817393,desconocida,37.41606,-5.9937007
6539817394,desconocida,37.4159194,-5.9936793
6539817395,desconocida,37.415766,-5.9937088
6539817396,desconocida,37.4162304,-5.9934191
6539817397,desconocida,37.4162134,-5.9934888
6539817398,desconocida,37.4163817,-5.9933681
6539817399,desconocida,37.416633,-5.9937195
6539817400,desconocida,37.4168375,-5.9937839
6539817401,desconocida,37.4168802,-5.9937195
6539817402,desconocida,37.4167779,-5.9936685
6539817403,desconocida,37.4167396,-5.9935854
6539817404,desconocida,37.4166245,-5.9935344
6539817405,desconocida,37.4166075,-5.9936417
6539817406,desconocida,37.4165862,-5.993462
6539817407,desconocida,37.4165287,-5.993175
6539817408,desconocida,37.4165052,-5.9933386
6539817409,desconocida,37.4165817,-5.9930766
6539817410,desconocida,37.4165095,-5.9930168
6539817411,desconocida,37.4165563,-5.9928773
6539817412,desconocida,37.4163327,-5.9929229
6539817413,desconocida,37.4162624,-5.9928585
6539817414,desconocida,37.4161282,-5.9928692
6539817415,desconocida,37.4161345,-5.9927405
6539817416,desconocida,37.4159726,-5.9928478
6539817417,desconocida,37.4159748,-5.9929336
6539817418,desconocida,37.4160515,-5.9930168
6539817419,desconocida,37.4161409,-5.9930543
6539817420,desconocida,37.4162155,-5.9930007
6539817421,desconocida,37.4162751,-5.9931884
6539817422,desconocida,37.4161814,-5.993116
6539817423,desconocida,37.4161303,-5.9932126
6539817424,desconocida,37.4160429,-5.993293
6539817425,desconocida,37.4161175,-5.9933708
6539817426,desconocida,37.4159087,-5.9932743
6539817427,desconocida,37.4159513,-5.9933923
6539817428,desconocida,37.4160451,-5.9933869
6539817429,desconocida,37.4160152,-5.9931991
6539817430,desconocida,37.4160728,-5.993108
6539817431,desconocida,37.4158363,-5.9934164
6540483772,desconocida,37.4171795,-5.9997409
6540483773,desconocida,37.4170811,-5.9998507
6540483774,desconocida,37.4170162,-5.9997522
6540483775,desconocida,37.4171169,-5.9996621
6540483776,desconocida,37.4171951,-5.9995692
6540483777,desconocida,37.4170923,-5.9994988
6540483778,desconocida,37.4169849,-5.9995157
6540483779,desconocida,37.4169626,-5.9996339
6540483780,desconocida,37.4169066,-5.9997015
6540483781,desconocida,37.4168709,-5.9995804
6540483782,desconocida,37.4169268,-5.9994622
6540483783,desconocida,37.4170609,-5.9993834
6540483784,desconocida,37.4169961,-5.9993299
6540503185,desconocida,37.4167993,-5.9993721
6540503186,desconocida,37.4167479,-5.9996762
6540503187,desconocida,37.4168217,-5.9997691
6540503188,desconocida,37.4166964,-5.9997888
6540503189,desconocida,37.4165846,-5.9996987
6540503190,desconocida,37.4169402,-5.9998761
6540503191,desconocida,37.4168821,-5.9999352
6540503192,desconocida,37.4170229,-5.9999746
6540503193,desconocida,37.4171504,-5.9999634
6540503194,desconocida,37.4170788,-6.0000788
6540503195,desconocida,37.4172108,-5.9998395
6540503196,desconocida,37.4173226,-5.9998141
6540503197,desconocida,37.4172756,-5.9997325
6540503198,desconocida,37.417298,-5.9996086
6540503199,desconocida,37.4173248,-5.9994791
6540503200,desconocida,37.4173695,-5.9993974
6540503201,desconocida,37.4174568,-5.9994932
6540503202,desconocida,37.4174053,-5.9995692
6540503203,desconocida,37.4175015,-5.9993608
6540503204,desconocida,37.4172577,-5.9993214
6540503205,desconocida,37.4171593,-5.9993299
6540503206,desconocida,37.4172712,-5.9994031
6540503207,desconocida,37.4171929,-5.9994031
6540503208,desconocida,37.4172421,-5.9996705
6540503209,desconocida,37.4172644,-5.9995129
6540503210,desconocida,37.4165104,-5.9996194
6540503211,desconocida,37.4164803,-5.9994488
6540503212,desconocida,37.4164263,-5.9994598
6540503213,desconocida,37.4164063,-5.9995862
6540503214,desconocida,37.4173336,-6.0002541
6540503215,desconocida,37.4172159,-6.0002451
6540503216,desconocida,37.4174121,-6.0001194
6540503217,desconocida,37.4175244,-6.0001329
6540503218,desconocida,37.4174852,-5.9999802
6540503219,desconocida,37.4173639,-6.0000206
6540503220,desconocida,37.4174031,-5.9999151
6540503221,desconocida,37.4173835,-6.0003507
6540503222,desconocida,37.4174602,-6.0004337
6540503223,desconocida,37.4174905,-6.0003305
6540503224,desconocida,37.4174245,-6.0002317
6540503225,desconocida,37.4175743,-6.0002541
6540503226,desconocida,37.4176118,-6.0001688
6540503227,desconocida,37.4176956,-6.0001553
6540503228,desconocida,37.4177633,-6.0002339
6540503229,desconocida,37.4176956,-6.0002878
6540503230,desconocida,37.4176439,-6.0004292
6540503231,desconocida,37.4177526,-6.0004741
6540503232,desconocida,37.4178275,-6.0004023
6540503233,desconocida,37.4177277,-6.0006291
6540503234,desconocida,37.4176064,-6.0005303
6540503235,desconocida,37.4176849,-6.0000521
6540503236,desconocida,37.4177705,-6.0000835
6540503237,desconocida,37.4176546,-5.999978
6540503238,desconocida,37.417733,-5.999978
6540503239,desconocida,37.4178061,-6.0000027
6540503240,desconocida,37.4178739,-6.0000902
6540503241,desconocida,37.4178935,-6.0002833
6540503242,desconocida,37.4178489,-6.0002025
6540503243,desconocida,37.4175939,-5.9998141
6540503244,desconocida,37.4176314,-5.9997423
6540503245,desconocida,37.4177669,-5.9997849
6540503246,desconocida,37.4177294,-5.9997018
6540503247,desconocida,37.4177794,-5.999612
6540503248,desconocida,37.417865,-5.9996771
6540503249,desconocida,37.4178596,-5.9997939
6540503250,desconocida,37.4176688,-5.99963
6540503251,desconocida,37.4175707,-5.9996525
6540503252,desconocida,37.4175511,-5.9995514
6540503253,desconocida,37.4177134,-5.9995335
6540503254,desconocida,37.4176242,-5.9994504
6540503255,desconocida,37.4177615,-5.9994324
6540503256,desconocida,37.417815,-5.9994908
6540503257,desconocida,37.4178917,-5.9995357
6540503258,desconocida,37.4178525,-5.9994055
6540503259,desconocida,37.417774,-5.9993112
6540503260,desconocida,37.4176813,-5.9993067
6540503261,desconocida,37.4176082,-5.9993516
6540503262,desconocida,37.4177419,-5.999181
6540503263,desconocida,37.4177045,-5.9998365
6540503264,desconocida,37.4175351,-5.999877
6540503265,desconocida,37.4179291,-5.9991832
6540503266,desconocida,37.4179381,-5.9993134
6540503267,desconocida,37.4178685,-5.999291
6540503268,desconocida,37.417947,-5.9994369
6540503269,desconocida,37.4179488,-5.9995761
6540503270,desconocida,37.4179398,-5.9996861
6540503271,desconocida,37.4179648,-5.9998186
6540503272,desconocida,37.4179095,-5.9999331
6540503273,desconocida,37.4178168,-5.9992259
6540503274,desconocida,37.4174166,-5.9996896
6540503275,desconocida,37.417527,-5.9996892
6540503276,desconocida,37.418224,-5.9998647
6540503277,desconocida,37.4181835,-5.999543
6540503278,desconocida,37.4181294,-5.9996963
6540503279,desconocida,37.4180437,-5.9997001
6540503280,desconocida,37.4180181,-5.9999745
6540503281,desconocida,37.4180151,-6.0000804
6540503282,desconocida,37.4179941,-6.0002488
6540503283,desconocida,37.4180933,-5.999613
6540503284,desconocida,37.4180858,-5.9995355
6540503285,desconocida,37.4180632,-5.9994144
6540503286,desconocida,37.4180227,-5.9994844
6540503287,desconocida,37.4180347,-5.9996187
6540503288,desconocida,37.4184029,-5.9991608
6540503289,desconocida,37.4184209,-5.9990965
6540503290,desconocida,37.418466,-5.9990378
6540503291,desconocida,37.4184555,-5.9992365
6540503292,desconocida,37.4185216,-5.9993387
6540503293,desconocida,37.4185396,-5.9991703
6540503294,desconocida,37.4185276,-5.9990927
6540503295,desconocida,37.4185562,-5.9990151
6540503296,desconocida,37.4186178,-5.9989281
6540503297,desconocida,37.4186208,-5.9992214
6540503298,desconocida,37.4185381,-5.9989337
6540503299,desconocida,37.4184525,-5.9989621
6540503300,desconocida,37.4183533,-5.9990794
6540503301,desconocida,37.4182511,-5.9990151
6540503302,desconocida,37.4183112,-5.9991457
6540503303,desconocida,37.4182481,-5.9991419
6540503304,desconocida,37.4181549,-5.9990965
6540503305,desconocida,37.4181474,-5.9992195
6540503306,desconocida,37.4181564,-5.9993727
6540503307,desconocida,37.418203,-5.99942
6540503308,desconocida,37.4183202,-5.999543
6540503309,desconocida,37.4183773,-5.9995998
6540503310,desconocida,37.418487,-5.9995809
6540503311,desconocida,37.418472,-5.9994692
6540503312,desconocida,37.4183803,-5.9992895
6540503313,desconocida,37.4182887,-5.9994106
6540503314,desconocida,37.4183458,-5.9994484
6540503315,desconocida,37.4183037,-5.9992668
6540503316,desconocida,37.4182751,-5.9996187
6540503317,desconocida,37.4183172,-5.9997436
6540503318,desconocida,37.4183217,-5.9998004
6540503319,desconocida,37.4182421,-5.9996925
6540503320,desconocida,37.4183428,-5.9996679
6540503321,desconocida,37.4184344,-5.9997058
6540503322,desconocida,37.4183848,-5.9997493
6540503323,desconocida,37.4184946,-5.9997587
6540503324,desconocida,37.4185562,-5.9995298
6540503325,desconocida,37.4184555,-5.9998534
6540503326,desconocida,37.418445,-5.9999461
6540503327,desconocida,37.4183353,-5.9999499
6540503328,desconocida,37.418212,-6.0000161
6540503329,desconocida,37.4180723,-6.0003605
6540503330,desconocida,37.4179851,-6.0007295
6540503331,desconocida,37.4180332,-6.0005951
6540503332,desconocida,37.4178799,-6.0007011
6540503333,desconocida,37.4178964,-6.000807
6540503334,desconocida,37.4179655,-6.0008846
6540503335,desconocida,37.4180181,-6.0008222
6540503336,desconocida,37.4180798,-6.0008846
6540503337,desconocida,37.417943,-6.0005648
6540503338,desconocida,37.4179595,-6.0006519
6540503339,desconocida,37.4181985,-6.0008411
6540503340,desconocida,37.4182646,-6.0010133
6540503341,desconocida,37.4183818,-6.0010019
6540503342,desconocida,37.4184209,-6.0012271
6540503343,desconocida,37.4185351,-6.0013917
6540503344,desconocida,37.4183743,-6.0011306
6540503345,desconocida,37.4184615,-6.0010757
6540503346,desconocida,37.418445,-6.0009017
6540503347,desconocida,37.4184495,-6.0008014
6540503348,desconocida,37.4183773,-6.0009017
6540503349,desconocida,37.4183037,-6.0008089
6540503350,desconocida,37.4183548,-6.0004986
6540503351,desconocida,37.4183909,-6.0006405
6540503352,desconocida,37.4183157,-6.0006008
6540503353,desconocida,37.4181158,-6.0007635
6540503354,desconocida,37.4183172,-6.0003321
6540503355,desconocida,37.4183999,-6.0001977
6540503356,desconocida,37.4182481,-6.0002753
6540503357,desconocida,37.4182105,-6.0003737
6540503358,desconocida,37.4181324,-6.00058
6540503359,desconocida,37.4182781,-6.0001618
6540503360,desconocida,37.4182402,-6.0002059
6540503361,desconocida,37.4182029,-6.0004888
6540503362,desconocida,37.4187544,-6.0014942
6540503363,desconocida,37.4188217,-6.0013986
6540503364,desconocida,37.4188925,-6.0012486
6540503365,desconocida,37.4189822,-6.0012442
6540503366,desconocida,37.4189356,-6.0011703
6540503367,desconocida,37.4190202,-6.0011225
6540503368,desconocida,37.4190979,-6.0011443
6540503369,desconocida,37.419179,-6.0010312
6540503370,desconocida,37.4190824,-6.0010377
6540503371,desconocida,37.4190461,-6.0009552
6540503372,desconocida,37.4191307,-6.0008704
6540503373,desconocida,37.4192326,-6.0008486
6540503374,desconocida,37.4191186,-6.0007487
6540503375,desconocida,37.4189926,-6.0009008
6540503376,desconocida,37.4195882,-6.0003335
6540503377,desconocida,37.4196123,-6.0001835
6540503378,desconocida,37.4196779,-6.0002574
6540503379,desconocida,37.4196935,-6.0003422
6540503380,desconocida,37.4197832,-6.0002074
6540503381,desconocida,37.4198471,-6.0003074
6540503382,desconocida,37.4195312,-6.0001966
6540503383,desconocida,37.4194932,-6.0003683
6540503384,desconocida,37.4194829,-6.00064
6540503385,desconocida,37.4193758,-6.0004813
6540503386,desconocida,37.419419,-6.0003574
6540503387,desconocida,37.4193568,-6.0003835
6540503388,desconocida,37.4192826,-6.0005291
6540503389,desconocida,37.4193465,-6.0006204
6540503390,desconocida,37.4194328,-6.000766
6540503391,desconocida,37.419362,-6.000803
6540503392,desconocida,37.4194294,-6.0005313
6540503393,desconocida,37.4192032,-6.0005378
6540503394,desconocida,37.4188152,-6.0020978
6540503395,desconocida,37.4188606,-6.0020353
6540503396,desconocida,37.4189537,-6.0019052
6540503397,desconocida,37.4189826,-6.0018297
6540503398,desconocida,37.4188668,-6.0017334
6540503399,desconocida,37.4190177,-6.0015512
6540503400,desconocida,37.4191397,-6.0015408
6540503401,desconocida,37.4191728,-6.0014393
6540503402,desconocida,37.4192555,-6.0014601
6540503403,desconocida,37.4192803,-6.0013742
6540503404,desconocida,37.4194002,-6.0013664
6540503405,desconocida,37.4194105,-6.0014419
6540503406,desconocida,37.4193981,-6.0012571
6540503407,desconocida,37.4192968,-6.001218
6540503408,desconocida,37.4192183,-6.0012597
6540503409,desconocida,37.4191955,-6.0013378
6540503410,desconocida,37.4192369,-6.001598
6540503411,desconocida,37.4193506,-6.0016996
6540503412,desconocida,37.419301,-6.0016683
6540503413,desconocida,37.4196669,-6.0014627
6540503414,desconocida,37.4196793,-6.001382
6540503415,desconocida,37.4194002,-6.0016137
6540503416,desconocida,37.4194684,-6.0015954
6540503417,desconocida,37.4195031,-6.0017053
6540503418,desconocida,37.4195263,-6.0015096
6540503419,desconocida,37.4194808,-6.00133
6540503420,desconocida,37.419607,-6.0014707
6540503421,desconocida,37.4196672,-6.0015234
6540503422,desconocida,37.4198137,-6.0014624
6540503423,desconocida,37.4199131,-6.0014476
6540503424,desconocida,37.4199668,-6.0013867
6540503425,desconocida,37.4200296,-6.0013653
6540503426,desconocida,37.4200885,-6.0012615
6540503427,desconocida,37.4199524,-6.0012878
6540503428,desconocida,37.419955,-6.001334
6540503429,desconocida,37.4199118,-6.0013653
6540503430,desconocida,37.4198102,-6.0011923
6540503431,desconocida,37.4197147,-6.0011167
6540503432,desconocida,37.4195961,-6.0011957
6540503433,desconocida,37.4196288,-6.0012884
6540503434,desconocida,37.4198879,-6.0010721
6540503435,desconocida,37.4199288,-6.0011957
6540503436,desconocida,37.4198279,-6.0010137
6540503437,desconocida,37.4197065,-6.0008076
6540503438,desconocida,37.4196752,-6.000957
6540503439,desconocida,37.4197597,-6.0009467
6540503440,desconocida,37.4197502,-6.0010103
6540503441,desconocida,37.4196329,-6.0009999
6540503442,desconocida,37.4196206,-6.0009124
6540503443,desconocida,37.4196043,-6.0008282
6540503444,desconocida,37.4198688,-6.0006548
6540503445,desconocida,37.4198238,-6.0005535
6540503446,desconocida,37.4197897,-6.0006617
6540503447,desconocida,37.4200243,-6.001024
6540503448,desconocida,37.4201021,-6.0010721
6540503449,desconocida,37.4199766,-6.0011493
6540503450,desconocida,37.4203353,-6.0008111
6540503451,desconocida,37.4202698,-6.0008746
6540503452,desconocida,37.4202125,-6.0009519
6540503453,desconocida,37.4203025,-6.000933
6540503454,desconocida,37.4203844,-6.0009089
6540503455,desconocida,37.4204389,-6.000878
6540503456,desconocida,37.4204853,-6.0009484
6540503457,desconocida,37.4204198,-6.0009708
6540503458,desconocida,37.4203721,-6.0010034
6540503459,desconocida,37.4202834,-6.0010257
6540503460,desconocida,37.420398,-6.0010755
6540503461,desconocida,37.4204648,-6.0010326
6540503462,desconocida,37.4205889,-6.0010652
6540503463,desconocida,37.420578,-6.0011442
6540503464,desconocida,37.4204948,-6.001103
6540503465,desconocida,37.4204989,-6.0011991
6540503466,desconocida,37.4204307,-6.0011545
6540503467,desconocida,37.4203707,-6.001182
6540503468,desconocida,37.419907,-6.0005105
6540503469,desconocida,37.4200066,-6.0005208
6540503470,desconocida,37.4199725,-6.0004504
6540503471,desconocida,37.420027,-6.0004367
6540503472,desconocida,37.4200857,-6.0004075
6540503473,desconocida,37.420158,-6.0003835
6540503474,desconocida,37.4201389,-6.0004659
6540503475,desconocida,37.4199629,-6.0005621
6540503476,desconocida,37.420263,-6.0004298
6540503477,desconocida,37.4202521,-6.0005208
6540503478,desconocida,37.4203516,-6.0006342
6540503479,desconocida,37.4203994,-6.0006977
6540503480,desconocida,37.4203366,-6.000538
6540503481,desconocida,37.4204389,-6.000593
6540503482,desconocida,37.420353,-6.0007097
6540503483,desconocida,37.4204416,-6.0004315
6540503484,desconocida,37.4205889,-6.0005535
6540503485,desconocida,37.4206503,-6.0006153
6540503486,desconocida,37.420709,-6.0006342
6540503487,desconocida,37.4207867,-6.0005844
6540503488,desconocida,37.420664,-6.0005208
6540503489,desconocida,37.420724,-6.0004659
6540503490,desconocida,37.4206326,-6.0004556
6540503491,desconocida,37.420563,-6.0004298
6540535566,desconocida,37.4190184,-5.9958772
6540535567,desconocida,37.4194211,-5.9955982
6540535568,desconocida,37.4197832,-5.9970037
6540535569,desconocida,37.4197172,-5.9970225
6540535570,desconocida,37.4198684,-5.9971646
6540535571,desconocida,37.4195425,-5.9972183
6540535572,desconocida,37.4200197,-5.9971807
6540535573,desconocida,37.4199834,-5.9972746
6540535574,desconocida,37.4199579,-5.9974302
6540535575,desconocida,37.4200026,-5.9975401
6540535576,desconocida,37.4197108,-5.9976233
6540535577,desconocida,37.4199281,-5.9977118
6540535578,desconocida,37.419862,-5.9977601
6540535579,desconocida,37.4200239,-5.997457
6540535580,desconocida,37.420075,-5.9974302
6540535581,desconocida,37.4205522,-5.9977949
6540535582,desconocida,37.4204201,-5.9976179
6540535583,desconocida,37.4204968,-5.9975455
6540535584,desconocida,37.4204861,-5.9977064
6540607468,desconocida,37.4196248,-5.9983531
6540607469,desconocida,37.4196176,-5.9982793
6540607470,desconocida,37.4196713,-5.9983323
6540607471,desconocida,37.4195701,-5.9982828
6540607472,desconocida,37.4194787,-5.9983854
6540607473,desconocida,37.4194183,-5.9983907
6540607474,desconocida,37.4193845,-5.9984332
6540607475,desconocida,37.4193733,-5.9983412
6540607476,desconocida,37.4193564,-5.9984137
6540607477,desconocida,37.4193382,-5.998442
6540607478,desconocida,37.4192032,-5.9984933
6540607479,desconocida,37.4191344,-5.9984544
6540607480,desconocida,37.4192046,-5.9984226
6540607481,desconocida,37.4192693,-5.9984403
6540607482,desconocida,37.4192524,-5.9981642
6540607483,desconocida,37.4196235,-5.997444
6540607484,desconocida,37.419303,-5.9983535
6540618607,desconocida,37.4179017,-5.9967572
6540618608,desconocida,37.4178989,-5.9966475
6540618609,desconocida,37.4179078,-5.9963816
6540618610,desconocida,37.4182491,-5.9954712
6540618611,desconocida,37.4168029,-5.9959564
6540618612,desconocida,37.4167222,-5.9958332
6540618613,desconocida,37.4166904,-5.995673
6540618614,desconocida,37.4166451,-5.9956237
6540618615,desconocida,37.4166537,-5.9954989
6540618616,desconocida,37.4168384,-5.9962861
6540618617,desconocida,37.4167577,-5.9961382
6540618618,desconocida,37.416798,-5.9960535
6540618619,desconocida,37.4167283,-5.9960596
6540618620,desconocida,37.4167038,-5.995961
6540618621,desconocida,37.4166708,-5.9958532
6540618622,desconocida,37.4166512,-5.995978
6540618623,desconocida,37.4166524,-5.9959148
6540618624,desconocida,37.4167369,-5.9959179
6540618625,desconocida,37.4166708,-5.9961135
6540618626,desconocida,37.4167197,-5.996169
6540618627,desconocida,37.4167772,-5.9962214
6540618628,desconocida,37.4167479,-5.996263
6540618629,desconocida,37.4169045,-5.9961598
6540618630,desconocida,37.4167515,-5.9963431
6540618631,desconocida,37.4167209,-5.9965449
6540618632,desconocida,37.4167834,-5.9965249
6540618633,desconocida,37.4168421,-5.9965125
6540618634,desconocida,37.4167748,-5.9964109
6540618635,desconocida,37.4168617,-5.9964478
6540618636,desconocida,37.4168188,-5.9964032
6540618637,desconocida,37.416869,-5.9963631
6540618638,desconocida,37.4167234,-5.9966697
6540618639,desconocida,37.4167821,-5.9966558
6540618640,desconocida,37.416732,-5.9969593
6540618641,desconocida,37.4167931,-5.9969809
6540618642,desconocida,37.4168152,-5.997044
6540618643,desconocida,37.4167442,-5.9970564
6540618644,desconocida,37.4167014,-5.9971303
6540618645,desconocida,37.4167662,-5.9971488
6540618646,desconocida,37.4167466,-5.9972381
6540618647,desconocida,37.416694,-5.9972428
6540618648,desconocida,37.4167295,-5.9973675
6540618649,desconocida,37.4166659,-5.9972967
6540618650,desconocida,37.4166414,-5.9974307
6540618651,desconocida,37.4165619,-5.9974107
6540618652,desconocida,37.4164677,-5.9974723
6540618653,desconocida,37.4165264,-5.9973629
6540618654,desconocida,37.4164542,-5.9973537
6540618655,desconocida,37.4165313,-5.9972766
6540618656,desconocida,37.4164089,-5.9973937
6540618657,desconocida,37.4164114,-5.9973336
6540618658,desconocida,37.4163796,-5.9974399
6540618659,desconocida,37.4163539,-5.9973259
6540618660,desconocida,37.4163967,-5.9972582
6540618661,desconocida,37.4164542,-5.9972489
6540618662,desconocida,37.4164138,-5.9971858
6540618663,desconocida,37.4165129,-5.9971519
6540618664,desconocida,37.4165215,-5.9972119
6540618665,desconocida,37.4165815,-5.9972227
6540618666,desconocida,37.4163111,-5.9971149
6540618667,desconocida,37.4163343,-5.9971858
6540618668,desconocida,37.4162364,-5.9970517
6540618669,desconocida,37.4163074,-5.997044
6540618670,desconocida,37.4162646,-5.9969994
6540618671,desconocida,37.4162425,-5.9969146
6540618672,desconocida,37.4163209,-5.9969254
6540618673,desconocida,37.4163172,-5.9968268
6540618674,desconocida,37.4163209,-5.9967575
6540618675,desconocida,37.4162939,-5.9966912
6540618676,desconocida,37.4163869,-5.9967097
6540618677,desconocida,37.4164395,-5.9967606
6540618678,desconocida,37.4163698,-5.9970101
6540618679,desconocida,37.4163796,-5.9970918
6540618680,desconocida,37.4164273,-5.9970641
6540618681,desconocida,37.4164493,-5.9969932
6540618682,desconocida,37.4164921,-5.996947
6540618683,desconocida,37.4165019,-5.9968114
6540618684,desconocida,37.4165472,-5.9968607
6540643385,desconocida,37.4166243,-5.9969146
6540643386,desconocida,37.4166463,-5.9969932
6540643387,desconocida,37.4166133,-5.996833
6540643388,desconocida,37.4166647,-5.9968823
6540643389,desconocida,37.4166524,-5.9967698
6540643390,desconocida,37.4165619,-5.9967544
6540643391,desconocida,37.416579,-5.9966774
6540643392,desconocida,37.4165019,-5.9966543
6540643393,desconocida,37.4165019,-5.9967236
6540643394,desconocida,37.4164163,-5.9965911
6540643395,desconocida,37.416557,-5.9966142
6540643396,desconocida,37.4166439,-5.9966173
6540643397,desconocida,37.4165986,-5.996588
6540643398,desconocida,37.4165093,-5.9965033
6540643399,desconocida,37.4165705,-5.9964725
6540643400,desconocida,37.416316,-5.9965572
6540643401,desconocida,37.4162682,-5.9965772
6540643402,desconocida,37.4162279,-5.9966943
6540643403,desconocida,37.4161532,-5.9967868
6540643404,desconocida,37.4161336,-5.9969316
6540643405,desconocida,37.4160725,-5.9968191
6540643406,desconocida,37.4160223,-5.9967359
6540643407,desconocida,37.4160786,-5.9966235
6540643408,desconocida,37.4160676,-5.9964941
6540643409,desconocida,37.4161263,-5.9964232
6540643410,desconocida,37.4163698,-5.9964802
6540643411,desconocida,37.4164212,-5.9964278
6540643412,desconocida,37.416486,-5.9963939
6540643413,desconocida,37.4165423,-5.9963
6540643414,desconocida,37.4165423,-5.9962306
6540643415,desconocida,37.4166108,-5.9962491
6540643416,desconocida,37.4166451,-5.9963154
6540643417,desconocida,37.4166463,-5.9964016
6540643418,desconocida,37.4165668,-5.996149
6540643419,desconocida,37.4165619,-5.9960673
6540643420,desconocida,37.416278,-5.9960797
6540643421,desconocida,37.4163478,-5.9961182
6540643422,desconocida,37.4164383,-5.9960658
6540643423,desconocida,37.4164371,-5.996149
6540643424,desconocida,37.4164261,-5.9962214
6540643425,desconocida,37.4163355,-5.9962784
6540643426,desconocida,37.4163294,-5.9963739
6540643427,desconocida,37.4163967,-5.9963277
6540643428,desconocida,37.4164677,-5.9963092
6540643429,desconocida,37.4162132,-5.9963354
6540643430,desconocida,37.4162646,-5.9962892
6540643431,desconocida,37.4161765,-5.996206
6540643432,desconocida,37.416245,-5.9962198
6540643433,desconocida,37.4161912,-5.996283
6540643434,desconocida,37.4165032,-5.995958
6540643435,desconocida,37.4164212,-5.9959718
6540643436,desconocida,37.4164775,-5.9958717
6540643437,desconocida,37.4164726,-5.99579
6540643438,desconocida,37.4165753,-5.9957484
6540643439,desconocida,37.4166316,-5.9957223
6540643440,desconocida,37.4165423,-5.9956853
6540643441,desconocida,37.4165154,-5.9956083
6540643442,desconocida,37.4165888,-5.9956406
6540643443,desconocida,37.4165864,-5.9955359
6540643444,desconocida,37.4164811,-5.9955112
6540643445,desconocida,37.4164579,-5.9956052
6540643446,desconocida,37.4162841,-5.9954835
6540643447,desconocida,37.4162976,-5.9957361
6540643448,desconocida,37.4163454,-5.9956288
6540643449,desconocida,37.4163454,-5.9957253
6540643450,desconocida,37.4163454,-5.9959118
6540643451,desconocida,37.4162772,-5.9959801
6540643452,desconocida,37.4162708,-5.995893
6540643453,desconocida,37.4162207,-5.9959439
6540643454,desconocida,37.4161835,-5.9958299
6540643455,desconocida,37.4162218,-5.9957736
6540643456,desconocida,37.4161472,-5.9959426
6540643457,desconocida,37.4161291,-5.9958635
6540643458,desconocida,37.4162186,-5.9958822
6540643459,desconocida,37.4161622,-5.996007
6540643460,desconocida,37.4162197,-5.9960378
6540643461,desconocida,37.416045,-5.995838
6540643462,desconocida,37.4161536,-5.9957709
6540643463,desconocida,37.416045,-5.9955148
6540643464,desconocida,37.4159449,-5.9954222
6540643465,desconocida,37.4159949,-5.9954129
6540643466,desconocida,37.4160812,-5.9954249
6540643467,desconocida,37.4159608,-5.9955081
6540643468,desconocida,37.4159939,-5.9957937
6540643469,desconocida,37.415964,-5.9958514
6540643470,desconocida,37.4159193,-5.9958071
6540643471,desconocida,37.4162655,-5.995614
6540643472,desconocida,37.4161867,-5.9953445
6540643473,desconocida,37.4161717,-5.9952506
6540643474,desconocida,37.4161483,-5.9953002
6540643475,desconocida,37.4162527,-5.9952989
6540643476,desconocida,37.41634,-5.9953176
6540643477,desconocida,37.4163432,-5.9952439
6540643478,desconocida,37.4162772,-5.9952452
6540643479,desconocida,37.4158959,-5.9958742
6540643480,desconocida,37.41634,-5.9955647
6540643481,desconocida,37.4158702,-5.9952313
6540643482,desconocida,37.4158815,-5.9951764
6540643483,desconocida,37.4159332,-5.995211
6540643484,desconocida,37.4160139,-5.9951968
6540643485,desconocida,37.4160252,-5.9951459
6540643486,desconocida,37.4161172,-5.9951846
6540643487,desconocida,37.4160752,-5.9950565
6540643488,desconocida,37.4160123,-5.9950179
6540643489,desconocida,37.4160494,-5.9949711
6540643490,desconocida,37.4164902,-5.9953431
6540643491,desconocida,37.4165773,-5.9953878
6540643492,desconocida,37.4166274,-5.9953329
6540643493,desconocida,37.4166661,-5.9953939
6540643494,desconocida,37.4166387,-5.9952394
6540643495,desconocida,37.4165612,-5.9952537
6540643496,desconocida,37.4164078,-5.9951866
6540643497,desconocida,37.4164433,-5.995272
6540643498,desconocida,37.4164918,-5.9951968
6540643499,desconocida,37.4164514,-5.9951154
6540643500,desconocida,37.4166145,-5.9951581
6540643501,desconocida,37.416587,-5.9950626
6540643502,desconocida,37.4165531,-5.9951378
6540643503,desconocida,37.4164853,-5.9950606
6540643504,desconocida,37.4165547,-5.9950158
6540643505,desconocida,37.416495,-5.9949671
6540643506,desconocida,37.4164385,-5.9950057
6540649598,desconocida,37.4198683,-5.9953405
6540649599,desconocida,37.4199184,-5.9954946
6540649600,desconocida,37.4196903,-5.9951864
6540649601,desconocida,37.4196365,-5.9951233
6540649602,desconocida,37.4195605,-5.9952027
6540649603,desconocida,37.4195067,-5.995121
6540649604,desconocida,37.4193991,-5.9951023
6540649605,desconocida,37.4193453,-5.9950696
6540649606,desconocida,37.4192786,-5.995058
6540649607,desconocida,37.4192304,-5.9950626
6540649608,desconocida,37.4191747,-5.9950533
6540649609,desconocida,37.4190505,-5.9950626
6540649610,desconocida,37.4191692,-5.9949576
6540649611,desconocida,37.4192322,-5.9949739
6540649612,desconocida,37.4193194,-5.9949692
6540649613,desconocida,37.4194177,-5.9949949
6540649614,desconocida,37.4195568,-5.9950626
6540649615,desconocida,37.4195011,-5.9950299
6540649616,desconocida,37.4195067,-5.9951887
6540649617,desconocida,37.4194399,-5.9951607
6540649618,desconocida,37.4193676,-5.9951327
6540649619,desconocida,37.4195864,-5.9951374
6540649620,desconocida,37.4196272,-5.9950043
6540649621,desconocida,37.4196977,-5.995044
6540649622,desconocida,37.4196643,-5.9949389
6540649623,desconocida,37.4192415,-5.9947521
6540649624,desconocida,37.4194511,-5.9940539
6540649625,desconocida,37.4193268,-5.9940049
6540649626,desconocida,37.4192619,-5.9939862
6540649627,desconocida,37.4191784,-5.9939699
6540649628,desconocida,37.4191228,-5.9939582
6540649629,desconocida,37.4190486,-5.9939488
6540649630,desconocida,37.4190004,-5.9939535
6540649631,desconocida,37.4189522,-5.9940259
6540649632,desconocida,37.4187834,-5.9940376
6540649633,desconocida,37.4187816,-5.9940936
6540649634,desconocida,37.4188001,-5.9942244
6540649635,desconocida,37.4187389,-5.9942477
6540649636,desconocida,37.4186944,-5.9943061
6540649637,desconocida,37.4187501,-5.994598
6540649638,desconocida,37.418904,-5.9949622
6540649639,desconocida,37.4188279,-5.9949762
6540649640,desconocida,37.4187742,-5.9950556
6540649641,desconocida,37.4187185,-5.9952097
6540649642,desconocida,37.4188298,-5.9952121
6540649643,desconocida,37.4189188,-5.99517
6540649644,desconocida,37.4190542,-5.99517
6540649645,desconocida,37.419158,-5.9951934
6540649646,desconocida,37.419184,-5.9948782
6540649647,desconocida,37.419121,-5.9948735
6540649648,desconocida,37.4190968,-5.9948151
6540649649,desconocida,37.4191265,-5.9947171
6540649650,desconocida,37.419158,-5.9946447
6540649651,desconocida,37.4191525,-5.9945536
6540649652,desconocida,37.4191265,-5.9945746
6540649653,desconocida,37.4191117,-5.99464
6540649654,desconocida,37.4190598,-5.9946517
6540649655,desconocida,37.4190764,-5.9945746
6540649656,desconocida,37.4190264,-5.9945536
6540649657,desconocida,37.4189355,-5.9946634
6540649658,desconocida,37.4188762,-5.9946657
6540649659,desconocida,37.4188836,-5.994591
6540649660,desconocida,37.4189133,-5.9945326
6540649661,desconocida,37.4188929,-5.9944719
6540649662,desconocida,37.4189299,-5.9944205
6540649663,desconocida,37.4189726,-5.9944719
6540649664,desconocida,37.4189986,-5.9943925
6540649665,desconocida,37.4190616,-5.9944299
6540649666,desconocida,37.4189485,-5.9943458
6540649667,desconocida,37.4189448,-5.9942617
6540649668,desconocida,37.4188113,-5.9942944
6540649669,desconocida,37.418917,-5.994159
6540649670,desconocida,37.4190486,-5.994194
6540649671,desconocida,37.4191006,-5.994138
6540649672,desconocida,37.4190672,-5.9940609
6540649673,desconocida,37.4190301,-5.9941286
6540649674,desconocida,37.4188947,-5.9940866
6540649675,desconocida,37.4189615,-5.9940843
6540649676,desconocida,37.4191655,-5.9940399
6540649677,desconocida,37.4191822,-5.9941216
6540649678,desconocida,37.4192026,-5.9941847
6540649679,desconocida,37.4192508,-5.9942547
6540649680,desconocida,37.4193027,-5.9942898
6540649681,desconocida,37.4193602,-5.9942571
6540649682,desconocida,37.4194065,-5.9943014
6540649683,desconocida,37.4194919,-5.9943691
6540649684,desconocida,37.4195327,-5.9944602
6540651720,desconocida,37.414554,-5.9931377
6540651721,desconocida,37.4146158,-5.9930679
6540651722,desconocida,37.4146499,-5.9930357
6540651723,desconocida,37.4145561,-5.9928292
6540651724,desconocida,37.4145199,-5.9929016
6540651725,desconocida,37.4144773,-5.9929204
6540651726,desconocida,37.4146285,-5.9927541
6540651727,desconocida,37.4146754,-5.9927139
6540651728,desconocida,37.4146456,-5.9924778
6540651729,desconocida,37.4145966,-5.9925234
6540651730,desconocida,37.4145732,-5.9925798
6540651731,desconocida,37.4145178,-5.9925985
6540651732,desconocida,37.4143942,-5.99273
6540651733,desconocida,37.4143665,-5.9927595
6540651734,desconocida,37.4143154,-5.9928051
6540651735,desconocida,37.4141748,-5.9923867
6540651736,desconocida,37.4142302,-5.9923196
6540651737,desconocida,37.4142898,-5.992266
6540651738,desconocida,37.4143409,-5.992215
6540651739,desconocida,37.4144006,-5.9921667
6540651740,desconocida,37.4144837,-5.9920621
6540651741,desconocida,37.4146179,-5.9922552
6540651742,desconocida,37.414522,-5.9923384
6540651743,desconocida,37.414473,-5.9923867
6540651744,desconocida,37.4144027,-5.992451
6540651745,desconocida,37.4142472,-5.9920272
6540651746,desconocida,37.4142046,-5.9920406
6540651747,desconocida,37.4143793,-5.9919226
6540651748,desconocida,37.4142685,-5.991759
6540651749,desconocida,37.4142302,-5.9917805
6540651750,desconocida,37.4141918,-5.9918073
6540651751,desconocida,37.4141364,-5.9918556
6540651752,desconocida,37.4140938,-5.9918985
6540651753,desconocida,37.414032,-5.9919629
6540651754,desconocida,37.4139703,-5.9920836
6540651755,desconocida,37.4140853,-5.9921748
6540651756,desconocida,37.4152698,-5.9926468
6540651757,desconocida,37.4152251,-5.9925476
6540651758,desconocida,37.4151398,-5.9924242
6540651759,desconocida,37.4150844,-5.992325
6540651760,desconocida,37.4150248,-5.9922204
6540651761,desconocida,37.4149353,-5.9921023
6540651762,desconocida,37.4148885,-5.9920219
6540651763,desconocida,37.4148267,-5.9919012
6540651764,desconocida,37.4147436,-5.9917778
6540651765,desconocida,37.4146839,-5.9916705
6540651766,desconocida,37.41462,-5.9915713
6540651767,desconocida,37.4145455,-5.9914586
6540651768,desconocida,37.4144986,-5.9913808
6540651769,desconocida,37.4144347,-5.9912548
6540651770,desconocida,37.414603,-5.9913433
6540651771,desconocida,37.4146669,-5.9914479
6540651772,desconocida,37.4147351,-5.9915578
6540651773,desconocida,37.4147947,-5.9916625
6540651774,desconocida,37.4148608,-5.9917805
6540651775,desconocida,37.4149396,-5.991869
6540651776,desconocida,37.4150099,-5.9919924
6540651777,desconocida,37.4150781,-5.992105
6540651778,desconocida,37.4151398,-5.9921882
6540651779,desconocida,37.4151974,-5.9923035
6540651780,desconocida,37.4152975,-5.9923947
6540651781,desconocida,37.4153593,-5.9925234
6540652285,desconocida,37.4192398,-5.9983624
6540652292,desconocida,37.4192707,-5.9969343
6540652293,desconocida,37.4193972,-5.9971856
6540652294,desconocida,37.4193888,-5.997152
6540652295,desconocida,37.4194098,-5.9972829
6540652296,desconocida,37.4194267,-5.997375
6540652297,desconocida,37.4195054,-5.9974086
6540652298,desconocida,37.4195715,-5.9974103
6540652299,desconocida,37.4194675,-5.9970511
6540652300,desconocida,37.419296,-5.9970741
6540652301,desconocida,37.4192285,-5.9970635
6540652302,desconocida,37.4191709,-5.9969697
6540652303,desconocida,37.4193269,-5.9967538
6540652304,desconocida,37.4191709,-5.9970617
6540652305,desconocida,37.4192398,-5.9971785
6540652306,desconocida,37.4191765,-5.9971909
6540652307,desconocida,37.4194014,-5.9968972
6540652308,desconocida,37.4194604,-5.9969556
6540652309,desconocida,37.4194056,-5.9975165
6540652310,desconocida,37.4193986,-5.9974351
6540652311,desconocida,37.4194337,-5.9974811
6540652312,desconocida,37.4193831,-5.9974705
6540652313,desconocida,37.4193157,-5.9973502
6540652314,desconocida,37.4188744,-5.9974015
6540652315,desconocida,37.4188336,-5.9974581
6540652316,desconocida,37.4189264,-5.9971325
6540652317,desconocida,37.4189966,-5.9972139
6540652318,desconocida,37.4190501,-5.9972458
6540652319,desconocida,37.4190121,-5.9970989
6540652320,desconocida,37.4188435,-5.9975059
6540652321,desconocida,37.4188463,-5.9975732
6540652322,desconocida,37.4189067,-5.9975785
6540652323,desconocida,37.4188983,-5.9975094
6540652324,desconocida,37.4189587,-5.9975077
6540652325,desconocida,37.4189995,-5.9974776
6540652326,desconocida,37.4190135,-5.9973732
6540652327,desconocida,37.4189446,-5.9976669
6540652328,desconocida,37.4189981,-5.9977023
6540652329,desconocida,37.4189826,-5.9977466
6540652330,desconocida,37.4190515,-5.9977466
6540652331,desconocida,37.4188969,-5.9977395
6540652332,desconocida,37.4189545,-5.9978297
6540652333,desconocida,37.4190107,-5.9979288
6540652334,desconocida,37.4191147,-5.9982084
6540652335,desconocida,37.4191667,-5.9981872
6540652336,desconocida,37.4191653,-5.9981146
6540652337,desconocida,37.4191203,-5.9981164
6540652338,desconocida,37.4190557,-5.9981483
6540652339,desconocida,37.419244,-5.9982969
6540652340,desconocida,37.4193072,-5.9978351
6540652341,desconocida,37.4192904,-5.9979324
6540652342,desconocida,37.419348,-5.9979678
6540652343,desconocida,37.4192623,-5.9977342
6540652344,desconocida,37.4194197,-5.9977961
6540652345,desconocida,37.4193845,-5.9977183
6540652346,desconocida,37.4193424,-5.9977076
6540652347,desconocida,37.4193649,-5.9976245
6540652348,desconocida,37.419303,-5.9975395
6540652349,desconocida,37.4193002,-5.9974705
6540652350,desconocida,37.4192061,-5.9979483
6540652351,desconocida,37.4191231,-5.9979536
6540652352,desconocida,37.4190852,-5.998035
6540652353,desconocida,37.41914,-5.9978351
6540652354,desconocida,37.4190585,-5.9978616
6540652355,desconocida,37.4189489,-5.997382
6540652356,desconocida,37.4191541,-5.9976864
6540652357,desconocida,37.4192061,-5.9976439
6540652358,desconocida,37.4191625,-5.9975484
6540652359,desconocida,37.4191063,-5.9976192
6540652360,desconocida,37.4190725,-5.9975218
6540652361,desconocida,37.4191119,-5.9974334
6540652362,desconocida,37.4192145,-5.9974015
6540652363,desconocida,37.4192482,-5.9975094
6540652364,desconocida,37.4192215,-5.9972723
6540652365,desconocida,37.4191555,-5.9972723
6540652366,desconocida,37.4194759,-5.9981907
6540652367,desconocida,37.4195771,-5.998173
6540652368,desconocida,37.4195673,-5.9980934
6540652369,desconocida,37.41949,-5.9980952
6540652370,desconocida,37.4194014,-5.9980102
6540652371,desconocida,37.4194365,-5.998104
6540652372,desconocida,37.4194956,-5.9979094
6540652373,desconocida,37.4196727,-5.9981412
6540652374,desconocida,37.419504,-5.9973077
6540652375,desconocida,37.4198568,-5.997175
6540652376,desconocida,37.4198385,-5.9975997
6540652377,desconocida,37.41975,-5.9975254
6540652378,desconocida,37.4197935,-5.9974316
6540652379,desconocida,37.4197626,-5.997359
6540652380,desconocida,37.4196783,-5.9974794
6540652381,desconocida,37.4196909,-5.9973502
6540652382,desconocida,37.4195968,-5.997766
6540652383,desconocida,37.4194706,-5.9968085
6540652384,desconocida,37.4194386,-5.9967361
6540652385,desconocida,37.4194067,-5.9966422
6540652386,desconocida,37.4194898,-5.9965939
6540652387,desconocida,37.4195665,-5.9967736
6540652388,desconocida,37.4195686,-5.996948
6540652389,desconocida,37.4196431,-5.9969909
6540652390,desconocida,37.4196666,-5.9969185
6540652391,desconocida,37.4196687,-5.9967763
6540652392,desconocida,37.4198689,-5.9967441
6540652393,desconocida,37.4197582,-5.9967146
6540652394,desconocida,37.4197944,-5.9966154
6540652395,desconocida,37.4198668,-5.9966395
6540652396,desconocida,37.4199179,-5.9965188
6540652397,desconocida,37.4199222,-5.9961487
6540652398,desconocida,37.4196708,-5.9972269
6540652407,desconocida,37.4192698,-5.9988074
6540652408,desconocida,37.4192439,-5.9988908
6540652409,desconocida,37.4192988,-5.9989294
6540652410,desconocida,37.4193424,-5.9988908
6540652411,desconocida,37.419292,-5.9990361
6540652412,desconocida,37.4193437,-5.9989766
6540652413,desconocida,37.4195265,-5.9991855
6540652414,desconocida,37.4194492,-5.9991544
6540652415,desconocida,37.4198929,-5.9991367
6540652416,desconocida,37.419943,-5.9989517
6540652417,desconocida,37.419964,-5.9990168
6540652418,desconocida,37.4199672,-5.9991083
6540652419,desconocida,37.4198606,-5.9994233
6540652421,desconocida,37.4196304,-5.998437
6540652422,desconocida,37.4199227,-5.9983556
6540652424,desconocida,37.42026,-5.9982777
6540652426,desconocida,37.4202797,-5.9991165
6540661185,desconocida,37.420501,-5.9978218
6540661186,desconocida,37.4204797,-5.9979049
6540661187,desconocida,37.4204329,-5.998141
6540661188,desconocida,37.4203156,-5.9979645
6540661189,desconocida,37.4203711,-5.9974578
6540661190,desconocida,37.4202397,-5.9977238
6540661191,desconocida,37.4204057,-5.9975382
6540661192,desconocida,37.4203077,-5.9974806
6540661193,desconocida,37.4202603,-5.9974121
6540661194,desconocida,37.4201943,-5.9973873
6540661195,desconocida,37.420168,-5.997715
6540661196,desconocida,37.4201479,-5.9975917
6540661197,desconocida,37.4202271,-5.9978902
6540661198,desconocida,37.4201879,-5.9979881
6540661199,desconocida,37.4201006,-5.9978088
6540661200,desconocida,37.4203392,-5.9981249
6540661201,desconocida,37.4206054,-5.9970117
6540661202,desconocida,37.4205945,-5.9969207
6540661203,desconocida,37.42055,-5.9967623
6540661204,desconocida,37.4204934,-5.9970311
6540661205,desconocida,37.4205543,-5.9970386
6540661206,desconocida,37.4206394,-5.9970652
6540661207,desconocida,37.4204584,-5.9972934
6540661208,desconocida,37.4203779,-5.9971119
6540661209,desconocida,37.4203675,-5.9970213
6540661210,desconocida,37.4202776,-5.9969616
6540661211,desconocida,37.4203893,-5.9968397
6540661212,desconocida,37.4204947,-5.9965826
6540661213,desconocida,37.4203008,-5.9966282
6540661214,desconocida,37.4202135,-5.9967006
6540661215,desconocida,37.4202264,-5.997027
6540661216,desconocida,37.4201181,-5.9969211
6540661217,desconocida,37.4202783,-5.9971392
6540661218,desconocida,37.4201581,-5.9972049
6540661219,desconocida,37.4201858,-5.9970899
6540661220,desconocida,37.4203924,-5.9973417
6540661221,desconocida,37.4200963,-5.9979586
6540661222,desconocida,37.4200047,-5.997803
6540661223,desconocida,37.4200409,-5.9977091
6540661224,desconocida,37.4199791,-5.9979586
6540661225,desconocida,37.4200452,-5.9979854
6540661226,desconocida,37.4200239,-5.9980685
6540661227,desconocida,37.4199493,-5.9982402
6540661228,desconocida,37.4198598,-5.9981281
6540661229,desconocida,37.4198148,-5.99796
6540661230,desconocida,37.4197839,-5.9978874
6540661231,desconocida,37.4198781,-5.9977034
6540661232,desconocida,37.4200537,-5.9949357
6540661233,desconocida,37.4198045,-5.9975321
6540661234,desconocida,37.4197299,-5.997508
6540661235,desconocida,37.4197122,-5.9978786
6540661236,desconocida,37.4200209,-5.9965596
6540661237,desconocida,37.4197713,-5.9980538
6540661238,desconocida,37.419732,-5.9981517
6540661239,desconocida,37.4196448,-5.9979724
6540661240,desconocida,37.4198833,-5.9982885
6540661241,desconocida,37.4204989,-5.9988491
6540661242,desconocida,37.420437,-5.9987229
6540661244,desconocida,37.4203818,-5.9988491
6540661246,desconocida,37.4204067,-5.998943
6540661248,desconocida,37.4203135,-5.998686
6540661249,desconocida,37.4203068,-5.9989283
6540661250,desconocida,37.4206296,-5.9984077
6540661251,desconocida,37.4203936,-5.9985081
6540661253,desconocida,37.4205479,-5.998613
6540661255,desconocida,37.4202289,-5.998678
6540661256,desconocida,37.4202132,-5.998963
6540661257,desconocida,37.4203306,-5.9988169
6540661258,desconocida,37.4207077,-5.9984659
6540661260,desconocida,37.4205351,-5.9963787
6540661261,desconocida,37.4205074,-5.9962124
6540661262,desconocida,37.4205522,-5.9960247
6540661263,desconocida,37.4201986,-5.9949384
6540661264,desconocida,37.420484,-5.9964056
6540661265,desconocida,37.4204153,-5.9964919
6540661266,desconocida,37.4205543,-5.9966577
6540661267,desconocida,37.4196957,-5.9947351
6540661268,desconocida,37.4200683,-5.9950069
6540661269,desconocida,37.4201439,-5.994894
6540661270,desconocida,37.4203169,-5.9961236
6540661271,desconocida,37.4201581,-5.9960917
6540661272,desconocida,37.4204116,-5.9960596
6540661273,desconocida,37.4202987,-5.9960408
6540661274,desconocida,37.4201689,-5.9964343
6540661275,desconocida,37.4201309,-5.9961755
6540661276,desconocida,37.4198135,-5.9952818
6540661277,desconocida,37.4201709,-5.9965719
6540661278,desconocida,37.4204351,-5.9962815
6540661279,desconocida,37.4203029,-5.9967677
6540661281,desconocida,37.4201048,-5.9953729
6540661282,desconocida,37.4203541,-5.9956063
6540661283,desconocida,37.4204883,-5.9956894
6540661284,desconocida,37.4204073,-5.9957726
6540661285,desconocida,37.4203583,-5.9956975
6540661286,desconocida,37.4201814,-5.9957141
6540661287,desconocida,37.4201364,-5.995546
6540661288,desconocida,37.4201055,-5.9954734
6540661290,desconocida,37.4201389,-5.9952013
6540661291,desconocida,37.420058,-5.9952308
6540661292,desconocida,37.4200601,-5.9951369
6540661293,desconocida,37.4200338,-5.9954646
6540661294,desconocida,37.4199754,-5.9953547
6540661295,desconocida,37.4200929,-5.9956398
6540661296,desconocida,37.4200537,-5.9957377
6540661297,desconocida,37.4199664,-5.9955584
6540661298,desconocida,37.4202433,-5.9948526
6540661299,desconocida,37.4198088,-5.9971083
6540661300,desconocida,37.4197427,-5.9972397
6540661301,desconocida,37.420009,-5.9963948
6540661302,desconocida,37.4199366,-5.9963358
6540661303,desconocida,37.4206758,-5.9987874
6540661304,desconocida,37.4206502,-5.9989215
6540661305,desconocida,37.4205629,-5.9989644
6540661307,desconocida,37.420712,-5.9985889
6540661308,desconocida,37.4207333,-5.9979854
6540661309,desconocida,37.4207524,-5.9978486
6540661310,desconocida,37.420712,-5.9977118
6540661311,desconocida,37.4206694,-5.9976152
6540661312,desconocida,37.4206438,-5.9975106
6540661313,desconocida,37.420729,-5.9974436
6540661314,desconocida,37.4206119,-5.9974329
6540661315,desconocida,37.4206395,-5.9972826
6540661316,desconocida,37.4205756,-5.997288
6540661317,desconocida,37.420596,-5.9971491
6540661318,desconocida,37.4206694,-5.9969098
6540661319,desconocida,37.420631,-5.9968052
6540661320,desconocida,37.420631,-5.996706
6540661321,desconocida,37.4206332,-5.9978486
6540661322,desconocida,37.4205927,-5.9979586
6540661323,desconocida,37.4205203,-5.9981007
6540661324,desconocida,37.4204095,-5.9980176
6540661325,desconocida,37.4203711,-5.9977225
6540661326,desconocida,37.4202561,-5.9981302
6540661327,desconocida,37.4202902,-5.998031
6540661328,desconocida,37.4201858,-5.9980927
6540661329,desconocida,37.420173,-5.9981946
6540661330,desconocida,37.4202582,-5.9985406
6540661331,desconocida,37.4200495,-5.9945978
6540661332,desconocida,37.4201901,-5.9946434
6540661333,desconocida,37.4201581,-5.9945629
6540661334,desconocida,37.4199387,-5.9948552
6540661335,desconocida,37.4200367,-5.9947882
6540661336,desconocida,37.4199536,-5.9947345
6540661337,desconocida,37.419845,-5.9950376
6540661338,desconocida,37.4197725,-5.9950564
6540661339,desconocida,37.4198194,-5.9952683
6540661340,desconocida,37.4198641,-5.9945897
6540661341,desconocida,37.4200133,-5.9944851
6540661342,desconocida,37.4199941,-5.9943993
6540661343,desconocida,37.4198791,-5.9943108
6540661344,desconocida,37.4197939,-5.9942491
6540661345,desconocida,37.4196703,-5.9942062
6540661346,desconocida,37.4195766,-5.9941847
6540661347,desconocida,37.4196426,-5.9940962
6540661348,desconocida,37.4195105,-5.9940855
6540661349,desconocida,37.4194147,-5.9941042
6540661350,desconocida,37.4194211,-5.9941954
6540661351,desconocida,37.4194914,-5.9942813
6540661352,desconocida,37.419551,-5.9943349
6540661353,desconocida,37.4195915,-5.9944476
6540661354,desconocida,37.4197001,-5.9944717
6540661355,desconocida,37.4197512,-5.9944985
6540661356,desconocida,37.4198791,-5.9943966
6540661357,desconocida,37.4198066,-5.9945656
6540661358,desconocida,37.419894,-5.9947319
6540661359,desconocida,37.4199877,-5.9946165
6540661360,desconocida,37.4199494,-5.994579
6540661361,desconocida,37.419502,-5.9947024
6540661362,desconocida,37.4192996,-5.9944449
6540661363,desconocida,37.4193614,-5.9947909
6540661364,desconocida,37.4197896,-5.994402
6540661365,desconocida,37.4197917,-5.9943054
6540661366,desconocida,37.4197044,-5.994292
6540669885,desconocida,37.4195957,-5.9945256
6540669886,desconocida,37.419464,-5.9946634
6540669887,desconocida,37.4193268,-5.9940913
6540669888,desconocida,37.4192675,-5.9940586
6540669889,desconocida,37.4192916,-5.9941473
6540669890,desconocida,37.4183829,-5.9951036
6540669891,desconocida,37.4184459,-5.9954776
6540669892,desconocida,37.4183345,-5.995685
6540669893,desconocida,37.4188156,-5.9936482
6540669894,desconocida,37.4189804,-5.9936325
6540669895,desconocida,37.4190723,-5.9936766
6540669896,desconocida,37.4191449,-5.9936766
6540669897,desconocida,37.4190965,-5.9935384
6540669898,desconocida,37.419069,-5.9933412
6540669899,desconocida,37.4190093,-5.9933595
6540669900,desconocida,37.4189221,-5.993388
6540669901,desconocida,37.4189609,-5.9935668
6540669902,desconocida,37.4188656,-5.9935607
6540669903,desconocida,37.4170394,-5.9937374
6540669904,desconocida,37.4171488,-5.9937421
6540669905,desconocida,37.4171229,-5.9937421
6540669906,desconocida,37.4174493,-5.9937748
6540669907,desconocida,37.4175939,-5.9937421
6540669908,desconocida,37.417657,-5.9937421
6540669909,desconocida,37.4177256,-5.9935857
6540669910,desconocida,37.4176774,-5.9935973
6540669911,desconocida,37.4176255,-5.9935857
6540669912,desconocida,37.4178035,-5.9935576
6540669913,desconocida,37.4170413,-5.9935903
6540669914,desconocida,37.4170413,-5.9936651
6540669915,desconocida,37.4170858,-5.9935039
6540669916,desconocida,37.4171433,-5.9934222
6540669917,desconocida,37.417223,-5.9933405
6540669918,desconocida,37.4173557,-5.9932323
6540669919,desconocida,37.4173658,-5.993079
6540669920,desconocida,37.4174808,-5.9930486
6540669921,desconocida,37.4173881,-5.9930089
6540669922,desconocida,37.4174604,-5.9929716
6540669923,desconocida,37.4173566,-5.9929179
6540689187,desconocida,37.4211248,-6.000457
6540689188,desconocida,37.4210394,-6.0006273
6540689189,desconocida,37.4202627,-6.0001407
6540689190,desconocida,37.4203293,-6.0001394
6540689191,desconocida,37.420398,-6.0001263
6540689192,desconocida,37.4203938,-6.0001931
6540689193,desconocida,37.4203293,-6.0001957
6540689194,desconocida,37.4204531,-6.0001263
6540689195,desconocida,37.4205155,-6.0001054
6540689196,desconocida,37.4204687,-6.0000517
6540689197,desconocida,37.4204947,-5.9999836
6540689198,desconocida,37.4204635,-5.9999351
6540689199,desconocida,37.4204084,-5.9999757
6540689200,desconocida,37.4203283,-5.9999849
6540689201,desconocida,37.4204427,-5.9998041
6540689202,desconocida,37.4205946,-6.0001014
6540689203,desconocida,37.4206538,-6.0001486
6540689204,desconocida,37.4206382,-6.0002128
6540689205,desconocida,37.4207163,-6.0002206
6540689206,desconocida,37.42071,-6.0002822
6540689207,desconocida,37.4207256,-6.000125
6540689208,desconocida,37.4205821,-6.0001682
6540689209,desconocida,37.4205644,-5.9999626
6540689210,desconocida,37.4205446,-6.0000333
6540689211,desconocida,37.4205311,-5.9998683
6540689212,desconocida,37.4206705,-5.9996535
6540689213,desconocida,37.4205249,-5.9996784
6540689214,desconocida,37.4205769,-5.9997098
6540689215,desconocida,37.4205779,-5.9997792
6540689216,desconocida,37.4206507,-5.9998185
6540689217,desconocida,37.4206258,-5.9998958
6540689218,desconocida,37.4207479,-5.9999342
6540689219,desconocida,37.4207152,-5.9997675
6540689220,desconocida,37.4207454,-5.9998225
6540689221,desconocida,37.4208078,-6.0001748
6540689222,desconocida,37.4209378,-6.0001538
6540689223,desconocida,37.4209336,-6.0002246
6540689224,desconocida,37.4208671,-6.000142
6540689225,desconocida,37.4209274,-6.0000635
6540689226,desconocida,37.4210023,-6.000036
6540689227,desconocida,37.421021,-5.9998212
6540689228,desconocida,37.4209253,-5.9998382
6540689229,desconocida,37.4208088,-6.0000084
6540689230,desconocida,37.4208276,-5.9998552
6540689231,desconocida,37.4208681,-5.9999286
6540689232,desconocida,37.4209753,-5.9999181
6540689233,desconocida,37.4209128,-5.9999954
6540689234,desconocida,37.4209919,-5.9996889
6540689235,desconocida,37.4209014,-5.9997413
6540689236,desconocida,37.4207818,-5.999736
6540689237,desconocida,37.4207339,-5.9996954
6540689238,desconocida,37.4208619,-5.999664
6540689239,desconocida,37.4207766,-5.9996326
6540689240,desconocida,37.4208265,-5.9996719
6540689241,desconocida,37.4207464,-5.9995579
6540689242,desconocida,37.4208151,-5.9994898
6540689243,desconocida,37.4207402,-5.9994872
6540689244,desconocida,37.4208192,-5.9993968
6540689245,desconocida,37.4207641,-5.999385
6540689246,desconocida,37.4206975,-5.9994348
6540689247,desconocida,37.4206258,-5.9994492
6540689248,desconocida,37.4205987,-5.9995199
6540689249,desconocida,37.4206029,-5.9996548
6540689250,desconocida,37.4208848,-5.9995684
6540689251,desconocida,37.420944,-5.9995409
6540689252,desconocida,37.4210252,-5.9995029
6540689253,desconocida,37.4209867,-5.9994597
6540689254,desconocida,37.4209805,-5.9993942
6540689255,desconocida,37.421099,-5.9996037
6540689256,desconocida,37.4211105,-5.999516
6540689257,desconocida,37.4211209,-5.9994571
6540689258,desconocida,37.4211916,-5.9993078
6540689259,desconocida,37.4211365,-5.9993798
6540689260,desconocida,37.42115,-5.9992423
6540689261,desconocida,37.4210595,-5.9993628
6540689262,desconocida,37.4210657,-5.9991925
6540689263,desconocida,37.4210574,-5.9992501
6540689264,desconocida,37.4210013,-5.9993064
6540689265,desconocida,37.4206778,-5.9993824
6540689266,desconocida,37.4207215,-5.9993156
6540689267,desconocida,37.4207215,-5.9992108
6540689268,desconocida,37.420787,-5.9991886
6540689269,desconocida,37.4207818,-5.999275
6540689270,desconocida,37.4208265,-5.9992187
6540689271,desconocida,37.4208088,-5.9991257
6540689272,desconocida,37.4208806,-5.9992554
6540689273,desconocida,37.4209503,-5.9992095
6540689274,desconocida,37.4208484,-5.9990406
6540689275,desconocida,37.4208067,-5.9989764
6540689276,desconocida,37.4209326,-5.9989738
6540689277,desconocida,37.4209597,-5.999072
6540689278,desconocida,37.4210241,-5.9990681
6540689279,desconocida,37.4210657,-5.9989568
6540689280,desconocida,37.4210678,-5.9988742
6540689281,desconocida,37.4210117,-5.9989083
6540689282,desconocida,37.4208577,-5.998852
6540689283,desconocida,37.4210189,-5.9986765
6540689284,desconocida,37.4209607,-5.9986097
6540689885,desconocida,37.42089,-5.9985599
6540689886,desconocida,37.4209264,-5.9986817
6540689887,desconocida,37.4208619,-5.9987302
6540689888,desconocida,37.4208962,-5.9984538
6540689889,desconocida,37.4210345,-5.9983425
6540689890,desconocida,37.421123,-5.9983346
6540689891,desconocida,37.4212083,-5.9984185
6540689892,desconocida,37.4210928,-5.9984329
6540689893,desconocida,37.421177,-5.9985442
6540689894,desconocida,37.4211032,-5.9986948
6540689895,desconocida,37.4211406,-5.9986385
6540689896,desconocida,37.4210897,-5.9985809
6540689897,desconocida,37.4211406,-5.9987655
6540689898,desconocida,37.421253,-5.9985796
6540689899,desconocida,37.4214225,-5.9988886
6540689900,desconocida,37.4214745,-5.9989148
6540689901,desconocida,37.4215213,-5.9988651
6540689902,desconocida,37.4214527,-5.9987878
6540689903,desconocida,37.4215931,-5.9988061
6540689904,desconocida,37.4210949,-5.9991074
6540689905,desconocida,37.4211812,-5.9991506
6540689906,desconocida,37.4212249,-5.9991833
6540689907,desconocida,37.4212842,-5.9991493
6540689908,desconocida,37.4212405,-5.9990864
6540689909,desconocida,37.4213289,-5.9990615
6540689910,desconocida,37.4212093,-5.9990497
6540689911,desconocida,37.4212519,-5.9989974
6540689912,desconocida,37.4213487,-5.9989712
6540689913,desconocida,37.4213008,-5.9989947
6540689914,desconocida,37.421279,-5.9988611
6540689915,desconocida,37.4212311,-5.9988821
6540689916,desconocida,37.4211646,-5.9989345
6540689917,desconocida,37.4211854,-5.9988651
6540689918,desconocida,37.42115,-5.9990104
6540689919,desconocida,37.4221125,-5.9981185
6540689920,desconocida,37.4222703,-5.9986387
6540689921,desconocida,37.4222113,-5.9987061
6540689922,desconocida,37.4221646,-5.9986594
6540689923,desconocida,37.4221962,-5.9985886
6540689924,desconocida,37.4221536,-5.9985298
6540689925,desconocida,37.4221797,-5.998459
6540689926,desconocida,37.4221097,-5.9985817
6540689927,desconocida,37.422074,-5.9986664
6540689928,desconocida,37.4220987,-5.9987268
6540689929,desconocida,37.422037,-5.998599
6540689930,desconocida,37.4220521,-5.9985298
6540689931,desconocida,37.4220685,-5.9984452
6540689932,desconocida,37.4220287,-5.9983587
6540689933,desconocida,37.4219766,-5.9984227
6540689934,desconocida,37.4220068,-5.9982758
6540689935,desconocida,37.4219876,-5.998198
6540689936,desconocida,37.4219382,-5.9982343
6540689937,desconocida,37.4220384,-5.9981168
6540689938,desconocida,37.4218833,-5.9982153
6540689939,desconocida,37.4218105,-5.9982326
6540689940,desconocida,37.4218627,-5.9981565
6540689941,desconocida,37.4217831,-5.9983432
6540689942,desconocida,37.4218448,-5.9983899
6540689943,desconocida,37.4218421,-5.9986214
6540689944,desconocida,37.4218393,-5.9985022
6540689945,desconocida,37.4218201,-5.9985644
6540689946,desconocida,37.4217633,-5.9987362
6540689947,desconocida,37.4217343,-5.9984206
6540689948,desconocida,37.4217542,-5.9985001
6540689949,desconocida,37.4216524,-5.9984544
6540689950,desconocida,37.421588,-5.9983513
6540689951,desconocida,37.42165,-5.9982614
6540689952,desconocida,37.4217156,-5.9983056
6540689953,desconocida,37.4216091,-5.9982364
6540689954,desconocida,37.421471,-5.998313
6540689955,desconocida,37.4214488,-5.998394
6540689956,desconocida,37.4213938,-5.9983071
6540689957,desconocida,37.4214967,-5.9984736
6540689958,desconocida,37.4214336,-5.9985001
6540689959,desconocida,37.4215213,-5.9986195
6540689960,desconocida,37.4215529,-5.9987079
6540689961,desconocida,37.4216348,-5.9986873
6540689962,desconocida,37.4215693,-5.9985429
6540689963,desconocida,37.421643,-5.9985679
6540689964,desconocida,37.4212393,-5.9986828
6540689965,desconocida,37.4212639,-5.9987786
6540689966,desconocida,37.4213528,-5.9988258
6540689967,desconocida,37.4214651,-5.9986106
6540689968,desconocida,37.4213762,-5.9985915
6540689969,desconocida,37.4213832,-5.9987153
6540689970,desconocida,37.4213212,-5.9986372
6540689971,desconocida,37.42132,-5.9987167
6540689972,desconocida,37.4215096,-5.9982585
6540689973,desconocida,37.4211761,-5.9982482
6540689974,desconocida,37.421265,-5.9982894
6540689975,desconocida,37.4213224,-5.9982349
6540689976,desconocida,37.4213926,-5.9982084
6540689977,desconocida,37.4214991,-5.9981892
6540689978,desconocida,37.4218869,-5.997683
6540689979,desconocida,37.4218952,-5.9976012
6540689980,desconocida,37.4218731,-5.9975351
6540689981,desconocida,37.4218165,-5.9976186
6540689982,desconocida,37.4217695,-5.9975717
6540689983,desconocida,37.4217391,-5.9975142
6540689984,desconocida,37.4217045,-5.9976169
6540689985,desconocida,37.4216879,-5.9975508
6540689986,desconocida,37.4216382,-5.9975456
6540689987,desconocida,37.4216672,-5.997476
6540689988,desconocida,37.4217888,-5.9974533
6540689989,desconocida,37.4217543,-5.9974063
6540689990,desconocida,37.4216935,-5.9973976
6540689991,desconocida,37.4216714,-5.9976917
6540689992,desconocida,37.4216479,-5.9976361
6540689993,desconocida,37.4215843,-5.99773
6540689994,desconocida,37.4215345,-5.9976656
6540689995,desconocida,37.4217266,-5.997288
6540689996,desconocida,37.4216948,-5.9972341
6540689997,desconocida,37.4216631,-5.997342
6540689998,desconocida,37.4216133,-5.9973106
6540689999,desconocida,37.4215594,-5.9973054
6540690000,desconocida,37.4216216,-5.9973837
6540690001,desconocida,37.4215774,-5.9974046
6540690002,desconocida,37.4216078,-5.9972027
6540690003,desconocida,37.4216534,-5.9971349
6540690004,desconocida,37.4215497,-5.9971592
6540690005,desconocida,37.4215553,-5.9972358
6540690006,desconocida,37.4214792,-5.9974951
6540690007,desconocida,37.4214682,-5.9975456
6540690008,desconocida,37.4214115,-5.9975873
6540690009,desconocida,37.4214627,-5.9976761
6540690010,desconocida,37.4214599,-5.9977579
6540690011,desconocida,37.4213825,-5.9977474
6540690012,desconocida,37.4212996,-5.99777
6540690013,desconocida,37.4213535,-5.9976622
6540690014,desconocida,37.4213659,-5.9974968
6540690015,desconocida,37.4214378,-5.9974168
6540690016,desconocida,37.421511,-5.9972584
6540690017,desconocida,37.421453,-5.9973124
6540690018,desconocida,37.4213369,-5.9973942
6540690019,desconocida,37.4214005,-5.9973228
6540690020,desconocida,37.4213825,-5.9972219
6540690021,desconocida,37.4213825,-5.997114
6540690022,desconocida,37.4214696,-5.9970357
6540690023,desconocida,37.4214834,-5.9969713
6540690024,desconocida,37.4214101,-5.9970148
6540690025,desconocida,37.4212858,-5.9974812
6540690026,desconocida,37.421283,-5.9976343
6540690027,desconocida,37.4212263,-5.9977161
6540690028,desconocida,37.4213162,-5.9975525
6540690029,desconocida,37.4211351,-5.9975369
6540690030,desconocida,37.4211918,-5.9976239
6540690031,desconocida,37.421207,-5.9978658
6540690032,desconocida,37.4211711,-5.9977753
6540690033,desconocida,37.4211254,-5.9977422
6540690034,desconocida,37.421113,-5.9978832
6540690035,desconocida,37.4209375,-5.9979267
6540690036,desconocida,37.4210163,-5.9974342
6540690037,desconocida,37.4209333,-5.9973367
6540690038,desconocida,37.4209472,-5.997516
6540690039,desconocida,37.4209043,-5.9975978
6540690040,desconocida,37.4209555,-5.99769
6540690041,desconocida,37.4209955,-5.997824
6540690042,desconocida,37.4210702,-5.9977892
6540690043,desconocida,37.4209264,-5.9971993
6540690044,desconocida,37.4212143,-5.9973366
6540690045,desconocida,37.4212662,-5.9972625
6540690046,desconocida,37.4211709,-5.9972237
6540690047,desconocida,37.4211106,-5.9972908
6540690048,desconocida,37.4211106,-5.997386
6540690049,desconocida,37.4213124,-5.9969379
6540690050,desconocida,37.4214287,-5.9967632
6540690051,desconocida,37.4214287,-5.9968937
6540690052,desconocida,37.4213432,-5.9968302
6540690053,desconocida,37.4213628,-5.9967244
6540690054,desconocida,37.4212788,-5.9970208
6540690055,desconocida,37.4212914,-5.9967367
6540690056,desconocida,37.4212788,-5.9966502
6540690057,desconocida,37.4212017,-5.9967244
6540690058,desconocida,37.4211891,-5.996645
6540690059,desconocida,37.4211372,-5.9966802
6540690060,desconocida,37.4210854,-5.9966767
6540690061,desconocida,37.4210293,-5.9967155
6540690062,desconocida,37.4210041,-5.9967614
6540690063,desconocida,37.4209607,-5.9966714
6540690064,desconocida,37.4208892,-5.9966644
6540690065,desconocida,37.4208345,-5.9966891
6540690066,desconocida,37.4209396,-5.9967985
6540690067,desconocida,37.4208878,-5.9967861
6540690068,desconocida,37.4208275,-5.9967861
6540690069,desconocida,37.4207757,-5.9967402
6540690070,desconocida,37.4212213,-5.9965426
6540690071,desconocida,37.4211933,-5.996502
6540690072,desconocida,37.421126,-5.9965056
6540690073,desconocida,37.4210826,-5.9964826
6540690074,desconocida,37.4210279,-5.9964315
6540690075,desconocida,37.4209873,-5.9963644
6540690076,desconocida,37.4210055,-5.9962638
6540690077,desconocida,37.421098,-5.996225
6540690078,desconocida,37.4210097,-5.9965603
6540690079,desconocida,37.4209607,-5.9965603
6540690080,desconocida,37.4209719,-5.9964685
6540690081,desconocida,37.4209172,-5.9964667
6540690082,desconocida,37.4208275,-5.9965285
6540690083,desconocida,37.4208808,-5.9965214
6540690084,desconocida,37.420857,-5.9964367
6540690085,desconocida,37.4207953,-5.9964297
6540690086,desconocida,37.4207645,-5.9965514
6540690087,desconocida,37.4209018,-5.9963079
6540690088,desconocida,37.4208612,-5.996345
6540690089,desconocida,37.4208079,-5.9963203
6540690090,desconocida,37.4208261,-5.9962409
6540690091,desconocida,37.4209495,-5.9962091
6540690092,desconocida,37.4208948,-5.9962285
6540690093,desconocida,37.4207743,-5.9962056
6540690094,desconocida,37.4211526,-5.9964403
6540690095,desconocida,37.4211709,-5.9963732
6540690096,desconocida,37.421112,-5.9964244
6540690097,desconocida,37.4211526,-5.9969784
6540690098,desconocida,37.4211106,-5.9968973
6540690099,desconocida,37.4210377,-5.9969643
6540690100,desconocida,37.4210517,-5.9970596
6540690101,desconocida,37.4209999,-5.9971743
6540690102,desconocida,37.4210714,-5.9971425
6540690103,desconocida,37.4209565,-5.9969661
6540690104,desconocida,37.4209116,-5.9969184
6540690105,desconocida,37.4208696,-5.9970614
6540690106,desconocida,37.4209845,-5.9970614
6540690107,desconocida,37.4208646,-5.9972594
6540690108,desconocida,37.4211391,-5.9965821
6540690109,desconocida,37.4210904,-5.9965591
6540690110,desconocida,37.4207851,-5.995236
6540690111,desconocida,37.4208097,-5.9951544
6540690112,desconocida,37.4208488,-5.9951896
6540690113,desconocida,37.4208343,-5.9950588
6540690114,desconocida,37.42086,-5.9951122
6540690115,desconocida,37.4208891,-5.9951558
6540690116,desconocida,37.4208924,-5.9952797
6540690117,desconocida,37.4208488,-5.9953205
6540690118,desconocida,37.4208779,-5.9953641
6540690119,desconocida,37.4208879,-5.9954175
6540690120,desconocida,37.4208533,-5.9954485
6540690121,desconocida,37.4208298,-5.9953936
6540690122,desconocida,37.4209226,-5.9961688
6540690123,desconocida,37.420755,-5.9954063
6540690124,desconocida,37.4207594,-5.9953106
6540690125,desconocida,37.420679,-5.9950447
6540690126,desconocida,37.4207147,-5.9950039
6540690127,desconocida,37.4207047,-5.9949575
6540690128,desconocida,37.4207226,-5.9948815
6540690129,desconocida,37.4207348,-5.9948013
6540690130,desconocida,37.4207024,-5.9947549
6540690131,desconocida,37.4206902,-5.994828
6540690132,desconocida,37.42066,-5.9947746
6540690133,desconocida,37.4206533,-5.9948646
6540690134,desconocida,37.4206767,-5.994904
6540690135,desconocida,37.4206365,-5.9950039
6540690136,desconocida,37.4206119,-5.9949504
6540690137,desconocida,37.4205896,-5.9949068
6540690138,desconocida,37.4207594,-5.9947141
6540690139,desconocida,37.4207259,-5.9946592
6540690140,desconocida,37.4207047,-5.994624
6540690141,desconocida,37.4207337,-5.9945776
6540690142,desconocida,37.4207844,-5.9947494
6540690143,desconocida,37.4179886,-5.9944394
6540690144,desconocida,37.4179098,-5.9943549
6540690145,desconocida,37.418044,-5.9942892
6540690146,desconocida,37.4178065,-5.994253
6540690147,desconocida,37.4178491,-5.994147
6540690148,desconocida,37.4184019,-5.9941081
6540690149,desconocida,37.4173978,-5.9968564
6540690150,desconocida,37.4173434,-5.9967678
6540690151,desconocida,37.4172699,-5.9966782
6540690152,desconocida,37.4171363,-5.9969159
6540690153,desconocida,37.4173442,-5.997227
6540690154,desconocida,37.4172331,-5.9972965
6540690155,desconocida,37.4171275,-5.9971938
6540690156,desconocida,37.4172635,-5.9971988
6540690157,desconocida,37.417417,-5.9970035
6540690158,desconocida,37.4171267,-5.9970528
6540690159,desconocida,37.4174498,-5.9971918
6540690160,desconocida,37.4173514,-5.9958635
6540690161,desconocida,37.417345,-5.9959713
6540690162,desconocida,37.4172411,-5.9956974
6540690163,desconocida,37.4172075,-5.9955896
6540690164,desconocida,37.4171747,-5.9955171
6540690165,desconocida,37.417317,-5.9948767
6540690166,desconocida,37.4171587,-5.9946833
6540690167,desconocida,37.4172683,-5.9945333
6540690168,desconocida,37.4170595,-5.9945514
6540690169,desconocida,37.4171467,-5.9944678
6540690170,desconocida,37.4170907,-5.9943731
6540690171,desconocida,37.4166324,-5.9942724
6540690172,desconocida,37.4162814,-5.9940981
6540690173,desconocida,37.4163343,-5.9944593
6540690174,desconocida,37.4164757,-5.9945661
6540747169,desconocida,37.4158984,-5.9972637
6540747170,desconocida,37.415942,-5.9973374
6540747171,desconocida,37.4159953,-5.9974018
6540747172,desconocida,37.4159474,-5.9971738
6540747173,desconocida,37.4160262,-5.9972355
6540747174,desconocida,37.416105,-5.9973388
6540747175,desconocida,37.4161764,-5.9973415
6540747176,desconocida,37.4162382,-5.9974045
6540747177,desconocida,37.4162605,-5.9972865
6540747178,desconocida,37.4161753,-5.9975426
6540747179,desconocida,37.4161178,-5.9976285
6540747180,desconocida,37.4160613,-5.9976754
6540747181,desconocida,37.4162595,-5.9975882
6540747182,desconocida,37.4163276,-5.9975359
6540747183,desconocida,37.4161348,-5.9971202
6540747184,desconocida,37.4160795,-5.9970008
6540794179,desconocida,37.4159318,-5.996042
6540794180,desconocida,37.4158826,-5.9960933
6540794181,desconocida,37.4159402,-5.9961039
6540794182,desconocida,37.4159318,-5.996173
6540794183,desconocida,37.4159711,-5.9961606
6540794184,desconocida,37.4159725,-5.9962526
6540807436,desconocida,37.4206271,-5.9985365
6540807437,desconocida,37.420632,-5.998627
6540807438,desconocida,37.4205788,-5.9984262
6540807439,desconocida,37.4204939,-5.9987497
6540807440,desconocida,37.4204142,-5.9984196
6540807441,desconocida,37.4204142,-5.9985679
6540807442,desconocida,37.4203272,-5.998477
6540807443,desconocida,37.4203484,-5.998608
6540807444,desconocida,37.420254,-5.9988258
6540807445,desconocida,37.4201638,-5.9988031
6540807446,desconocida,37.420116,-5.9985385
6540807447,desconocida,37.4201224,-5.9986708
6540807448,desconocida,37.4201202,-5.9989181
6540807449,desconocida,37.4202593,-5.9989394
6540807450,desconocida,37.4205059,-5.999021
6540807451,desconocida,37.4205271,-5.9991883
6540807452,desconocida,37.4204112,-5.9993075
6540807453,desconocida,37.4204719,-5.9993805
6540807454,desconocida,37.4204946,-5.9992773
6540807455,desconocida,37.4204578,-5.999174
6540807456,desconocida,37.4204946,-5.9990797
6540807457,desconocida,37.4204041,-5.9991367
6540807458,desconocida,37.4203461,-5.9991349
6540807459,desconocida,37.419994,-5.9988449
6540807460,desconocida,37.420054,-5.9988002
6540807461,desconocida,37.4201067,-5.9987724
6540807462,desconocida,37.4200491,-5.9987323
6540807463,desconocida,37.4200491,-5.9985519
6540807464,desconocida,37.4193681,-5.9987308
6540807465,desconocida,37.4193938,-5.9987956
6540807466,desconocida,37.4193473,-5.9990824
6540807467,desconocida,37.4194453,-5.998993
6540807468,desconocida,37.4194073,-5.9990593
6540807469,desconocida,37.419509,-5.999067
6540807470,desconocida,37.4195763,-5.9987092
6540807471,desconocida,37.4194673,-5.9986444
6540807472,desconocida,37.4195114,-5.9987724
6540807473,desconocida,37.4194391,-5.9987262
6540807474,desconocida,37.4194967,-5.9988696
6540807475,desconocida,37.4195812,-5.9988773
6540807476,desconocida,37.419656,-5.9988017
6540807477,desconocida,37.4197343,-5.9986305
6540807478,desconocida,37.4196596,-5.9987061
6540807479,desconocida,37.4197846,-5.9992243
6540807480,desconocida,37.4197074,-5.9990932
6540807481,desconocida,37.4197258,-5.9992351
6540807482,desconocida,37.4196609,-5.9991626
6540807483,desconocida,37.419618,-5.9990608
6540807484,desconocida,37.4198434,-5.9989698
6540808385,desconocida,37.4159135,-5.9962437
6540808386,desconocida,37.4158699,-5.996196
6540808387,desconocida,37.4158516,-5.9962738
6540808388,desconocida,37.4159374,-5.9963623
6540808389,desconocida,37.4159486,-5.9963057
6540808390,desconocida,37.4158362,-5.9964543
6540808391,desconocida,37.4158854,-5.9964933
6540808392,desconocida,37.4158418,-5.9965428
6540808393,desconocida,37.415853,-5.996603
6540808394,desconocida,37.4157968,-5.9966118
6540808395,desconocida,37.4159107,-5.996649
6540808396,desconocida,37.4159627,-5.9965711
6540808397,desconocida,37.4159894,-5.9966507
6540808398,desconocida,37.4159514,-5.9967728
6540808399,desconocida,37.4158755,-5.9967375
6540808400,desconocida,37.4158671,-5.9966808
6540808401,desconocida,37.4158193,-5.9967321
6540808402,desconocida,37.4158938,-5.9968065
6540808403,desconocida,37.4158306,-5.9968312
6540808404,desconocida,37.4157434,-5.9967498
6540808405,desconocida,37.4156703,-5.9967286
6540808406,desconocida,37.4156155,-5.9966472
6540808407,desconocida,37.4155944,-5.996718
6540808408,desconocida,37.415638,-5.9965888
6540808409,desconocida,37.415683,-5.9965463
6540808410,desconocida,37.4157378,-5.9965269
6540808411,desconocida,37.4156956,-5.9963995
6540808412,desconocida,37.4157069,-5.9964579
6540808413,desconocida,37.4156478,-5.9964579
6540808414,desconocida,37.4156408,-5.9963181
6540808415,desconocida,37.4156352,-5.9963871
6540808416,desconocida,37.4157645,-5.9963322
6540808417,desconocida,37.4157251,-5.9962614
6540808418,desconocida,37.4156844,-5.9962225
6540808419,desconocida,37.4156507,-5.9961517
6540808420,desconocida,37.4157322,-5.9961004
6540808421,desconocida,37.4156113,-5.995973
6540808422,desconocida,37.4156661,-5.9960332
6540808423,desconocida,37.4157027,-5.9959429
6540808424,desconocida,37.4157209,-5.9960261
6540808425,desconocida,37.4155958,-5.9960438
6540808426,desconocida,37.4156788,-5.9960986
6540808427,desconocida,37.4158235,-5.9957943
6540808428,desconocida,37.4158615,-5.9957394
6540808429,desconocida,37.4157926,-5.9957376
6540808430,desconocida,37.4158095,-5.9956757
6540808431,desconocida,37.4157434,-5.9956899
6540808432,desconocida,37.4157715,-5.9956368
6540808433,desconocida,37.4157237,-5.9956527
6540808434,desconocida,37.4157434,-5.9955908
6540808435,desconocida,37.4157013,-5.995543
6540808436,desconocida,37.4156563,-5.9955854
6540808437,desconocida,37.4156942,-5.9956244
6540808438,desconocida,37.4155396,-5.9956722
6540808439,desconocida,37.4155663,-5.9956155
6540808440,desconocida,37.4156183,-5.9956651
6540808441,desconocida,37.415527,-5.9957642
6540808442,desconocida,37.4155354,-5.995835
6540808443,desconocida,37.4155551,-5.9958916
6540808444,desconocida,37.4155481,-5.9959818
6540808445,desconocida,37.4157476,-5.995251
6540808446,desconocida,37.4157266,-5.9951537
6540808447,desconocida,37.4155734,-5.9955164
6540808448,desconocida,37.4155649,-5.995451
6540808449,desconocida,37.4155944,-5.9953713
6540808450,desconocida,37.4155958,-5.9953041
6540808451,desconocida,37.4156001,-5.9952545
6540808452,desconocida,37.4156085,-5.9951944
6540808453,desconocida,37.4156661,-5.9951961
6540808454,desconocida,37.4155804,-5.99512
6540808455,desconocida,37.4155874,-5.9950634
6540808456,desconocida,37.4155438,-5.9952439
6540808457,desconocida,37.4154525,-5.995274
6540808458,desconocida,37.4154412,-5.9953501
6540808459,desconocida,37.4154918,-5.9954262
6540808460,desconocida,37.4154637,-5.9955501
6540808461,desconocida,37.4154525,-5.9955094
6540808462,desconocida,37.4153934,-5.9954439
6540808463,desconocida,37.4152529,-5.9956456
6540808464,desconocida,37.4153007,-5.9954297
6540808465,desconocida,37.4152318,-5.9952315
6540808466,desconocida,37.415229,-5.9950776
6540808467,desconocida,37.415326,-5.9950333
6540808468,desconocida,37.4153443,-5.9953642
6540808469,desconocida,37.4153218,-5.995497
6540808470,desconocida,37.4153372,-5.9958332
6540808471,desconocida,37.4153738,-5.9958881
6540808472,desconocida,37.4153892,-5.9959518
6540808473,desconocida,37.4154511,-5.9959394
6540808474,desconocida,37.4154103,-5.9960084
6540808475,desconocida,37.415475,-5.9960296
6540808476,desconocida,37.4154216,-5.9960756
6540808477,desconocida,37.4154328,-5.9961482
6540808478,desconocida,37.4153738,-5.9961588
6540808479,desconocida,37.4153302,-5.9962579
6540808480,desconocida,37.4155073,-5.996134
6540808481,desconocida,37.4155565,-5.9961093
6540808482,desconocida,37.4158235,-5.9951059
6540808483,desconocida,37.4158488,-5.9950422
6540808484,desconocida,37.4159079,-5.9950422
6540808485,desconocida,37.4159641,-5.9948971
6540808486,desconocida,37.4159289,-5.9948174
6540808487,desconocida,37.4158812,-5.9947767
6540808488,desconocida,37.4158263,-5.9947697
6540808489,desconocida,37.4158362,-5.994706
6540808490,desconocida,37.4157448,-5.9947024
6540808491,desconocida,37.4156984,-5.994759
6540808492,desconocida,37.4156605,-5.9946936
6540808493,desconocida,37.4157575,-5.9946192
6540808494,desconocida,37.415832,-5.9946192
6540808495,desconocida,37.4159528,-5.9947467
6540808496,desconocida,37.4159753,-5.9946016
6540808497,desconocida,37.4159908,-5.9947007
6540808498,desconocida,37.4160639,-5.9948847
6540808499,desconocida,37.4161285,-5.9949024
6540808500,desconocida,37.4161798,-5.9949592
6540808501,desconocida,37.4162459,-5.9949438
6540808502,desconocida,37.4161847,-5.9948729
6540808503,desconocida,37.4162459,-5.9950686
6540808504,desconocida,37.4162545,-5.9951487
6540808505,desconocida,37.4160146,-5.9945109
6540808506,desconocida,37.4163156,-5.9944477
6540808507,desconocida,37.4162728,-5.9944154
6540808508,desconocida,37.4161798,-5.9943984
6540808509,desconocida,37.416181,-5.9945063
6540808510,desconocida,37.4162459,-5.9943076
6540808511,desconocida,37.416312,-5.9942459
6540808512,desconocida,37.4161211,-5.9942321
6540808513,desconocida,37.4161798,-5.9942598
6540808514,desconocida,37.4160819,-5.9942937
6540808515,desconocida,37.4164123,-5.9958003
6540812985,desconocida,37.4160038,-5.9969311
6540812986,desconocida,37.415942,-5.9970625
6540812987,desconocida,37.4159271,-5.9969002
6540812988,desconocida,37.4158377,-5.996919
6540812989,desconocida,37.4158632,-5.9970639
6540812990,desconocida,37.4157599,-5.9969914
6540812991,desconocida,37.4157482,-5.9970518
6540812992,desconocida,37.4157578,-5.9971403
6540812993,desconocida,37.415811,-5.9971229
6540812994,desconocida,37.415745,-5.9968359
6540812995,desconocida,37.415467,-5.9968359
6540812996,desconocida,37.4155107,-5.9968265
6540812997,desconocida,37.4155565,-5.9967876
6540812998,desconocida,37.4154606,-5.9967836
6540812999,desconocida,37.4155202,-5.9967608
6540813000,desconocida,37.4155,-5.9968855
6540813001,desconocida,37.4154723,-5.9969432
6540813002,desconocida,37.4155458,-5.9969499
6540813003,desconocida,37.4155927,-5.9970102
6540813004,desconocida,37.4156299,-5.996856
6540813005,desconocida,37.4155682,-5.9968613
6540813006,desconocida,37.4155096,-5.9970156
6540813007,desconocida,37.4154734,-5.997092
6540813008,desconocida,37.4155575,-5.9970987
6540813009,desconocida,37.415451,-5.997151
6540813010,desconocida,37.4156598,-5.9971215
6540813011,desconocida,37.4155937,-5.9971483
6540813012,desconocida,37.415516,-5.9971497
6540813013,desconocida,37.4154915,-5.9972261
6540813014,desconocida,37.4154648,-5.9973281
6540813015,desconocida,37.4155458,-5.9972851
6540813016,desconocida,37.4155639,-5.9972167
6540813017,desconocida,37.4156268,-5.99721
6540813018,desconocida,37.4156395,-5.9972972
6540813019,desconocida,37.4155991,-5.9972731
6540813020,desconocida,37.4154617,-5.9972583
6540813021,desconocida,37.4155277,-5.9973401
6540813022,desconocida,37.4155692,-5.9973777
6540813023,desconocida,37.4156289,-5.9973616
6540813024,desconocida,37.4155873,-5.9973254
6540813025,desconocida,37.4155075,-5.9973938
6540813026,desconocida,37.4155511,-5.9974434
6540813027,desconocida,37.415598,-5.9974246
6540813028,desconocida,37.4156672,-5.9974166
6540813029,desconocida,37.4155682,-5.9975011
6540813030,desconocida,37.4157184,-5.9972382
6540813031,desconocida,37.4154489,-5.9974273
6540813032,desconocida,37.4155362,-5.997611
6540813033,desconocida,37.4155309,-5.9975507
6540813034,desconocida,37.4154702,-5.9975118
6540813035,desconocida,37.4155682,-5.9976741
6540813036,desconocida,37.4155746,-5.9977223
6540813037,desconocida,37.4155959,-5.997776
6540813038,desconocida,37.4155618,-5.9978927
6540813039,desconocida,37.4156023,-5.997957
6540813040,desconocida,37.4156342,-5.997902
6540813041,desconocida,37.4156981,-5.9979101
6540813042,desconocida,37.4156576,-5.9978658
6540813043,desconocida,37.4156971,-5.9978243
6540813044,desconocida,37.4156363,-5.997788
6540813045,desconocida,37.415533,-5.9978323
6540813046,desconocida,37.4156289,-5.9977089
6540813047,desconocida,37.4156065,-5.9976258
6540813048,desconocida,37.4156023,-5.9975534
6540813049,desconocida,37.415631,-5.9974903
6540813050,desconocida,37.4156811,-5.9975104
6540813051,desconocida,37.4156619,-5.9975708
6540813052,desconocida,37.4156758,-5.9976499
6540813053,desconocida,37.4156821,-5.9977451
6540813054,desconocida,37.415729,-5.9976352
6540813055,desconocida,37.4157311,-5.9977612
6540813056,desconocida,37.4157535,-5.9976969
6540813057,desconocida,37.4158036,-5.9976754
6540813058,desconocida,37.4157471,-5.9978336
6540813059,desconocida,37.4157599,-5.9978538
6540813060,desconocida,37.4158185,-5.9978471
6540813061,desconocida,37.4158739,-5.9978202
6540813062,desconocida,37.4157716,-5.9979181
6540813063,desconocida,37.41581,-5.997902
6540813064,desconocida,37.415859,-5.9978752
6540813065,desconocida,37.4158973,-5.9978725
6540813066,desconocida,37.4156875,-5.9978819
6540813067,desconocida,37.4155873,-5.9979168
6540813068,desconocida,37.4157876,-5.9978055
6540813069,desconocida,37.4157833,-5.9977425
6540813070,desconocida,37.4158313,-5.9977666
6540813071,desconocida,37.4159069,-5.99767
6540813072,desconocida,37.4159037,-5.9977425
6540813073,desconocida,37.4158568,-5.9977116
6540813074,desconocida,37.4158568,-5.9976593
6540813075,desconocida,37.4158057,-5.9976365
6540813076,desconocida,37.4158685,-5.9976137
6540813077,desconocida,37.4159197,-5.9975788
6540813078,desconocida,37.4154936,-5.9976741
6540813079,desconocida,37.4155117,-5.9977612
6540813080,desconocida,37.4154808,-5.9978269
6540813081,desconocida,37.4160198,-5.9970564
6540813082,desconocida,37.4158808,-5.9967852
6540813083,desconocida,37.4154873,-5.9965531
6540813084,desconocida,37.4155461,-5.9962908
6540813085,desconocida,37.4155994,-5.9962761
6540813086,desconocida,37.4154428,-5.9965135
6540813087,desconocida,37.4153874,-5.9964706
6540813088,desconocida,37.4153171,-5.9964866
6540813089,desconocida,37.4153331,-5.9964276
6540813090,desconocida,37.4152905,-5.9964303
6540813091,desconocida,37.4155504,-5.996205
6540813092,desconocida,37.4155962,-5.9962184
6540813093,desconocida,37.4155813,-5.9961634
6540813094,desconocida,37.4154822,-5.9962023
6540813095,desconocida,37.4155014,-5.9962587
6540813096,desconocida,37.4154268,-5.9961956
6540813097,desconocida,37.4154077,-5.9962318
6540813098,desconocida,37.41538,-5.9961983
6540813099,desconocida,37.4155014,-5.9947754
6540813100,desconocida,37.4154492,-5.9946614
6540813101,desconocida,37.4155547,-5.9946802
6540813102,desconocida,37.415625,-5.994656
6540813103,desconocida,37.4155653,-5.9947499
6540813104,desconocida,37.4151158,-5.9956377
6540813105,desconocida,37.4152298,-5.9959328
6540813106,desconocida,37.4152308,-5.995981
6540813107,desconocida,37.4154716,-5.9955948
6540813108,desconocida,37.4155067,-5.9953266
6540828849,desconocida,37.4158449,-5.9941463
6540828850,desconocida,37.4159256,-5.9941479
6540828851,desconocida,37.4158424,-5.9942942
6540828852,desconocida,37.4158938,-5.9944159
6540828853,desconocida,37.4159489,-5.994382
6540828854,desconocida,37.4160149,-5.9943404
6540828855,desconocida,37.4160027,-5.9942033
6540828856,desconocida,37.4156258,-5.9944745
6540828857,desconocida,37.4156112,-5.9943882
6540828858,desconocida,37.4155793,-5.9941171
6540828859,desconocida,37.4170531,-5.9977352
6540828860,desconocida,37.4169595,-5.9976641
6540828861,desconocida,37.4169869,-5.9975828
6540828862,desconocida,37.4169288,-5.9974446
6540828863,desconocida,37.4167577,-5.9977942
6540828864,desconocida,37.4168481,-5.9977068
6540828865,desconocida,37.416861,-5.9979324
6540828866,desconocida,37.4169385,-5.9978897
6540828867,desconocida,37.4169789,-5.9979527
6540828868,desconocida,37.4170241,-5.9978653
6540828869,desconocida,37.4167512,-5.9978857
6540828870,desconocida,37.4166883,-5.9977861
6540828871,desconocida,37.4166027,-5.9978511
6540828872,desconocida,37.4165349,-5.997906
6540828873,desconocida,37.4165591,-5.9980178
6540828874,desconocida,37.4169127,-5.9976946
6540828875,desconocida,37.4171645,-5.9975381
6540828876,desconocida,37.4172791,-5.9974832
6540828877,desconocida,37.4172743,-5.9975482
6540828878,desconocida,37.4174196,-5.9974283
6540828879,desconocida,37.4175149,-5.9973856
6540828880,desconocida,37.4175552,-5.9974669
6540828881,desconocida,37.4174842,-5.997473
6540828882,desconocida,37.4170838,-5.9979019
6540828883,desconocida,37.4171338,-5.9978348
6540828884,desconocida,37.4171435,-5.9979954
6540830366,desconocida,37.4160381,-5.9983952
6540830367,desconocida,37.4160251,-5.9980557
6540830368,desconocida,37.4161688,-5.9980212
6540830369,desconocida,37.4162479,-5.9980191
6540830370,desconocida,37.416214,-5.9981289
6540830371,desconocida,37.4161931,-5.9982041
6540830372,desconocida,37.4162818,-5.9982468
6540830373,desconocida,37.4161914,-5.9983139
6540830374,desconocida,37.41634,-5.9979521
6540830375,desconocida,37.4163577,-5.9980944
6540830376,desconocida,37.4162899,-5.998137
6540830377,desconocida,37.4163158,-5.9983484
6540830378,desconocida,37.4163335,-5.9981919
6540830379,desconocida,37.416143,-5.9985395
6540830380,desconocida,37.4160397,-5.9985111
6540830381,desconocida,37.415536,-5.9984419
6540830382,desconocida,37.415565,-5.9985375
6540830383,desconocida,37.4156118,-5.9984826
6540830384,desconocida,37.4156264,-5.9983566
6540839685,desconocida,37.4170111,-5.9980564
6540839686,desconocida,37.4171209,-5.9980625
6540839687,desconocida,37.417108,-5.9981479
6540839688,desconocida,37.417079,-5.9982353
6540839689,desconocida,37.4170063,-5.9982394
6540839690,desconocida,37.4169676,-5.9981601
6540839691,desconocida,37.4170612,-5.9981702
6540839692,desconocida,37.416953,-5.9982759
6540839693,desconocida,37.4170063,-5.998343
6540839694,desconocida,37.4170806,-5.9983471
6540839695,desconocida,37.416882,-5.9984874
6540839696,desconocida,37.4169789,-5.9985219
6540839697,desconocida,37.416911,-5.9985707
6540839698,desconocida,37.4168868,-5.9986479
6540839699,desconocida,37.4168384,-5.9985951
6540839700,desconocida,37.4167948,-5.9986561
6540839701,desconocida,37.4167948,-5.9987516
6540839702,desconocida,37.4168545,-5.998776
6540839703,desconocida,37.4169498,-5.9987577
6540839704,desconocida,37.4169482,-5.9987597
6540839705,desconocida,37.4169708,-5.9986683
6540839706,desconocida,37.4170305,-5.998591
6540839707,desconocida,37.4168045,-5.9989183
6540839708,desconocida,37.4168933,-5.9989528
6540839709,desconocida,37.4169353,-5.9988634
6540839710,desconocida,37.4170208,-5.998898
6540839711,desconocida,37.4170547,-5.9987963
6540839712,desconocida,37.4171258,-5.9987719
6540839713,desconocida,37.4171322,-5.9986479
6540839714,desconocida,37.4171968,-5.9986805
6540839715,desconocida,37.4171403,-5.9988695
6540839716,desconocida,37.4172162,-5.9988228
6540839717,desconocida,37.4170886,-5.9984955
6540839718,desconocida,37.4172033,-5.9984995
6540839719,desconocida,37.4173066,-5.9986906
6540839720,desconocida,37.4172662,-5.9986256
6540839721,desconocida,37.4173486,-5.9985178
6540839722,desconocida,37.4174616,-5.998406
6540839723,desconocida,37.417481,-5.9982983
6540839724,desconocida,37.4175601,-5.9983735
6540839725,desconocida,37.417305,-5.9984304
6540839726,desconocida,37.4172436,-5.9983471
6540839727,desconocida,37.4171984,-5.9982292
6540839728,desconocida,37.4172872,-5.998278
6540839729,desconocida,37.4173696,-5.9983085
6540839730,desconocida,37.4173389,-5.998158
6540839731,desconocida,37.4173405,-5.9979609
6540839732,desconocida,37.4172178,-5.99803
6540839733,desconocida,37.4176424,-5.9984467
6540839734,desconocida,37.4176666,-5.9983532
6540839735,desconocida,37.4177554,-5.9983308
6540839736,desconocida,37.4177231,-5.9985138
6540839737,desconocida,37.4176747,-5.9982028
6540839738,desconocida,37.4177683,-5.9981784
6540839739,desconocida,37.4176101,-5.9981133
6540839740,desconocida,37.4175811,-5.9980544
6540839741,desconocida,37.4175568,-5.9979324
6540839742,desconocida,37.4175843,-5.9978531
6540839743,desconocida,37.4176166,-5.9977617
6540839744,desconocida,37.4174632,-5.9979223
6540839745,desconocida,37.4174422,-5.9980442
6540839746,desconocida,37.417481,-5.9981194
6540839747,desconocida,37.4174018,-5.9981154
6540839748,desconocida,37.4172775,-5.9979609
6540839749,desconocida,37.4180638,-5.9982312
6540839750,desconocida,37.4180783,-5.9983186
6540839751,desconocida,37.4180638,-5.9983979
6540839752,desconocida,37.4179911,-5.9983857
6540839753,desconocida,37.4179669,-5.9982556
6540839754,desconocida,37.4179072,-5.9982922
6540839755,desconocida,37.4179265,-5.9983674
6540839756,desconocida,37.4179298,-5.998463
6540839757,desconocida,37.4179088,-5.9985565
6540839758,desconocida,37.4178038,-5.9986053
6540839759,desconocida,37.4178232,-5.9984874
6540839760,desconocida,37.4178313,-5.9983796
6540839761,desconocida,37.4178313,-5.9982516
6540839762,desconocida,37.4178297,-5.9981357
6540839763,desconocida,37.4177264,-5.9979873
6540839764,desconocida,37.417644,-5.9979385
6540839765,desconocida,37.4176408,-5.9979995
6540839766,desconocida,37.4176989,-5.9980666
6540839767,desconocida,37.4178264,-5.998028
6540839768,desconocida,37.4178103,-5.9979243
6540839769,desconocida,37.4175536,-5.998587
6540839770,desconocida,37.4174632,-5.9985422
6540839771,desconocida,37.4174535,-5.9986439
6540839772,desconocida,37.4174131,-5.9987252
6540839773,desconocida,37.4175294,-5.9988045
6540839774,desconocida,37.4177102,-5.9987191
6540839775,desconocida,37.4179007,-5.9978857
6540839776,desconocida,37.4179265,-5.9976215
6540839777,desconocida,37.4180516,-5.9977684
6540839778,desconocida,37.418008,-5.9978392
6540839779,desconocida,37.4180895,-5.9978887
6540839780,desconocida,37.4181008,-5.9979967
6540839781,desconocida,37.4181443,-5.9979525
6540839782,desconocida,37.4181598,-5.9978569
6540839783,desconocida,37.4180459,-5.9979153
6540839784,desconocida,37.4180839,-5.9978197
6540839785,desconocida,37.4182596,-5.9978127
6540839786,desconocida,37.4184535,-5.9977879
6540839787,desconocida,37.4183664,-5.9977985
6540839788,desconocida,37.4184156,-5.9977295
6540839789,desconocida,37.4183439,-5.9977295
6540839790,desconocida,37.4182863,-5.9976852
6540839791,desconocida,37.4182076,-5.9976923
6540839792,desconocida,37.4182891,-5.9975525
6540839793,desconocida,37.4181795,-5.99748
6540839794,desconocida,37.4181022,-5.9975189
6540839795,desconocida,37.4181373,-5.9975844
6540839796,desconocida,37.4182287,-5.9975755
6540839797,desconocida,37.4181471,-5.9976569
6540839798,desconocida,37.4180712,-5.9975861
6540839799,desconocida,37.4179757,-5.9976463
6540839800,desconocida,37.4178197,-5.9974499
6540839801,desconocida,37.4178548,-5.997549
6540839802,desconocida,37.4178618,-5.9976782
6540839803,desconocida,37.4182441,-5.9976392
6540839804,desconocida,37.4182371,-5.997257
6540839805,desconocida,37.4166489,-5.9990248
6540839806,desconocida,37.4165899,-5.9989328
6540839807,desconocida,37.416618,-5.9988373
6540839808,desconocida,37.4165533,-5.9987859
6540839809,desconocida,37.4165182,-5.9988603
6540839810,desconocida,37.4163102,-5.9990425
6540839811,desconocida,37.4163256,-5.9991239
6540839812,desconocida,37.4164114,-5.9991151
6540839813,desconocida,37.4163959,-5.9989417
6540839814,desconocida,37.416507,-5.9986744
6540839815,desconocida,37.4165449,-5.9986178
6540839816,desconocida,37.4163973,-5.9984886
6540839817,desconocida,37.4164774,-5.9984869
6540839818,desconocida,37.416521,-5.9985541
6540839819,desconocida,37.4164662,-5.9985541
6540839820,desconocida,37.4164999,-5.99834
6540839821,desconocida,37.4165505,-5.9984391
6540839822,desconocida,37.4164507,-5.9983878
6540839823,desconocida,37.4165168,-5.9981896
6540839824,desconocida,37.4165885,-5.998117
6540839825,desconocida,37.4166194,-5.9981949
6540839826,desconocida,37.4166545,-5.9983329
6540839827,desconocida,37.4165421,-5.9982621
6540839828,desconocida,37.4164297,-5.9983152
6540856048,desconocida,37.419569,-5.9979794
6540856049,desconocida,37.4196702,-5.9978245
6540856050,desconocida,37.4198253,-5.9982182
6540856051,desconocida,37.4199252,-5.9979278
6540856052,desconocida,37.4199175,-5.9979956
6540856053,desconocida,37.4200918,-5.9981133
6540856054,desconocida,37.420038,-5.9981972
6540856055,desconocida,37.4203635,-5.9978907
6540856056,desconocida,37.4204608,-5.9980585
6540856057,desconocida,37.4202981,-5.9975906
6540856058,desconocida,37.4202161,-5.9976132
6540856059,desconocida,37.420316,-5.9973002
6540856060,desconocida,37.4201943,-5.997305
6540856061,desconocida,37.4201008,-5.9972954
6540856062,desconocida,37.420047,-5.9972873
6540856063,desconocida,37.4200905,-5.997155
6540856064,desconocida,37.4205287,-5.9976374
6540856065,desconocida,37.4206671,-5.9980198
6540856066,desconocida,37.4205095,-5.9972066
6540856067,desconocida,37.4204403,-5.9971082
6540856068,desconocida,37.4204224,-5.9969533
6540856069,desconocida,37.4205198,-5.9969065
6540856070,desconocida,37.4204711,-5.9968291
6540856071,desconocida,37.4206031,-5.9965645
6540856072,desconocida,37.4202994,-5.9968501
6540856073,desconocida,37.4205416,-5.9964741
6540856074,desconocida,37.4201853,-5.9968307
6540856075,desconocida,37.4202456,-5.9967888
6540856076,desconocida,37.4198612,-5.9964822
6540856077,desconocida,37.4196907,-5.9966371
6540856078,desconocida,37.4196549,-5.9966855
6540856079,desconocida,37.4195972,-5.9966548
6540856080,desconocida,37.4196638,-5.9965225
6540856081,desconocida,37.4197433,-5.9965306
6540856082,desconocida,37.4195703,-5.9965564
6540856083,desconocida,37.4195716,-5.9964871
6540856084,desconocida,37.4197164,-5.9971276
6540863785,desconocida,37.4156683,-5.9984155
6540863786,desconocida,37.4156974,-5.9985131
6540863787,desconocida,37.415678,-5.9985985
6540863788,desconocida,37.4157749,-5.9985111
6540863789,desconocida,37.4159057,-5.9984602
6540863790,desconocida,37.4159218,-5.998381
6540863791,desconocida,37.4159218,-5.9982956
6540863792,desconocida,37.4159525,-5.9982021
6540863793,desconocida,37.4160025,-5.9981228
6540863794,desconocida,37.4160978,-5.9980964
6540863795,desconocida,37.4158976,-5.9981248
6540863796,desconocida,37.4158621,-5.9981736
6540863797,desconocida,37.4158249,-5.9982285
6540863798,desconocida,37.4157701,-5.998257
6540863799,desconocida,37.4157232,-5.9983058
6540863800,desconocida,37.4157507,-5.998381
6540863801,desconocida,37.4158411,-5.9984582
6540863802,desconocida,37.415854,-5.9983789
6540863803,desconocida,37.4158492,-5.9982956
6540863804,desconocida,37.4158895,-5.9982407
6540863805,desconocida,37.4157943,-5.9983261
6540863806,desconocida,37.415783,-5.9984338
6540863807,desconocida,37.4162705,-5.9985212
6540863808,desconocida,37.4162237,-5.9985985
6540863809,desconocida,37.4162286,-5.9987001
6540863810,desconocida,37.4161866,-5.9986473
6540863811,desconocida,37.4162157,-5.9987834
6540863812,desconocida,37.4161414,-5.9987082
6540863813,desconocida,37.4161495,-5.9987895
6540863814,desconocida,37.4160768,-5.9987469
6540863815,desconocida,37.4161349,-5.9989034
6540863816,desconocida,37.4161139,-5.9989949
6540863817,desconocida,37.4160897,-5.9990823
6540863818,desconocida,37.4159993,-5.9990335
6540863819,desconocida,37.4158621,-5.9988912
6540863820,desconocida,37.4159267,-5.998942
6540863821,desconocida,37.4159234,-5.9990762
6540863822,desconocida,37.4158734,-5.9990274
6540863823,desconocida,37.4158072,-5.9989684
6540863824,desconocida,37.4157878,-5.9990497
6540863825,desconocida,37.4160429,-5.9989705
6540863826,desconocida,37.4160429,-5.9988932
6540863827,desconocida,37.4161075,-5.9988363
6540863828,desconocida,37.4159493,-5.9987347
6540863829,desconocida,37.4158718,-5.9988221
6540863830,desconocida,37.4159977,-5.9988383
6540863831,desconocida,37.4159961,-5.9989278
6540863832,desconocida,37.4163552,-5.9927774
6540863833,desconocida,37.4162835,-5.9927119
6540863834,desconocida,37.416313,-5.9925933
6540863835,desconocida,37.4164016,-5.9926482
6540863836,desconocida,37.4164648,-5.9927685
6540863837,desconocida,37.4164044,-5.9925332
6540863838,desconocida,37.4163833,-5.9924234
6540863839,desconocida,37.4162175,-5.9925969
6540863840,desconocida,37.416559,-5.9924836
6540863841,desconocida,37.4165674,-5.9925845
6540863842,desconocida,37.416625,-5.9926022
6540863843,desconocida,37.4165604,-5.9926924
6540863844,desconocida,37.4166925,-5.9926588
6540863845,desconocida,37.4166293,-5.9924288
6540863846,desconocida,37.4167066,-5.9924323
6540863847,desconocida,37.4167726,-5.9923916
6540863848,desconocida,37.4167276,-5.9923314
6540863849,desconocida,37.416812,-5.9926553
6540863850,desconocida,37.416878,-5.9926889
6540863851,desconocida,37.4169286,-5.9927384
6540863852,desconocida,37.4166644,-5.9928499
6540863853,desconocida,37.4168471,-5.9925774
6540863854,desconocida,37.416864,-5.9923863
6540863855,desconocida,37.4168865,-5.9924978
6540863856,desconocida,37.4169483,-5.9924146
6540863857,desconocida,37.4169834,-5.9925031
6540863858,desconocida,37.4169497,-5.9926216
6540863859,desconocida,37.417041,-5.992541
6540863860,desconocida,37.4171226,-5.9928924
6540863861,desconocida,37.4171886,-5.9929012
6540863862,desconocida,37.4170804,-5.992742
6540863863,desconocida,37.4169989,-5.9927668
6540863864,desconocida,37.4170326,-5.9926836
6540863865,desconocida,37.4171633,-5.9927137
6540863866,desconocida,37.4171198,-5.9925491
6540863867,desconocida,37.4170425,-5.9932162
6540863868,desconocida,37.4170439,-5.9931295
6540863869,desconocida,37.4173109,-5.9933472
6540863870,desconocida,37.4174051,-5.9933879
6540863871,desconocida,37.4174234,-5.9932268
6540863872,desconocida,37.417131,-5.9931171
6540863873,desconocida,37.4171352,-5.9932251
6540863874,desconocida,37.4170636,-5.9933313
6540863875,desconocida,37.4169595,-5.9933118
6540863876,desconocida,37.4169778,-5.9931968
6540863877,desconocida,37.4171943,-5.9930304
6540863878,desconocida,37.4173278,-5.9929526
6540863879,desconocida,37.4172814,-5.9927437
6540863880,desconocida,37.416826,-5.9928305
6540863881,desconocida,37.4168598,-5.9928924
6540865085,desconocida,37.4197931,-5.9990639
6540865086,desconocida,37.4197699,-5.9988341
6540865087,desconocida,37.4198752,-5.9987987
6540865088,desconocida,37.4199144,-5.9987077
6540865089,desconocida,37.4199867,-5.9986398
6540865090,desconocida,37.4198973,-5.9986089
6540865091,desconocida,37.4198213,-5.9986768
6540865092,desconocida,37.4198225,-5.9985935
6540865093,desconocida,37.4197135,-5.9989729
6540865094,desconocida,37.4198691,-5.9988742
6540865095,desconocida,37.4198372,-5.9992937
6540865096,desconocida,37.4199401,-5.9994279
6540865097,desconocida,37.4199083,-5.9995621
6540865098,desconocida,37.4199989,-5.9996253
6540865099,desconocida,37.4200491,-5.9994865
6540865100,desconocida,37.4200185,-5.9994109
6540865101,desconocida,37.420092,-5.9996207
6540865102,desconocida,37.4201447,-5.9995266
6540865103,desconocida,37.4200442,-5.9999523
6540865104,desconocida,37.4200896,-5.9999029
6540865105,desconocida,37.4201373,-5.9999708
6540865106,desconocida,37.419972,-5.9997641
6540865107,desconocida,37.4200712,-5.9998104
6540865108,desconocida,37.4202537,-5.9998166
6540865109,desconocida,37.4201863,-5.9996007
6540865110,desconocida,37.4201912,-5.9994665
6540865111,desconocida,37.4201324,-5.999451
6540865112,desconocida,37.4201618,-5.9993292
6540865113,desconocida,37.4201643,-5.9997996
6540865114,desconocida,37.4202439,-5.9996994
6540865115,desconocida,37.4201043,-5.9996978
6540865116,desconocida,37.420288,-5.9996222
6540865117,desconocida,37.4203468,-5.9993816
6540865118,desconocida,37.42025,-5.9993678
6540865119,desconocida,37.4202709,-5.9995143
6540865120,desconocida,37.420446,-5.9994603
6540865121,desconocida,37.4203786,-5.9995158
6540865122,desconocida,37.4203162,-5.9994526
6540865123,desconocida,37.4199989,-5.9992521
6540865124,desconocida,37.4199328,-5.9993107
6540865125,desconocida,37.4202231,-5.9992151
6540865126,desconocida,37.4200577,-5.9990408
6540865127,desconocida,37.4200871,-5.9991626
6540865128,desconocida,37.4201312,-5.9992274
6540865129,desconocida,37.42007,-5.9992598
6540865130,desconocida,37.4203214,-5.9992722
6540865131,desconocida,37.4203058,-5.999185
6540865132,desconocida,37.4204063,-5.9990607
6540865133,desconocida,37.4204686,-5.9989189
6540865134,desconocida,37.4205431,-5.998956
6540865135,desconocida,37.4205951,-5.9988927
6540865136,desconocida,37.4205743,-5.9987422
6540865137,desconocida,37.4204513,-5.9986484
6540865138,desconocida,37.420505,-5.9984827
6540865139,desconocida,37.4203699,-5.998932
6540865140,desconocida,37.4202867,-5.9987117
6540865141,desconocida,37.4202157,-5.9986615
6540865142,desconocida,37.4202001,-5.9989538
6540895369,desconocida,37.4205338,-5.9954588
6540895370,desconocida,37.4205534,-5.9956203
6540895382,desconocida,37.4207235,-5.9983465
6540895383,desconocida,37.4206232,-5.9986407
6540956585,desconocida,37.4195934,-5.9973034
6540956586,desconocida,37.4197317,-5.997689
6540956587,desconocida,37.4200675,-5.9978746
6540956588,desconocida,37.4199355,-5.9981601
6540956589,desconocida,37.419478,-5.9971856
6540956590,desconocida,37.4193602,-5.9965709
6540956591,desconocida,37.4192346,-5.9965839
6540956592,desconocida,37.4191064,-5.9967258
6540956593,desconocida,37.419077,-5.9966258
6540956594,desconocida,37.4191052,-5.997276
6540956595,desconocida,37.4185221,-5.9972179
6540956596,desconocida,37.4184465,-5.9973809
6540956597,desconocida,37.41823,-5.9970888
6540956598,desconocida,37.4179647,-5.9973776
6540956599,desconocida,37.4176815,-5.9973421
6540956600,desconocida,37.4176149,-5.9973696
6540956601,desconocida,37.4176969,-5.9974244
6540956602,desconocida,37.4177905,-5.9973728
6540956603,desconocida,37.4173689,-5.9974664
6540956604,desconocida,37.4173151,-5.9974083
6540956605,desconocida,37.4174291,-5.997347
6540956606,desconocida,37.416923,-5.9977761
6540956607,desconocida,37.4167833,-5.9979762
6540956608,desconocida,37.416732,-5.9977213
6540956609,desconocida,37.4170588,-5.9975696
6540956610,desconocida,37.4170921,-5.9975051
6540956611,desconocida,37.4165565,-5.9977987
6540956612,desconocida,37.4164309,-5.9978536
6540956613,desconocida,37.415498,-5.9986135
6540956614,desconocida,37.4166398,-5.9986522
6540956615,desconocida,37.4175726,-5.9981488
6540956616,desconocida,37.4175367,-5.998052
6540956617,desconocida,37.4204831,-5.9944597
6540956618,desconocida,37.4205004,-5.9945161
6540956619,desconocida,37.4205431,-5.9944802
6540956620,desconocida,37.4205207,-5.9944315
6540956621,desconocida,37.4205553,-5.994379
6540956622,desconocida,37.4205787,-5.9944226
6540956623,desconocida,37.4206041,-5.9943483
6540956624,desconocida,37.4205278,-5.9942932
6540956625,desconocida,37.4206326,-5.9941677
6540956626,desconocida,37.4206082,-5.9941191
6540956627,desconocida,37.4205746,-5.9941716
6540956628,desconocida,37.4206855,-5.994137
6540956629,desconocida,37.420656,-5.9940922
6540956630,desconocida,37.4206967,-5.9940551
6540956631,desconocida,37.4207282,-5.9940935
6540956632,desconocida,37.4207536,-5.9939974
6540956633,desconocida,37.4207262,-5.9939603
6540956634,desconocida,37.4206794,-5.9940038
6540956635,desconocida,37.4206733,-5.9938758
6540956636,desconocida,37.420717,-5.9938258
6540956637,desconocida,37.4207587,-5.9937874
6540956638,desconocida,37.420774,-5.993918
6540956639,desconocida,37.4208085,-5.9938758
6540956640,desconocida,37.4208573,-5.9938579
6540956641,desconocida,37.4208085,-5.9939731
6540956642,desconocida,37.4208299,-5.9938079
6540956643,desconocida,37.4208004,-5.993758
6540956644,desconocida,37.420778,-5.9937183
6540956645,desconocida,37.4207516,-5.9936735
6540956646,desconocida,37.4207129,-5.9936158
6540956647,desconocida,37.4205187,-5.9940819
6540956648,desconocida,37.4205767,-5.9939411
6540956649,desconocida,37.4206255,-5.993904
6540956650,desconocida,37.4203214,-5.994315
6540956651,desconocida,37.420357,-5.9943675
6540956652,desconocida,37.4203773,-5.9944123
6540956653,desconocida,37.4203977,-5.9943188
6540956654,desconocida,37.4204434,-5.9942817
6540956655,desconocida,37.4204119,-5.9942343
6540956656,desconocida,37.4203885,-5.9941972
6540956657,desconocida,37.420355,-5.9942433
6540956658,desconocida,37.4203072,-5.9942753
6540956659,desconocida,37.4202543,-5.994306
6540956660,desconocida,37.4202349,-5.9942676
6540956661,desconocida,37.4202105,-5.9942113
6540956662,desconocida,37.4203956,-5.9941127
6540956663,desconocida,37.4204475,-5.9940102
6540956664,desconocida,37.4203855,-5.9939001
6540956665,desconocida,37.4203407,-5.9940512
6540956666,desconocida,37.4202441,-5.9939859
6540956667,desconocida,37.4203478,-5.9938015
6540956668,desconocida,37.4200936,-5.9940384
6540956669,desconocida,37.4200315,-5.9941114
6540956670,desconocida,37.4201943,-5.9938604
6540956671,desconocida,37.4201749,-5.9939501
6540956672,desconocida,37.4202644,-5.9937631
6540956673,desconocida,37.420116,-5.9937464
6540956674,desconocida,37.4200722,-5.9938092
6540956675,desconocida,37.419999,-5.9938156
6540956676,desconocida,37.4199359,-5.9938374
6540956677,desconocida,37.419937,-5.9939936
6540956678,desconocida,37.4198739,-5.9939321
6540956679,desconocida,37.4199797,-5.9937567
6540956680,desconocida,37.4199726,-5.9936414
6540956681,desconocida,37.4198932,-5.9937593
6540956682,desconocida,37.4199024,-5.9936248
6540956683,desconocida,37.4198505,-5.9935953
6540956684,desconocida,37.4198027,-5.9937541
6540956685,desconocida,37.4198119,-5.9936735
6540956686,desconocida,37.4197864,-5.993895
6540956687,desconocida,37.4202925,-5.9930427
6540956688,desconocida,37.4203296,-5.992944
6540956689,desconocida,37.4202626,-5.9928992
6540956690,desconocida,37.4197453,-5.993075
6540956691,desconocida,37.4194774,-5.9932311
6540956692,desconocida,37.4196948,-5.9938427
6540956693,desconocida,37.4196023,-5.9937887
6540956694,desconocida,37.4196576,-5.9936183
6540956695,desconocida,37.4197415,-5.9936183
6540956696,desconocida,37.4197568,-5.9935258
6540956697,desconocida,37.4197386,-5.9937299
6540956698,desconocida,37.4196652,-5.9937203
6540956699,desconocida,37.4196976,-5.9934898
6540956700,desconocida,37.4196338,-5.9935294
6540956701,desconocida,37.419569,-5.9936471
6540956702,desconocida,37.4195432,-5.993521
6540956703,desconocida,37.4194994,-5.9935775
6540956704,desconocida,37.4194422,-5.9936855
6540956705,desconocida,37.4194317,-5.9937287
6540956706,desconocida,37.4193459,-5.9937203
6540956707,desconocida,37.4192677,-5.9935895
6540956708,desconocida,37.4192382,-5.9936711
6540956709,desconocida,37.419322,-5.9936519
6540956710,desconocida,37.419201,-5.9935943
6540956711,desconocida,37.4191991,-5.993473
6540956712,desconocida,37.4192877,-5.9933386
6540956713,desconocida,37.4193926,-5.9933086
6540956714,desconocida,37.4192944,-5.9934934
6540956715,desconocida,37.4194269,-5.9935415
6540956716,desconocida,37.4194527,-5.9933794
6540956717,desconocida,37.4193859,-5.9934754
6540956718,desconocida,37.419385,-5.9933806
6540956719,desconocida,37.4191438,-5.9936027
6540956720,desconocida,37.4188864,-5.9936243
6540956721,desconocida,37.4190389,-5.9935439
6540956722,desconocida,37.4177851,-5.9937069
6540956723,desconocida,37.4179153,-5.9937473
6540956724,desconocida,37.4179415,-5.9935846
6540956725,desconocida,37.4179133,-5.993647
6540956726,desconocida,37.4175346,-5.9936739
6540956727,desconocida,37.4172928,-5.9932606
6540956728,desconocida,37.4172598,-5.9929733
6540956729,desconocida,37.4172258,-5.9928009
6540956730,desconocida,37.4170859,-5.9926419
6540956731,desconocida,37.4171491,-5.9926505
6540956732,desconocida,37.4170384,-5.9928339
6540956733,desconocida,37.4170189,-5.9929892
6540956734,desconocida,37.4171073,-5.992988
6540956735,desconocida,37.4169976,-5.992593
6540956736,desconocida,37.4170121,-5.9924243
6540956737,desconocida,37.4170539,-5.9924622
6540956738,desconocida,37.417118,-5.9924928
6540956739,desconocida,37.417186,-5.9925478
6540956740,desconocida,37.4166946,-5.9925441
6540956741,desconocida,37.4164722,-5.9926126
6540956742,desconocida,37.4166324,-5.9930039
6540956743,desconocida,37.416311,-5.9933536
6540956744,desconocida,37.4162469,-5.9936678
6540956745,desconocida,37.4159856,-5.9930577
6540956746,desconocida,37.4155865,-5.9932667
6540956747,desconocida,37.4157254,-5.993636
6540956748,desconocida,37.4157341,-5.9938072
6540956749,desconocida,37.4155312,-5.993378
6553701903,desconocida,37.3763412,-6.0115097
6553701904,desconocida,37.3764496,-6.0114008
6553701906,desconocida,37.376839,-6.0109929
6553702018,desconocida,37.3765841,-6.0112604
6553702293,desconocida,37.3765413,-6.0113044
6553702294,desconocida,37.3768859,-6.0109424
6553702295,desconocida,37.3769704,-6.0108565
6553702298,desconocida,37.3770851,-6.010741
6553702299,desconocida,37.3771424,-6.0106806
6553702300,desconocida,37.3771852,-6.0106406
6553702400,desconocida,37.3773426,-6.0104792
6553702491,desconocida,37.3761842,-6.0116285
6553702492,desconocida,37.3766904,-6.0111497
6553702695,desconocida,37.3767415,-6.0110979
6553702991,desconocida,37.3768046,-6.011031
6553702994,desconocida,37.3772869,-6.0105363
6553703996,desconocida,37.3772368,-6.0105881
6553704692,desconocida,37.3762322,-6.0115944
6553704693,desconocida,37.3763902,-6.0114612
6553704694,desconocida,37.3764887,-6.0113595
6553704695,desconocida,37.3770455,-6.0107804
6554092887,desconocida,37.3776523,-6.0101694
6554092985,desconocida,37.3773851,-6.010441
6554092986,desconocida,37.3775397,-6.0102779
6554093086,desconocida,37.3774367,-6.0103852
6554093285,desconocida,37.3774881,-6.0103337
6554093386,desconocida,37.3777981,-6.0100087
6554093585,desconocida,37.3777332,-6.010067
6554131891,desconocida,37.3786615,-6.0083805
6554131892,desconocida,37.3787073,-6.0082892
6554131893,desconocida,37.3787836,-6.0081458
6554131894,desconocida,37.3788116,-6.0080892
6554131895,desconocida,37.3788375,-6.0080403
6554140788,desconocida,37.3784372,-6.0088145
6554140789,desconocida,37.3784853,-6.0087275
6554140791,desconocida,37.378612,-6.0084766
6554140793,desconocida,37.3786833,-6.0083351
6554140794,desconocida,37.3787436,-6.0082193
6554151987,desconocida,37.3785612,-6.0085761
6565886586,desconocida,37.3780436,-6.0092789
6565886587,desconocida,37.3780953,-6.0091765
6565886588,desconocida,37.378165,-6.0090385
6565886589,desconocida,37.3781992,-6.0089707
6565886590,desconocida,37.3782236,-6.0089224
6565886592,desconocida,37.3782485,-6.0088729
6565886593,desconocida,37.3782924,-6.008786
6565898392,desconocida,37.3780644,-6.0092376
6565898394,desconocida,37.3780786,-6.0092095
6565898395,desconocida,37.378144,-6.00908
6565898486,desconocida,37.3781252,-6.0091172
6565898686,desconocida,37.3781795,-6.0090097
6565898687,desconocida,37.3783112,-6.0087488
6581480303,desconocida,37.3786046,-5.9884501
6597269823,desconocida,37.3805676,-5.9977348
6614744716,broadleaved,37.3783953,-6.0042982
6614744901,broadleaved,37.3784261,-6.0042478
6614745694,broadleaved,37.3784569,-6.0041973
6614745695,broadleaved,37.3784877,-6.0041469
6614856091,broadleaved,37.3785538,-6.0040324
6614856186,broadleaved,37.3785121,-6.0040994
6615761893,broadleaved,37.380617,-6.0125114
6615761894,broadleaved,37.3806189,-6.0125487
6615761895,broadleaved,37.3806223,-6.0126162
6615761922,broadleaved,37.380625,-6.012669
6616222449,broadleaved,37.3806281,-6.0127292
6616222450,broadleaved,37.3806333,-6.0128319
6616222461,broadleaved,37.3806374,-6.0129123
6616376407,broadleaved,37.3806405,-6.0129733
6616376408,broadleaved,37.3806431,-6.0130236
6616376425,broadleaved,37.3806484,-6.0131278
6618610322,broadleaved,37.3807012,-6.013147
6618610323,broadleaved,37.3808005,-6.0131063
6618610324,broadleaved,37.3808573,-6.013083
6618610325,broadleaved,37.3808941,-6.0130679
6618610326,broadleaved,37.3809515,-6.0130444
6618610327,broadleaved,37.3809872,-6.0130298
6618750478,broadleaved,37.3809456,-6.0124501
6618750480,broadleaved,37.3808918,-6.0124501
6618750481,broadleaved,37.3808569,-6.0124532
6618750482,broadleaved,37.3808116,-6.0124563
6618750483,broadleaved,37.3807706,-6.0124578
6618750484,broadleaved,37.3807199,-6.0124609
6618753985,broadleaved,37.3806691,-6.0124663
6621798738,broadleaved,37.3797079,-6.0137794
6621798739,broadleaved,37.3797047,-6.0136878
6621871498,broadleaved,37.379702,-6.0136068
6621871511,broadleaved,37.3797004,-6.0135596
6621871512,broadleaved,37.3796983,-6.0135004
6621871513,broadleaved,37.3796954,-6.0134135
6621901698,broadleaved,37.3796531,-6.013328
6621901699,broadleaved,37.379599,-6.0133323
6621901707,broadleaved,37.3795576,-6.0133356
6621901708,broadleaved,37.379509,-6.0133395
6621927525,broadleaved,37.3793015,-6.0134198
6621927527,broadleaved,37.3793086,-6.0135591
6621927528,broadleaved,37.3793118,-6.0136219
6621927529,broadleaved,37.3793139,-6.0136635
6621927530,broadleaved,37.3793171,-6.0137273
6621932404,broadleaved,37.3794281,-6.013346
6621932405,broadleaved,37.3793816,-6.0133497
6621932406,broadleaved,37.3793242,-6.0133543
6630930421,broadleaved,37.3792994,-6.0132346
6630930422,broadleaved,37.3792965,-6.0131861
6630930423,broadleaved,37.3792943,-6.013126
6630930424,broadleaved,37.379291,-6.013061
6630930425,broadleaved,37.3792867,-6.0129897
6630930426,broadleaved,37.3792842,-6.0129278
6630930427,broadleaved,37.3792802,-6.0128547
6630930428,broadleaved,37.3792782,-6.0127945
6630930429,broadleaved,37.3792752,-6.0127333
6630930430,broadleaved,37.3792727,-6.0126723
6630930431,broadleaved,37.3792667,-6.0125624
6631168583,broadleaved,37.3797542,-6.012724
6631168584,broadleaved,37.3798219,-6.01272
6631205685,broadleaved,37.3798649,-6.0127118
6631205686,broadleaved,37.3798992,-6.0126672
6631205687,broadleaved,37.3798992,-6.0125902
6631205688,broadleaved,37.3798692,-6.0125496
6631205689,broadleaved,37.3798477,-6.012605
6631205690,broadleaved,37.3798251,-6.0126524
6631205691,broadleaved,37.3798788,-6.0123346
6631205692,broadleaved,37.3798724,-6.0122765
6631205693,broadleaved,37.3798412,-6.0122386
6631205694,broadleaved,37.3797983,-6.01224
6631205695,broadleaved,37.379852,-6.0124103
6631205696,broadleaved,37.3798283,-6.0123657
6631205697,broadleaved,37.3797972,-6.0123238
6631205698,broadleaved,37.3797628,-6.0122968
6631205699,broadleaved,37.3797349,-6.0122765
6631205700,broadleaved,37.3796328,-6.0127321
6631205701,broadleaved,37.3795844,-6.0127308
6631205702,broadleaved,37.3795393,-6.0127335
6631205703,broadleaved,37.3795372,-6.0126618
6631205704,broadleaved,37.3796148,-6.0122751
6637144864,broadleaved,37.3796995,-6.0131897
6637144865,broadleaved,37.3796974,-6.0131392
6637144866,broadleaved,37.3796956,-6.0130955
6637144867,broadleaved,37.3796933,-6.0130408
6637144868,broadleaved,37.3796909,-6.0129834
6637144869,broadleaved,37.3796886,-6.0129288
6637144870,broadleaved,37.3796863,-6.0128726
6637144871,broadleaved,37.379684,-6.0128165
6637144873,broadleaved,37.3797546,-6.0132055
6637144874,broadleaved,37.3797514,-6.0131501
6637144875,broadleaved,37.3797479,-6.0130887
6637144876,broadleaved,37.3797442,-6.0130231
6637144877,broadleaved,37.3797408,-6.0129638
6637144878,broadleaved,37.3797372,-6.0128988
6637144879,broadleaved,37.3797321,-6.0128092
6637144882,broadleaved,37.3796589,-6.013257
6637144883,broadleaved,37.3796133,-6.0132605
6637144884,broadleaved,37.37949,-6.0132699
6637150085,broadleaved,37.3794231,-6.0132749
6637150086,broadleaved,37.3793544,-6.0132801
6639575805,broadleaved,37.3797666,-6.0137587
6639575806,broadleaved,37.3797634,-6.013687
6639575807,broadleaved,37.3797575,-6.0136219
6639575808,broadleaved,37.3797556,-6.0135511
6639575809,broadleaved,37.3797526,-6.013471
6639575810,broadleaved,37.3797497,-6.0134102
6639575811,broadleaved,37.3797467,-6.0133588
6639575812,broadleaved,37.3797975,-6.0133149
6639575813,broadleaved,37.3798331,-6.0133126
6639575814,broadleaved,37.3798802,-6.0133096
6639575815,broadleaved,37.3799609,-6.0133045
6639575816,broadleaved,37.3800114,-6.0133013
6639575817,broadleaved,37.3800511,-6.0132988
6639575818,broadleaved,37.3801667,-6.0136829
6639575819,broadleaved,37.3801632,-6.0136148
6639575820,broadleaved,37.3801616,-6.0135446
6639575821,broadleaved,37.3801559,-6.0134789
6639575822,broadleaved,37.3801537,-6.0134187
6639575823,broadleaved,37.380149,-6.0133467
6639575824,broadleaved,37.3800973,-6.0132958
6641639987,desconocida,37.3758301,-5.9989359
6641640189,desconocida,37.3764977,-5.9993931
6644904209,desconocida,37.3795638,-6.0122757
6644904213,desconocida,37.3795964,-6.0124215
6644904214,desconocida,37.3796063,-6.0125693
6644921998,desconocida,37.3795236,-6.0124363
6644922002,desconocida,37.3795328,-6.0125693
6656049988,Citrus × aurantium,37.3778162,-6.0105406
6656049989,Citrus × aurantium,37.3778185,-6.0103246
6656049990,Citrus × aurantium,37.377945,-6.0105837
6656049991,Citrus × aurantium,37.3780618,-6.0109172
6656050085,Citrus × aurantium,37.3777034,-6.0104442
6656050090,Citrus × aurantium,37.3779382,-6.010729
6656050091,Citrus × aurantium,37.3780788,-6.0107806
6656050092,Citrus × aurantium,37.378187,-6.0109492
6656050401,Citrus × aurantium,37.3782222,-6.0111657
6656050402,Citrus × aurantium,37.3782231,-6.0110801
6656050403,phoenix,37.3782569,-6.0111297
6656050404,Citrus × aurantium,37.3782856,-6.0111
6656073695,phoenix,37.3782493,-6.0112093
6657047212,Citrus × aurantium,37.3790516,-6.0133065
6657047213,Citrus × aurantium,37.379129,-6.013302
6657047216,Citrus × aurantium,37.3791764,-6.0133004
6824738805,desconocida,37.3959036,-5.9264896
6824738806,desconocida,37.3959612,-5.9263743
6824738807,desconocida,37.3959803,-5.9263153
6824738808,desconocida,37.3960272,-5.9262322
6824738809,desconocida,37.3960528,-5.9261705
6824738810,desconocida,37.3960997,-5.9260712
6824738811,desconocida,37.3961252,-5.9260122
6824738812,desconocida,37.3961806,-5.9258996
6824738813,desconocida,37.3962318,-5.9257762
6824738814,desconocida,37.3962488,-5.9257333
6824738815,desconocida,37.3963106,-5.9256072
6824738816,desconocida,37.396366,-5.9254838
6824738817,desconocida,37.3964087,-5.925398
6824738818,desconocida,37.3963171,-5.9254433
6824738819,desconocida,37.3962679,-5.9255477
6824738820,desconocida,37.3962432,-5.9255934
6824738821,desconocida,37.3961888,-5.9257223
6824738822,desconocida,37.3961317,-5.925843
6824738823,desconocida,37.3961071,-5.9258969
6824738824,desconocida,37.3960708,-5.9259703
6824738825,desconocida,37.3960527,-5.9260127
6824738826,desconocida,37.3959969,-5.9261302
6824738827,desconocida,37.3959814,-5.9261693
6824738828,desconocida,37.3959295,-5.9262868
6824738829,desconocida,37.3959127,-5.9263194
6824738830,desconocida,37.3958582,-5.9264467
6824738831,desconocida,37.3959231,-5.9265724
6824738832,desconocida,37.3960514,-5.9266278
6824738833,desconocida,37.3961032,-5.9266637
6824768578,desconocida,37.3958459,-5.9266241
6824768579,desconocida,37.3958187,-5.9265099
6824768580,desconocida,37.395785,-5.9265947
6824768581,desconocida,37.3957785,-5.9267742
6824768582,desconocida,37.3957461,-5.9268476
6824768583,desconocida,37.3957046,-5.9269243
6824768584,desconocida,37.3956554,-5.9268803
6824784985,desconocida,37.3957202,-5.9267351
6824784986,desconocida,37.3957578,-5.92666
6824784987,desconocida,37.3956385,-5.9270712
6824784988,desconocida,37.3956191,-5.9269504
6824784989,desconocida,37.3955906,-5.9270255
6824784990,desconocida,37.3956074,-5.9271413
6824784991,desconocida,37.3954894,-5.9272425
6824784992,desconocida,37.3955024,-5.9273632
6824784993,desconocida,37.395575,-5.9272148
6824784994,desconocida,37.3955231,-5.9271707
6824784995,desconocida,37.3954752,-5.927435
6824784996,desconocida,37.3954402,-5.9275052
6824784997,desconocida,37.395387,-5.9274709
6824784998,desconocida,37.3953624,-5.9276586
6824784999,desconocida,37.3953119,-5.9276178
6824785000,desconocida,37.3953417,-5.9277303
6824785001,desconocida,37.3953987,-5.9278021
6824785002,desconocida,37.3955141,-5.9278821
6824785003,desconocida,37.3956126,-5.9279115
6824785004,desconocida,37.3956463,-5.9278446
6824785005,desconocida,37.3956994,-5.9278886
6824785006,desconocida,37.3957267,-5.9278103
6824785007,desconocida,37.3957098,-5.9276928
6824785008,desconocida,37.395763,-5.927745
6824785009,desconocida,37.3957357,-5.9276227
6824785010,desconocida,37.3957681,-5.9275492
6824785011,desconocida,37.3958304,-5.9275949
6824785012,desconocida,37.3958446,-5.9274089
6824785013,desconocida,37.3958589,-5.927515
6824785014,desconocida,37.3959017,-5.9274415
6824785015,desconocida,37.3958731,-5.9273322
6824785016,desconocida,37.3959081,-5.9272539
6824785017,desconocida,37.3959768,-5.9271071
6824785018,desconocida,37.3960404,-5.9269716
6824785019,desconocida,37.3960222,-5.9271593
6824785020,desconocida,37.3959898,-5.9272311
6824785021,desconocida,37.3961116,-5.9269765
6824785022,desconocida,37.3961259,-5.9270092
6824785023,desconocida,37.3960909,-5.9270728
6824785024,desconocida,37.3961479,-5.9271152
6824785025,desconocida,37.3961428,-5.9269047
6824785026,desconocida,37.3961829,-5.9268264
6824785027,desconocida,37.3961142,-5.9268166
6824785028,desconocida,37.3961441,-5.9267432
6824785029,desconocida,37.39617,-5.9266877
6824785030,desconocida,37.3962063,-5.9266094
6824785031,desconocida,37.3962452,-5.926691
6824785032,desconocida,37.3962737,-5.9266306
6824785033,desconocida,37.3963061,-5.9265556
6824785034,desconocida,37.396275,-5.9264691
6824785035,desconocida,37.3963359,-5.9264919
6824785036,desconocida,37.3963877,-5.9263679
6824785037,desconocida,37.39631,-5.9263989
6824785038,desconocida,37.3963411,-5.9263206
6824785039,desconocida,37.3964266,-5.9262798
6824785040,desconocida,37.3964577,-5.9262113
6824785041,desconocida,37.3964435,-5.9260873
6824785042,desconocida,37.3964746,-5.9260269
6824785043,desconocida,37.3965355,-5.9260628
6824785044,desconocida,37.3965653,-5.9259943
6824785045,desconocida,37.3965977,-5.9259176
6824785046,desconocida,37.3965407,-5.9258719
6824785047,desconocida,37.3966613,-5.925774
6824785048,desconocida,37.3967377,-5.9256223
6824785049,desconocida,37.3966988,-5.925699
6824785050,desconocida,37.3966716,-5.9255799
6824785051,desconocida,37.3967079,-5.9255064
6824785052,desconocida,37.3966444,-5.9254281
6824785053,desconocida,37.3965524,-5.925371
6824785054,desconocida,37.3964409,-5.9253188
6824785055,desconocida,37.3957526,-5.926443
6824785056,desconocida,37.3955957,-5.926301
6824785057,desconocida,37.395658,-5.9263435
6824785058,desconocida,37.3963463,-5.9252176
6824785059,desconocida,37.3962711,-5.9251622
6824785060,desconocida,37.3960274,-5.9249876
6824785061,desconocida,37.39491,-5.9274415
6824785062,desconocida,37.3952069,-5.927652
6824785063,desconocida,37.3949709,-5.9274823
6824785064,desconocida,37.3950863,-5.9275688
6824785065,desconocida,37.3951395,-5.9276096
6824785066,desconocida,37.3951745,-5.9277255
6824785067,desconocida,37.3952328,-5.9277646
6824785068,desconocida,37.3952911,-5.9278103
6824785069,desconocida,37.39505,-5.9276439
6824785070,desconocida,37.3949891,-5.9275917
6824785071,desconocida,37.3949308,-5.9275541
6824785072,desconocida,37.3948685,-5.9275199
6824785073,desconocida,37.3954531,-5.9279278
6824785074,desconocida,37.3955724,-5.9280094
6824785075,desconocida,37.3956437,-5.9280697
6824785076,desconocida,37.3957033,-5.9281154
6824785077,desconocida,37.3958148,-5.9281954
6824785078,desconocida,37.3958757,-5.9282329
6824785079,desconocida,37.3957059,-5.9280191
6824785080,desconocida,37.3957655,-5.9280583
6824785081,desconocida,37.3958226,-5.9281007
6824785082,desconocida,37.3958783,-5.9281415
6837496878,needleleaved,37.4061587,-5.9773699
6837496879,desconocida,37.4058329,-5.9771855
6837496880,desconocida,37.4058737,-5.9772545
6837496881,desconocida,37.4059496,-5.9774102
6837496882,desconocida,37.4060578,-5.9775995
6837496883,desconocida,37.4060691,-5.9776314
6837496884,desconocida,37.406093,-5.977688
6837513285,desconocida,37.4061197,-5.9777199
6837513286,desconocida,37.4061506,-5.97778
6837513287,desconocida,37.4061366,-5.9773253
6837513288,desconocida,37.4062083,-5.9773129
6837513289,desconocida,37.4061647,-5.9772438
6837513290,desconocida,37.4061281,-5.9769678
6837513291,desconocida,37.4059946,-5.977035
6837513292,desconocida,37.4059847,-5.9770687
6837513293,desconocida,37.4059665,-5.9771164
6837513294,desconocida,37.4058484,-5.977051
6837513295,desconocida,37.4058653,-5.9769873
6837513296,desconocida,37.4058962,-5.976943
6837513297,desconocida,37.4059032,-5.9767625
6837513298,desconocida,37.4061323,-5.9766493
6837513299,desconocida,37.4061675,-5.9766988
6837513300,desconocida,37.4062448,-5.9768563
6837513301,desconocida,37.4063038,-5.9769607
6837513302,desconocida,37.4063629,-5.977081
6837513303,desconocida,37.406405,-5.9771642
6837513304,desconocida,37.406443,-5.977212
6837513305,desconocida,37.4065597,-5.9774208
6837513306,desconocida,37.4066721,-5.9776438
6837513307,desconocida,37.4067185,-5.9777128
6837513308,desconocida,37.4067368,-5.9777765
6837513309,desconocida,37.4068211,-5.9779393
6837833929,desconocida,37.4071552,-5.9785528
6837833930,desconocida,37.4071875,-5.9786158
6841406048,desconocida,37.4059598,-5.9763651
6841406049,desconocida,37.4058994,-5.97622
6841406050,desconocida,37.4059753,-5.9760448
6841406053,desconocida,37.4057672,-5.9759864
6841406054,desconocida,37.405271,-5.9756608
6841406059,desconocida,37.4059162,-5.9768199
6841410494,desconocida,37.4061792,-5.977835
6841410495,desconocida,37.4062355,-5.977943
6841410496,desconocida,37.4062804,-5.9779955
6841410497,desconocida,37.4063317,-5.9780916
6841410498,desconocida,37.4063739,-5.9781706
6841410499,desconocida,37.4064477,-5.9783429
6841410500,desconocida,37.4064084,-5.9782544
6841410501,desconocida,37.4065146,-5.9784348
6841410502,desconocida,37.4065363,-5.9785004
6841410503,desconocida,37.406577,-5.9785712
6841410504,desconocida,37.4066037,-5.9786384
6841410505,desconocida,37.4066305,-5.9787181
6841410506,desconocida,37.4066653,-5.9787878
6841410507,desconocida,37.4067036,-5.9789304
6841410508,desconocida,37.4067747,-5.9791153
6845459305,desconocida,37.4056867,-5.9772066
6845459306,desconocida,37.4057724,-5.9772544
6845459307,desconocida,37.4057712,-5.9773345
6845459308,desconocida,37.4056843,-5.9772829
6845459309,desconocida,37.4056965,-5.9773407
6845459311,desconocida,37.4057026,-5.9774054
6845459312,desconocida,37.4057043,-5.9775315
6845459313,desconocida,37.4058091,-5.9776472
6845459314,desconocida,37.405715,-5.9776651
6845459315,desconocida,37.4057124,-5.9777335
6845459316,desconocida,37.4057112,-5.977789
6845459317,desconocida,37.4057675,-5.9777766
6845459318,desconocida,37.4058164,-5.9777582
6845459319,desconocida,37.4058715,-5.9777366
6845459320,desconocida,37.4059351,-5.9777212
6845459321,desconocida,37.405858,-5.9774331
6845459322,desconocida,37.4059253,-5.9775579
6845459323,desconocida,37.4059486,-5.9775872
6845495340,desconocida,37.4105209,-5.9715423
6848096705,desconocida,37.4053412,-5.9787895
6848096706,desconocida,37.405356,-5.9788373
6848096707,desconocida,37.4053681,-5.9788852
6848096708,desconocida,37.4053903,-5.9789261
6848096709,desconocida,37.4054051,-5.9789856
6848096710,desconocida,37.4053653,-5.9790113
6848096711,desconocida,37.4053263,-5.97903
6848096712,desconocida,37.4052827,-5.9790521
6848096713,desconocida,37.4052447,-5.9790732
6848096714,desconocida,37.405203,-5.9790977
6848096715,desconocida,37.4051585,-5.9791199
6848096716,desconocida,37.4051427,-5.9790697
6848096717,desconocida,37.4051288,-5.9790195
6848096718,desconocida,37.4051112,-5.9789681
6988269183,desconocida,37.4112827,-5.9841815
6988293485,desconocida,37.4112672,-5.9841899
6988293486,desconocida,37.4112338,-5.9841978
6988293487,desconocida,37.411172,-5.9842217
6988293488,desconocida,37.4111414,-5.9842328
6988293489,desconocida,37.4115338,-5.9843784
6988293490,desconocida,37.4114818,-5.9843946
6988293491,desconocida,37.4114322,-5.9844161
6988293492,desconocida,37.4113753,-5.9844346
6988293493,desconocida,37.4113172,-5.9844577
6988293494,desconocida,37.4112633,-5.9844785
6988293495,desconocida,37.4112175,-5.9844955
6988293496,desconocida,37.411163,-5.9845101
6988293497,desconocida,37.4111134,-5.9845301
6988293498,desconocida,37.4110682,-5.9845463
6988293499,desconocida,37.4114595,-5.9841195
6988293500,desconocida,37.4112554,-5.9839152
6988293501,desconocida,37.4113769,-5.9838685
6988293502,desconocida,37.4111961,-5.9839338
6988293503,desconocida,37.4110895,-5.9839864
6988293504,desconocida,37.411019,-5.9840086
6988293505,desconocida,37.4110282,-5.9842782
6988293506,desconocida,37.4109856,-5.9842934
6988293507,desconocida,37.4109606,-5.9840307
6988293508,desconocida,37.4109142,-5.9837354
6988293509,desconocida,37.4114353,-5.9837435
6988293510,desconocida,37.4113741,-5.9837284
6988293511,desconocida,37.4113204,-5.9837062
6988293512,desconocida,37.411261,-5.9836887
6988293513,desconocida,37.4112017,-5.9836618
6988293514,desconocida,37.4111562,-5.9836408
6988293515,desconocida,37.4109522,-5.9835532
6988293516,desconocida,37.4108947,-5.9840553
6988293517,desconocida,37.4108391,-5.9838042
6988293518,desconocida,37.4108539,-5.9837564
6988293519,desconocida,37.410865,-5.9836957
6988293520,desconocida,37.4108762,-5.9836455
6988293521,desconocida,37.4108873,-5.9835906
7104434894,desconocida,37.4113364,-5.9876374
7233497472,desconocida,37.4085818,-5.9785697
7233497473,desconocida,37.4091848,-5.9798116
7233497474,desconocida,37.4092795,-5.9805097
7233497475,desconocida,37.4094966,-5.9805971
7233497476,desconocida,37.4089822,-5.9803901
7233497477,desconocida,37.4089291,-5.9797097
7233497478,desconocida,37.4086671,-5.9795836
7233497479,desconocida,37.4086756,-5.9793717
7233497480,desconocida,37.4091473,-5.97943
7233497481,desconocida,37.4089446,-5.9793456
7233497482,desconocida,37.4092423,-5.9795621
7233497483,desconocida,37.4093893,-5.9786824
7233507185,desconocida,37.4094234,-5.9789077
7233507186,desconocida,37.4088567,-5.9787038
7233507187,desconocida,37.4092316,-5.9791276
7233507188,desconocida,37.4085925,-5.9791115
7233507189,desconocida,37.4090122,-5.9790391
7233507195,desconocida,37.4089671,-5.9800168
7253680054,broadleaved,37.3768137,-5.9968787
7253931783,broadleaved,37.3768033,-5.9974728
7253931784,broadleaved,37.3768557,-5.9975596
7254079485,broadleaved,37.3768557,-5.9976652
7254079486,broadleaved,37.3767975,-5.997742
7254079487,broadleaved,37.376788,-5.9979307
7254079509,desconocida,37.3762749,-5.999818
7254079510,desconocida,37.3762484,-5.999879
7254079522,desconocida,37.3760204,-6.0003179
7254079523,desconocida,37.3759876,-6.0003718
7254079533,desconocida,37.3757793,-6.0008001
7254079541,desconocida,37.3754393,-6.001389
7254079542,desconocida,37.3753399,-6.0015446
7254079543,desconocida,37.375258,-6.0017041
7254079544,desconocida,37.3751783,-6.0018617
7256526482,broadleaved,37.37881,-6.0138122
7256526483,broadleaved,37.3788076,-6.0137612
7256526484,broadleaved,37.3788058,-6.0137086
7256559093,desconocida,37.3775958,-5.9966495
7256559097,desconocida,37.3775879,-5.9970336
7256559098,desconocida,37.3775935,-5.9969364
7256559101,desconocida,37.3775864,-5.9973989
7256559102,desconocida,37.3775808,-5.9975071
7256559107,desconocida,37.3775618,-5.997978
7256559108,desconocida,37.3775625,-5.997786
7256559114,desconocida,37.3775479,-5.998227
7256559115,desconocida,37.3775277,-5.9982787
7256559116,desconocida,37.3775458,-5.9984119
7256559132,desconocida,37.3776245,-5.9984493
7256559133,desconocida,37.3776147,-5.9986885
7256559134,desconocida,37.3773895,-5.9993055
7256559135,desconocida,37.3773681,-5.9992182
7256596686,broadleaved,37.3787874,-6.0134948
7256596687,broadleaved,37.3787785,-6.01345
7256596688,broadleaved,37.3787648,-6.0134011
7256596689,broadleaved,37.3787467,-6.0133559
7256596690,broadleaved,37.3787299,-6.0134693
7256596691,broadleaved,37.3786955,-6.0134734
7256596692,broadleaved,37.3786631,-6.0134772
7256596693,broadleaved,37.3786167,-6.0134827
7256757489,broadleaved,37.3793413,-6.0100451
7256757490,broadleaved,37.379314,-6.0100041
7256757491,broadleaved,37.3792781,-6.0099502
7256757492,broadleaved,37.379245,-6.0099004
7256757493,broadleaved,37.3792112,-6.0098496
7256757494,broadleaved,37.3791787,-6.0098006
7256757495,broadleaved,37.3791434,-6.0097476
7256757496,broadleaved,37.3791123,-6.0097007
7256757497,desconocida,37.380212,-6.0094164
7256757498,desconocida,37.38024,-6.0093912
7256757499,desconocida,37.3803181,-6.0092775
7256757500,desconocida,37.3803013,-6.0093101
7256757501,desconocida,37.3802843,-6.0093367
7256757502,desconocida,37.3802615,-6.0093655
7256757503,desconocida,37.3803741,-6.0093397
7256757504,desconocida,37.3796485,-6.0100453
7256757505,desconocida,37.3797064,-6.009977
7256757506,desconocida,37.3797607,-6.0099155
7256757507,desconocida,37.3798011,-6.0098676
7256757508,desconocida,37.3798421,-6.0098274
7256757509,desconocida,37.3799375,-6.0097302
7256757510,desconocida,37.3800086,-6.0096475
7262739741,desconocida,37.385588,-6.00444
7262739742,desconocida,37.3855495,-6.0043643
7262739748,desconocida,37.3855168,-6.0043088
7262739749,desconocida,37.3854878,-6.0042588
7262852402,desconocida,37.3854272,-6.0041491
7262852409,desconocida,37.3853972,-6.0040913
7262852412,desconocida,37.3853684,-6.0040371
7262852426,desconocida,37.3852814,-6.0038994
7262852427,desconocida,37.3852454,-6.0038255
7262852428,desconocida,37.3850845,-6.0035545
7262852429,desconocida,37.3850075,-6.0035891
7262852430,desconocida,37.384948,-6.0035146
7262852431,desconocida,37.384908,-6.0035589
7262852432,desconocida,37.3848694,-6.0036014
7262852433,desconocida,37.3848352,-6.0037864
7262852434,desconocida,37.3847943,-6.0038255
7262852435,desconocida,37.384747,-6.0038753
7262852436,desconocida,37.3847053,-6.0039179
7262852437,desconocida,37.3846608,-6.0039624
7262852438,desconocida,37.3846206,-6.0040068
7262852439,desconocida,37.3845789,-6.0040512
7262852440,desconocida,37.3845309,-6.0040974
7262852441,desconocida,37.3844808,-6.0041534
7262852442,desconocida,37.384401,-6.0042343
7262852443,desconocida,37.3848948,-6.0037201
7262852444,desconocida,37.3849643,-6.0036537
7262852445,desconocida,37.3851591,-6.0036156
7262852455,desconocida,37.3851802,-6.0036957
7262852456,desconocida,37.385215,-6.003764
7265686288,broadleaved,37.3875234,-6.0070041
7265686289,broadleaved,37.3874969,-6.0069734
7265686290,broadleaved,37.3874632,-6.0069317
7265686291,broadleaved,37.3874274,-6.0068893
7265686292,broadleaved,37.3873926,-6.0068497
7265686295,broadleaved,37.3877161,-6.0071725
7265686296,broadleaved,37.387683,-6.0071278
7265686297,broadleaved,37.3876546,-6.0070871
7265686298,broadleaved,37.3876215,-6.0070424
7284198758,desconocida,37.3852742,-6.0125352
7284198759,desconocida,37.3849814,-6.0123069
7284210713,desconocida,37.3848347,-6.0122014
7284210720,desconocida,37.3847036,-6.0120996
7287976487,desconocida,37.3768738,-6.0128837
7287976488,desconocida,37.3768358,-6.0129131
7302517929,desconocida,37.3790708,-5.9688541
7302517930,broadleaved,37.3791582,-5.9688453
7302517931,desconocida,37.3791683,-5.9689976
7302517932,desconocida,37.3789568,-5.9690344
7302517933,desconocida,37.3789429,-5.9688728
7303001379,desconocida,37.3771951,-5.9718755
7367033433,desconocida,37.4120526,-5.9860954
7367033434,broadleaved,37.4117968,-5.9859273
7367033435,desconocida,37.4117301,-5.9859381
7367033436,desconocida,37.4118566,-5.9859115
7367033437,desconocida,37.4120281,-5.9860266
7367033438,desconocida,37.4120899,-5.9861717
7367033439,desconocida,37.4121194,-5.9862495
7367033440,desconocida,37.4119662,-5.9864884
7367073524,desconocida,37.4116261,-5.9860743
7367073525,desconocida,37.411671,-5.986062
7367073528,desconocida,37.412153,-5.9863706
7367073529,desconocida,37.4121839,-5.9864336
7367073530,desconocida,37.4122158,-5.9864953
7367073531,desconocida,37.4122446,-5.986569
7367073532,desconocida,37.4120252,-5.9864899
7367073533,desconocida,37.4119314,-5.9865717
7367073534,desconocida,37.4119123,-5.9859025
7367073535,desconocida,37.4119996,-5.9858904
7367073536,desconocida,37.4120039,-5.9866173
7367073537,desconocida,37.4119517,-5.9866482
7367073538,desconocida,37.4120752,-5.9865731
7367073539,desconocida,37.4116768,-5.9865717
7367073540,desconocida,37.4117322,-5.986738
7367073541,desconocida,37.4117727,-5.9868198
7367073542,desconocida,37.4118047,-5.9868855
7367073543,desconocida,37.411843,-5.9869982
7367073544,desconocida,37.4118153,-5.9869298
7367073545,desconocida,37.4123064,-5.9866857
7367073546,desconocida,37.4122648,-5.9866428
7367073547,desconocida,37.4119772,-5.9857027
7367073548,desconocida,37.4119112,-5.985763
7367073549,desconocida,37.4118483,-5.9858046
7367073550,desconocida,37.4118483,-5.9858569
7367073551,desconocida,37.4119868,-5.985818
7367073552,desconocida,37.4119868,-5.9857684
7367073553,desconocida,37.4117674,-5.9855444
7367073554,desconocida,37.4116758,-5.9856557
7367073555,desconocida,37.4115959,-5.9855672
7367073556,desconocida,37.4115533,-5.9858583
7367073557,desconocida,37.4117482,-5.9857952
7367073558,desconocida,37.411827,-5.9856236
7367073559,desconocida,37.4119272,-5.9854854
7367073560,desconocida,37.4119069,-5.985649
7367073561,desconocida,37.4119847,-5.9856262
7437605379,desconocida,37.4067593,-5.9899404
7437605380,desconocida,37.4066485,-5.9896472
7437605381,desconocida,37.406682,-5.9896193
7437605382,desconocida,37.4066643,-5.9896313
7437605383,desconocida,37.4067086,-5.9895986
7437605384,desconocida,37.4067302,-5.9895898
7437615785,desconocida,37.4066339,-5.9896847
7437615786,desconocida,37.4066453,-5.9897333
7437615787,desconocida,37.4066554,-5.9897748
7437615788,desconocida,37.4066744,-5.989841
7437615789,desconocida,37.4066846,-5.9898785
7437615790,desconocida,37.4067638,-5.9895731
7437615791,desconocida,37.4067796,-5.9895643
7437615792,desconocida,37.4068385,-5.9896058
7437615800,desconocida,37.4066979,-5.9899486
7437615801,desconocida,37.4067606,-5.9900443
7437615802,desconocida,37.4067726,-5.9900906
7437615803,desconocida,37.4068144,-5.9901951
7437615804,desconocida,37.406829,-5.9902477
7437615805,desconocida,37.40686,-5.9903506
7437615806,desconocida,37.4068771,-5.990408
7437615807,desconocida,37.4068681,-5.990053
7437615809,desconocida,37.4068854,-5.9901041
7437615810,desconocida,37.4069063,-5.9901679
7437615812,desconocida,37.4069709,-5.9903258
7437615817,desconocida,37.407036,-5.9897997
7437615820,desconocida,37.406936,-5.9899813
7437615822,desconocida,37.4070292,-5.9900164
7437615823,desconocida,37.4070615,-5.9899486
7437615833,desconocida,37.407071,-5.990282
7437615834,desconocida,37.407027,-5.9902552
7437615845,desconocida,37.4069303,-5.9898641
7437615849,desconocida,37.4069354,-5.9897955
7437615851,desconocida,37.4069754,-5.9898785
7437615854,desconocida,37.4069478,-5.9904424
7437615855,desconocida,37.406936,-5.9902533
7437615857,desconocida,37.4070767,-5.9901392
7437615859,desconocida,37.4071951,-5.9901598
7437615860,desconocida,37.4072135,-5.9899869
7437615864,desconocida,37.4072521,-5.9900842
7437615865,desconocida,37.407375,-5.9898936
7437615866,desconocida,37.4073414,-5.9899088
7437615868,desconocida,37.4073858,-5.9900332
7437615875,desconocida,37.4070558,-5.9896775
7437615876,desconocida,37.4072673,-5.9895874
7437615878,desconocida,37.4073275,-5.9895555
7437615881,desconocida,37.4075251,-5.9897772
7437615882,desconocida,37.4075017,-5.9897286
7437615883,desconocida,37.4074675,-5.9896903
7437615884,desconocida,37.4074365,-5.9896385
7437615885,desconocida,37.4074308,-5.989719
7437615886,desconocida,37.4074143,-5.9896911
7437615887,desconocida,37.4075733,-5.9898841
7437615888,desconocida,37.4068404,-5.9893825
7437615889,desconocida,37.4068879,-5.9893578
7437615890,desconocida,37.406943,-5.9893283
7437615891,desconocida,37.4070311,-5.9892884
7437615892,desconocida,37.4070805,-5.9892573
7437615893,desconocida,37.407133,-5.9892334
7437615894,desconocida,37.4068543,-5.9891289
7437615895,desconocida,37.4068778,-5.9890834
7437615896,desconocida,37.4070108,-5.9890364
7437615897,desconocida,37.4071375,-5.9890133
7437615898,desconocida,37.4072173,-5.9889662
7437615899,desconocida,37.4072262,-5.9890109
7437615900,desconocida,37.4072509,-5.9889758
7437615901,desconocida,37.4072851,-5.9889933
7437615902,desconocida,37.4072686,-5.9889423
7437615928,desconocida,37.4066662,-5.9898099
7437615929,desconocida,37.4067137,-5.9899837
7437659735,desconocida,37.4072881,-5.9901181
7437659739,desconocida,37.4070168,-5.9901677
7437659747,desconocida,37.407017,-5.9903715
7437693034,desconocida,37.4066615,-5.9897209
7468266303,desconocida,37.403088,-5.9278008
7468266305,desconocida,37.4031749,-5.9275125
7468266306,desconocida,37.4030827,-5.9277162
7468266307,desconocida,37.4030305,-5.9277605
7468266308,desconocida,37.4031146,-5.9274682
7468266309,desconocida,37.4029602,-5.927664
7468266310,desconocida,37.4030355,-5.9274054
7468266311,desconocida,37.4030784,-5.9274373
7468266312,desconocida,37.4028781,-5.9275634
7468266313,desconocida,37.4028136,-5.9275943
7468266314,desconocida,37.4029937,-5.9273776
7468333736,desconocida,37.4028078,-5.9275158
7468333737,desconocida,37.402525,-5.9273073
7468333738,desconocida,37.4029602,-5.9273535
7468333739,desconocida,37.4027311,-5.9271973
7468333740,desconocida,37.4027535,-5.9275554
7468333741,desconocida,37.4027791,-5.9272254
7468333742,desconocida,37.4029165,-5.9273193
7468333743,desconocida,37.4026635,-5.9271409
7468333744,desconocida,37.4028659,-5.9272898
7468333745,desconocida,37.4024968,-5.9273461
7468333746,desconocida,37.4027088,-5.9275097
7468333747,desconocida,37.4026182,-5.9271141
7468333748,desconocida,37.4024381,-5.9272925
7468333749,desconocida,37.4028233,-5.9272563
7468333750,desconocida,37.4025766,-5.9270806
7468333751,desconocida,37.4025446,-5.9273689
7468333752,desconocida,37.4023497,-5.9271999
7468333753,desconocida,37.4025319,-5.9270471
7468333754,desconocida,37.4023092,-5.9272093
7468333755,desconocida,37.4024797,-5.9270095
7468333756,desconocida,37.4022581,-5.9271167
7468333757,desconocida,37.4024254,-5.9269733
7468333758,desconocida,37.4022144,-5.9271437
7468333759,desconocida,37.4023668,-5.9269331
7468333760,desconocida,37.4021814,-5.9270873
7468333761,desconocida,37.4023103,-5.9268875
7468333762,desconocida,37.4021186,-5.9270497
7468333763,desconocida,37.4022549,-5.9268539
7468333764,desconocida,37.4020748,-5.9269974
7468333765,desconocida,37.4022048,-5.9268191
7468333766,desconocida,37.4027487,-5.9274708
7468333767,desconocida,37.4032214,-5.9275446
7468333768,desconocida,37.4032714,-5.9275881
7468343501,desconocida,37.4031582,-5.9277796
7468343502,desconocida,37.403318,-5.9276227
7468343503,desconocida,37.403246,-5.927388
7468343504,desconocida,37.4038255,-5.9274732
7468343505,desconocida,37.4035353,-5.9277508
7468343506,desconocida,37.4037945,-5.9275805
7468343507,desconocida,37.4036258,-5.9277468
7468343508,desconocida,37.4036706,-5.9277173
7468343509,desconocida,37.4037223,-5.9276831
7468343510,desconocida,37.403302,-5.9279419
7468343511,desconocida,37.4033014,-5.9278809
7468343512,desconocida,37.403261,-5.927907
7468343513,desconocida,37.4032524,-5.9278467
7468343514,desconocida,37.4032167,-5.9278601
7468343515,desconocida,37.4020298,-5.9269676
7468343516,desconocida,37.4019999,-5.9269676
7468396053,desconocida,37.4019467,-5.9269354
7468396054,desconocida,37.4018742,-5.9269005
7468396055,desconocida,37.4017986,-5.9268321
7468396056,desconocida,37.4016366,-5.9270078
7468396057,desconocida,37.4016931,-5.9270494
7468396058,desconocida,37.4017581,-5.927095
7468396059,desconocida,37.4018252,-5.9271433
7468396060,desconocida,37.4018923,-5.9271849
7468396061,desconocida,37.401952,-5.9272345
7468396062,desconocida,37.4020266,-5.9272895
7468396063,desconocida,37.4020852,-5.927331
7468396064,desconocida,37.4021544,-5.9273739
7468396065,desconocida,37.4022109,-5.9274155
7468396066,desconocida,37.4022727,-5.9274638
7468396067,desconocida,37.4023366,-5.9275121
7468396068,desconocida,37.402408,-5.9275684
7468396069,desconocida,37.4024696,-5.9276069
7468396070,desconocida,37.4025784,-5.9276878
7468396071,desconocida,37.4026242,-5.9277213
7468396072,desconocida,37.4027073,-5.9277857
7468396073,desconocida,37.4032528,-5.9266886
7468396074,desconocida,37.403224,-5.9266457
7468396075,desconocida,37.4031036,-5.9265639
7468396076,desconocida,37.4030674,-5.9265545
7468396077,desconocida,37.4033124,-5.9272372
7468396078,desconocida,37.4033817,-5.9270883
7468396079,desconocida,37.4034424,-5.9269475
7468396080,desconocida,37.4036033,-5.9270293
7468396081,desconocida,37.4027659,-5.9278272
7468396082,desconocida,37.4028373,-5.9278742
7468396083,desconocida,37.4029037,-5.9279268
7468396084,desconocida,37.402946,-5.92796
7468405715,desconocida,37.4021015,-5.9267476
7468405716,desconocida,37.4020269,-5.9266913
7468405717,desconocida,37.402675,-5.9274423
7468406885,desconocida,37.4030003,-5.928007
7468406887,desconocida,37.4030781,-5.9280525
7468406888,desconocida,37.4031399,-5.9280955
7468406890,desconocida,37.4031865,-5.9281216
7468406891,desconocida,37.4032879,-5.9281934
7468406892,desconocida,37.4033391,-5.9283033
7468406893,desconocida,37.4033593,-5.9283999
7468406894,desconocida,37.4033732,-5.9284857
7468406895,desconocida,37.4033753,-5.9285823
7468406896,desconocida,37.4034712,-5.9280405
7468406897,desconocida,37.4035042,-5.9280914
7468406898,desconocida,37.4035617,-5.928066
7468406899,desconocida,37.4036587,-5.9281504
7468406900,desconocida,37.4037258,-5.928188
7468406901,desconocida,37.4038621,-5.9274102
7468406902,desconocida,37.4038994,-5.927327
7468406903,desconocida,37.4039378,-5.9272479
7468406904,desconocida,37.402604,-5.9269314
7468406905,desconocida,37.4026775,-5.9267839
7468406906,desconocida,37.4027393,-5.9266444
7468406907,desconocida,37.4028054,-5.9264996
7524461351,Olea europaea,37.3808972,-5.9509457
7571654717,broadleaved,37.390841,-5.9835354
7571654719,broadleaved,37.3907212,-5.9835196
7571654723,broadleaved,37.3908349,-5.9834429
7571654724,broadleaved,37.3907695,-5.9833354
7639917594,desconocida,37.3423452,-5.9863373
7639917595,desconocida,37.3424714,-5.986412
7639917596,desconocida,37.3423897,-5.9862533
7639917597,desconocida,37.3423536,-5.9858612
7639917598,desconocida,37.3420988,-5.9854286
7639917599,desconocida,37.3421772,-5.9855858
7639917600,desconocida,37.3420376,-5.9853085
7639917601,desconocida,37.3421429,-5.9853115
7639917602,desconocida,37.3424344,-5.9859894
7639917603,desconocida,37.3425177,-5.9861249
7639917604,desconocida,37.3429953,-5.9867596
7639917605,desconocida,37.3428728,-5.9866148
7639917606,desconocida,37.3427749,-5.9864793
7639917607,desconocida,37.342672,-5.9863499
7639917608,desconocida,37.3425789,-5.9861896
7639917609,desconocida,37.3430811,-5.9869075
7639917610,desconocida,37.3432084,-5.9870862
7639917611,desconocida,37.3433333,-5.9872434
7639917612,desconocida,37.3434289,-5.987382
7639917613,desconocida,37.3434999,-5.9874898
7639917644,desconocida,37.3422997,-5.9861194
7639917645,desconocida,37.3422156,-5.9860666
7639917646,desconocida,37.3421445,-5.9860463
7639917647,desconocida,37.3420702,-5.9860788
7639917648,desconocida,37.3419603,-5.9862373
7639917649,desconocida,37.3418116,-5.9865707
7639917650,desconocida,37.3418051,-5.9867374
7639917651,desconocida,37.3417922,-5.986839
7639917664,desconocida,37.3420443,-5.9869407
7639917665,desconocida,37.342277,-5.9871846
7639917666,desconocida,37.3425808,-5.9875058
7639917667,desconocida,37.3427683,-5.9877456
7639917668,desconocida,37.3428976,-5.9878635
7639917669,desconocida,37.3421348,-5.9859324
7639917670,desconocida,37.3421865,-5.985843
7639917671,desconocida,37.3422479,-5.9857739
7643812185,desconocida,37.3690631,-5.9475916
7643812186,desconocida,37.3690226,-5.9475621
7643812187,desconocida,37.3689799,-5.9475407
7643812188,desconocida,37.3689373,-5.9475219
7643812189,desconocida,37.368916,-5.9475541
7643812191,desconocida,37.3689117,-5.9475997
7643812192,desconocida,37.3688947,-5.9476318
7643812193,desconocida,37.3689075,-5.9475702
7643812194,desconocida,37.368867,-5.9476184
7643812195,desconocida,37.3688925,-5.9479162
7643812196,desconocida,37.3689842,-5.9479993
7643812197,desconocida,37.3689544,-5.9479939
7643812198,desconocida,37.3689629,-5.9480369
7643812199,desconocida,37.3689203,-5.9480422
7643812200,desconocida,37.3688989,-5.9480422
7643812201,desconocida,37.3687902,-5.9480476
7643812202,desconocida,37.3687668,-5.9478706
7643812203,desconocida,37.3687796,-5.947766
7643812204,desconocida,37.3687583,-5.9477928
7643812205,desconocida,37.3687689,-5.9477418
7643812206,desconocida,37.3687135,-5.9477499
7643812207,desconocida,37.3687838,-5.9476614
7643812208,desconocida,37.3687945,-5.9476104
7643812210,desconocida,37.3689091,-5.9477512
7643812211,desconocida,37.3688734,-5.9475635
7643812212,desconocida,37.3691356,-5.9476593
7643812213,desconocida,37.369224,-5.9476533
7643812214,desconocida,37.3692837,-5.9476647
7643812215,desconocida,37.3693679,-5.9479416
7643812216,desconocida,37.3694233,-5.9477123
7643812217,desconocida,37.369466,-5.9477445
7643812218,desconocida,37.3695177,-5.9477539
7643812219,desconocida,37.3696024,-5.9477881
7643812220,desconocida,37.3697015,-5.9478116
7643812221,desconocida,37.3697239,-5.9478169
7643812222,desconocida,37.3697719,-5.9478444
7643812223,desconocida,37.3696376,-5.9478605
7643812229,desconocida,37.3698351,-5.9478744
7643812230,desconocida,37.3699214,-5.9479012
7643812231,desconocida,37.3699694,-5.9479267
7643812232,desconocida,37.3700408,-5.9479495
7643812233,desconocida,37.3701239,-5.947987
7643812236,desconocida,37.3697232,-5.9483572
7643812237,desconocida,37.3697552,-5.9480152
7643812238,desconocida,37.3697861,-5.9480889
7643812244,desconocida,37.3684069,-5.9489714
7643812245,desconocida,37.3684133,-5.9490371
7643812246,desconocida,37.3684165,-5.9492088
7643812247,desconocida,37.3684079,-5.9491176
7643812248,desconocida,37.368522,-5.9489835
7643812249,desconocida,37.3685145,-5.9489312
7643812250,desconocida,37.3685636,-5.9488681
7643812251,desconocida,37.368522,-5.9488561
7643812253,desconocida,37.3685785,-5.9485436
7643812254,desconocida,37.3688556,-5.9485905
7643812255,desconocida,37.3688268,-5.9483813
7643812261,desconocida,37.3683237,-5.9489352
7643812262,desconocida,37.3684367,-5.9488359
7643812263,desconocida,37.3683738,-5.94884
7643812264,desconocida,37.3679805,-5.9489043
7643812265,desconocida,37.3679603,-5.9489714
7643812266,desconocida,37.3680594,-5.948962
7643816838,desconocida,37.367584,-5.9481707
7643816839,desconocida,37.3675904,-5.9482177
7643816840,desconocida,37.3675947,-5.9482593
7643816841,desconocida,37.3676544,-5.9482593
7643816842,desconocida,37.3677418,-5.9482619
7803610857,desconocida,37.4071781,-5.9900992
7809094831,broadleaved,37.3730781,-6.0038881
7837014638,desconocida,37.40711,-5.9905159
7837049292,desconocida,37.3758711,-6.0036803
7837049293,desconocida,37.3758473,-6.0037084
7837049294,desconocida,37.3758113,-6.003776
7837049295,desconocida,37.3759067,-6.0035966
7837764701,desconocida,37.3761019,-6.0042547
7837764702,desconocida,37.3757884,-6.0038292
7837764703,desconocida,37.375768,-6.0038815
7837764704,desconocida,37.375757,-6.0039103
7837764705,desconocida,37.3757155,-6.0039838
7837764706,desconocida,37.3756977,-6.0040222
7837764708,desconocida,37.3756748,-6.0040628
7837764709,desconocida,37.3762072,-6.0040395
7837764710,desconocida,37.3761462,-6.004067
7837764711,desconocida,37.3760798,-6.0041976
7837764712,desconocida,37.3760188,-6.0043127
7837764713,desconocida,37.3762286,-6.003902
7837764714,desconocida,37.3761899,-6.0039747
7837764715,desconocida,37.3761139,-6.0041243
7837764716,desconocida,37.3762742,-6.0038195
7837764717,desconocida,37.376306,-6.0038504
7837764718,desconocida,37.376322,-6.0037203
7837764719,desconocida,37.3763862,-6.0035903
7837764720,desconocida,37.3764718,-6.0034379
7837764721,desconocida,37.3765223,-6.0034264
7837764722,desconocida,37.3765391,-6.0033898
7837764723,desconocida,37.3763211,-6.0038235
7837764724,desconocida,37.3764385,-6.0035041
7837764725,desconocida,37.37593,-6.0035543
7837764726,desconocida,37.3759766,-6.0034711
7837764727,desconocida,37.375997,-6.0034241
7837764728,desconocida,37.3760215,-6.0033687
7837764729,desconocida,37.3760843,-6.0032482
7837764730,desconocida,37.3761207,-6.0031842
7837966124,desconocida,37.3754153,-6.0040156
7837966125,desconocida,37.3754994,-6.0038627
7837966126,desconocida,37.3755229,-6.0038077
7837966127,desconocida,37.3755709,-6.0037165
7837966128,desconocida,37.3756476,-6.0035516
7837966129,desconocida,37.3756849,-6.0034953
7837966130,desconocida,37.3757083,-6.0034295
7837966131,desconocida,37.3757286,-6.003388
7837966132,desconocida,37.375784,-6.003282
7837966133,desconocida,37.3757968,-6.0032458
7837966134,desconocida,37.3758213,-6.0032083
7837966135,desconocida,37.3758693,-6.0031372
7837966136,desconocida,37.3758895,-6.0030889
7837966137,desconocida,37.3759119,-6.0030219
7837966138,desconocida,37.3756955,-6.002936
7837966139,desconocida,37.37567,-6.0029897
7837966140,desconocida,37.3755815,-6.0031519
7837966141,desconocida,37.3757371,-6.002869
7837966142,desconocida,37.3755304,-6.0032391
7837966143,desconocida,37.3754845,-6.0033504
7837966144,desconocida,37.3754547,-6.003392
7837966145,desconocida,37.3754174,-6.0034617
7837966146,desconocida,37.3753961,-6.0035194
7837966147,desconocida,37.3753694,-6.0035623
7837966148,desconocida,37.3753311,-6.0036522
7837966149,desconocida,37.3753012,-6.0036924
7837966150,desconocida,37.3752672,-6.00377
7837966151,desconocida,37.3752239,-6.0038459
7837966152,desconocida,37.3755673,-6.0026271
7837966153,desconocida,37.3755256,-6.0027186
7837966154,desconocida,37.3754977,-6.0027556
7837966155,desconocida,37.3754761,-6.0028179
7837966156,desconocida,37.375408,-6.0029484
7837966157,desconocida,37.3753708,-6.002999
7837966158,desconocida,37.3753368,-6.0030964
7837966159,desconocida,37.3752811,-6.0031801
7837966160,desconocida,37.3752239,-6.0033144
7837966161,desconocida,37.3751883,-6.0033689
7837966162,desconocida,37.3751651,-6.0034196
7837966163,desconocida,37.3751248,-6.0034955
7837966164,desconocida,37.3750923,-6.00355
7837966165,desconocida,37.3750645,-6.003622
7837966166,desconocida,37.3753198,-6.0025687
7837966167,desconocida,37.3752997,-6.0026193
7837966168,desconocida,37.3750784,-6.0030457
7837966169,desconocida,37.3750181,-6.0031625
7837966170,desconocida,37.3749806,-6.0032273
7837966171,desconocida,37.3748262,-6.0035364
7837966172,desconocida,37.3746529,-6.0027498
7837966173,desconocida,37.3746529,-6.0028199
7837966174,desconocida,37.3746421,-6.0028939
7837966175,desconocida,37.3746189,-6.0029406
7837966176,desconocida,37.3745864,-6.0029932
7837966177,desconocida,37.3745384,-6.0031041
7837966178,desconocida,37.3741826,-6.0037934
7837966179,desconocida,37.3742042,-6.0037097
7837966180,desconocida,37.3742568,-6.0036279
7837966181,desconocida,37.3743063,-6.0035617
7837966182,desconocida,37.3743512,-6.0034799
7837966183,desconocida,37.3744007,-6.0033728
7837966184,desconocida,37.3740278,-6.0040971
7837968785,desconocida,37.3738282,-6.0039706
7837968786,desconocida,37.3751445,-6.0029193
7837968787,desconocida,37.3751812,-6.0028399
7837968788,desconocida,37.3752224,-6.0027614
7837968789,desconocida,37.3752679,-6.0026893
7837968790,desconocida,37.3749573,-6.0032821
7837968791,desconocida,37.3749234,-6.0033603
7837968792,desconocida,37.3749008,-6.0033946
7837968793,desconocida,37.3748782,-6.0034432
7837968794,desconocida,37.376212,-6.0011249
7837968795,desconocida,37.3761517,-6.0010611
7837968796,desconocida,37.3763279,-6.0006476
7837968797,desconocida,37.3764807,-6.0006896
7837968798,desconocida,37.3764437,-6.0007543
7837968799,desconocida,37.3763585,-6.0005875
7837968800,desconocida,37.3766923,-6.0002547
7837968801,desconocida,37.3770423,-6.0005493
7837968802,desconocida,37.3767261,-6.0001986
7837968803,desconocida,37.3770773,-6.0004522
7837968804,desconocida,37.376632,-6.0000983
7837968805,desconocida,37.3769252,-6.0010469
7837968806,desconocida,37.3768952,-6.0011157
7837968807,desconocida,37.3772573,-6.0013168
7837968808,desconocida,37.377245,-6.0013959
7837968809,desconocida,37.3770238,-6.0018117
7837968810,desconocida,37.377122,-6.00328
7850694136,desconocida,37.3774947,-6.0135884
7850694137,desconocida,37.3774399,-6.0135208
7850694138,desconocida,37.3774014,-6.013448
7850694139,desconocida,37.3773365,-6.0133766
7850694140,desconocida,37.3772655,-6.0133077
7850694141,desconocida,37.3771751,-6.0133271
7850694142,desconocida,37.3772716,-6.0134506
7850694143,desconocida,37.3773284,-6.0140031
7850694144,desconocida,37.3772848,-6.0139661
7850694145,desconocida,37.3772666,-6.0138933
7850694146,desconocida,37.3770546,-6.0134723
7850694147,desconocida,37.3769675,-6.0136471
7850694148,desconocida,37.3769391,-6.0135016
7850694149,desconocida,37.376861,-6.0133626
7850694150,desconocida,37.3766927,-6.0130142
7850694151,desconocida,37.3766562,-6.0129096
7850694152,desconocida,37.3765761,-6.0128509
7976907321,desconocida,37.4134435,-5.9732578
7976907322,desconocida,37.4134738,-5.9732821
7976907323,desconocida,37.4135071,-5.9733115
7976907324,desconocida,37.4135421,-5.9733401
7976907325,desconocida,37.4135759,-5.9733687
7976907326,desconocida,37.4136098,-5.9733981
7976907327,desconocida,37.4136383,-5.9734224
7976907328,desconocida,37.413671,-5.9734525
7976907329,desconocida,37.4137019,-5.9734833
7976907330,desconocida,37.4137224,-5.973523
7976907331,desconocida,37.4137177,-5.9735627
7976907332,desconocida,37.413643,-5.9734929
7976907333,desconocida,37.4136098,-5.9734745
7976907334,desconocida,37.4135858,-5.9735061
7976907335,desconocida,37.4135724,-5.9735524
7976907336,desconocida,37.4135537,-5.9736126
7976907337,desconocida,37.4135934,-5.9736369
7976907338,desconocida,37.4136255,-5.9736508
7976907339,desconocida,37.4136728,-5.9736391
7976907340,desconocida,37.4136611,-5.9736831
7976907345,desconocida,37.4139161,-5.973474
7976907346,desconocida,37.4139821,-5.9734964
7976907347,desconocida,37.4140939,-5.9735412
7976907348,desconocida,37.4141244,-5.973555
7976907349,desconocida,37.4141566,-5.9735689
7976907350,desconocida,37.4142151,-5.9735956
7976907351,desconocida,37.4142422,-5.9736094
7976907352,desconocida,37.414276,-5.9736222
7976907353,desconocida,37.414332,-5.9736489
7976907354,desconocida,37.4143624,-5.9736638
7976907355,desconocida,37.4143057,-5.973635
7976907356,desconocida,37.4141863,-5.9735828
7976907357,desconocida,37.4140711,-5.9735305
7976907358,desconocida,37.4140448,-5.9735188
7976907359,desconocida,37.4140152,-5.973507
7976907364,desconocida,37.4133527,-5.9737754
7976907365,desconocida,37.4133684,-5.9737217
7976907366,desconocida,37.4133841,-5.9736642
7976907367,desconocida,37.4133684,-5.9736209
7976907368,desconocida,37.4133265,-5.9735955
7976907369,desconocida,37.4133011,-5.9737518
7976907370,desconocida,37.413254,-5.973732
7976907371,desconocida,37.4132876,-5.973571
7976907372,desconocida,37.4131949,-5.973701
7976907373,desconocida,37.4133093,-5.9734985
7976907374,desconocida,37.4133295,-5.9734269
7976907375,desconocida,37.4133527,-5.9733497
7976907376,desconocida,37.4133505,-5.9732734
7976907377,desconocida,37.4132929,-5.973247
7976907378,desconocida,37.413239,-5.9732225
7976907379,desconocida,37.4131837,-5.9732376
7976907380,desconocida,37.413162,-5.973296
7976907381,desconocida,37.4131403,-5.9733713
7976907382,desconocida,37.4131201,-5.9734457
7976907383,desconocida,37.4131059,-5.9735079
7976907384,desconocida,37.4131911,-5.9736341
7976918385,desconocida,37.4132143,-5.9735588
7976918386,desconocida,37.413165,-5.9735305
7976918387,desconocida,37.4130827,-5.9735804
7976918388,desconocida,37.4130685,-5.9736388
7976918389,desconocida,37.4130528,-5.973701
7976918390,desconocida,37.4130355,-5.9737688
7976918391,desconocida,37.4130216,-5.9738246
7976918392,desconocida,37.4129173,-5.9737863
7976918393,desconocida,37.4128316,-5.9737781
7976918410,desconocida,37.4133187,-5.9738365
7976918411,desconocida,37.4132755,-5.9738088
7976918412,desconocida,37.4132891,-5.9739475
7976918413,desconocida,37.4132425,-5.9739261
7976918414,desconocida,37.4131417,-5.9737512
7976918415,desconocida,37.4131036,-5.9738621
7976918416,desconocida,37.4132137,-5.9737768
7976918417,desconocida,37.4131824,-5.9738995
7976918418,desconocida,37.4129462,-5.9730611
7976918419,desconocida,37.412935,-5.9731015
7976918420,desconocida,37.412919,-5.9731498
7976918421,desconocida,37.4129018,-5.9731978
7976918422,desconocida,37.4128883,-5.9732458
7976918423,desconocida,37.4128698,-5.9732954
7976918424,desconocida,37.4128592,-5.9733327
7976918425,desconocida,37.4128459,-5.9733779
7976918426,desconocida,37.4128324,-5.9734209
7976918427,desconocida,37.4128189,-5.9734662
7976918428,desconocida,37.4128072,-5.9735075
7976918429,desconocida,37.4127923,-5.973557
7976918430,desconocida,37.4127764,-5.973605
7976918431,desconocida,37.4127589,-5.9736575
7976918432,desconocida,37.4127493,-5.9736938
7976918433,desconocida,37.4127368,-5.97373
7976918434,desconocida,37.4127234,-5.9737698
7976918435,desconocida,37.4127109,-5.9738037
7976918436,desconocida,37.4126984,-5.9738435
7976918437,desconocida,37.4126821,-5.9738918
7976918438,desconocida,37.4126706,-5.9739317
7976918439,desconocida,37.4126601,-5.9739715
7976918440,desconocida,37.4126495,-5.9740102
7976918441,desconocida,37.4126351,-5.9740524
7976918442,desconocida,37.4126246,-5.9740886
7976918443,desconocida,37.4126121,-5.9741237
7976918444,desconocida,37.4125977,-5.9741611
7976918445,desconocida,37.4127397,-5.9743253
7976918446,desconocida,37.4126975,-5.9743012
7976918447,desconocida,37.4126505,-5.9742758
7976918448,desconocida,37.4127253,-5.9743821
7976918449,desconocida,37.412708,-5.974434
7976918450,desconocida,37.4126658,-5.9744159
7976918451,desconocida,37.4126208,-5.9743978
7976918452,desconocida,37.4126035,-5.9742565
7976918453,desconocida,37.412569,-5.9742746
7976918454,desconocida,37.4125776,-5.974376
7976918455,desconocida,37.4125527,-5.9743289
7976918456,desconocida,37.4126773,-5.9743519
7976918457,desconocida,37.4126236,-5.9743265
7976918458,desconocida,37.4139129,-5.9735583
7976918459,desconocida,37.4138672,-5.9736377
7976918460,desconocida,37.4137963,-5.9738005
7976918461,desconocida,37.4137567,-5.9739182
7976918462,desconocida,37.4137624,-5.9741296
7976918463,desconocida,37.4137515,-5.9741802
7976918464,desconocida,37.4137667,-5.9742321
7976918465,desconocida,37.4136918,-5.9745685
7976918466,desconocida,37.4137206,-5.9740337
7976918467,desconocida,37.413729,-5.9740037
7976918468,desconocida,37.41371,-5.9740655
7976918469,desconocida,37.4136984,-5.9741015
7976918470,desconocida,37.4136896,-5.9741331
7976918471,desconocida,37.4136791,-5.9741639
7976918472,desconocida,37.4136692,-5.9741977
7976918473,desconocida,37.4136581,-5.97423
7976918474,desconocida,37.4136464,-5.9742668
7976918475,desconocida,37.4136371,-5.9742947
7976918476,desconocida,37.4136278,-5.9743233
7976918477,desconocida,37.4136184,-5.9743534
7976918478,desconocida,37.4136085,-5.974388
7976918479,desconocida,37.4136003,-5.9744152
7976918480,desconocida,37.4135916,-5.9744431
7976918481,desconocida,37.4135805,-5.9744747
7976918482,desconocida,37.41357,-5.9745048
7976918483,desconocida,37.4135612,-5.9745342
7976918484,desconocida,37.4135502,-5.9745694
7976918485,desconocida,37.4135426,-5.9745995
7976918486,desconocida,37.4135338,-5.9746296
7976918487,desconocida,37.4135227,-5.9746612
7976918488,desconocida,37.4135134,-5.9746928
7976918489,desconocida,37.4135047,-5.9747185
7976918490,desconocida,37.4134959,-5.9747494
7976918491,desconocida,37.4134866,-5.9747773
7976918492,desconocida,37.413479,-5.9748059
7976918493,desconocida,37.4134691,-5.9748375
7976918494,desconocida,37.4134597,-5.9748662
7976918495,desconocida,37.4134516,-5.9748926
7976918496,desconocida,37.4134428,-5.9749205
7976918497,desconocida,37.4134341,-5.9749484
7976918498,desconocida,37.4132257,-5.9747387
7976918499,desconocida,37.4132061,-5.9748035
7976918500,desconocida,37.4131886,-5.97486
7976918501,desconocida,37.4132329,-5.9749022
7976918502,desconocida,37.4132792,-5.9749547
7976918503,desconocida,37.4133024,-5.9750092
7976918504,desconocida,37.4132491,-5.9749885
7976918505,desconocida,37.4133892,-5.9749872
7976918506,desconocida,37.4133531,-5.9750189
7976918507,desconocida,37.4133428,-5.9749638
7976918508,desconocida,37.4223911,-5.9694453
7976918509,desconocida,37.4223499,-5.9693531
7976918510,desconocida,37.4225513,-5.969503
7976918511,desconocida,37.4223339,-5.9692609
7976918512,desconocida,37.4223339,-5.9691687
7976918513,desconocida,37.4224048,-5.9691024
7976918514,desconocida,37.4226451,-5.9694742
7976918515,desconocida,37.4227184,-5.9693935
7976918516,desconocida,37.4227481,-5.9693041
7976918517,desconocida,37.4227458,-5.9692062
7976918518,desconocida,37.4227275,-5.9691255
7976918519,desconocida,37.4226474,-5.9693272
7976918520,desconocida,37.4226245,-5.9692523
7976918521,desconocida,37.4226131,-5.9691716
7976918522,desconocida,37.4225879,-5.9690909
7976918523,desconocida,37.4225467,-5.9690246
7976918524,desconocida,37.4224872,-5.9690621
7976918525,desconocida,37.4224826,-5.9688257
7976918526,desconocida,37.4224689,-5.9687566
7976918527,desconocida,37.4224689,-5.9686903
7976918528,desconocida,37.4224712,-5.968624
7976918529,desconocida,37.4224735,-5.9685548
7976918530,desconocida,37.4223979,-5.968624
7976918531,desconocida,37.4223316,-5.9686528
7976918532,desconocida,37.4222148,-5.9687883
7976918533,desconocida,37.4222011,-5.9688718
7976918534,desconocida,37.4222125,-5.9689583
7976918535,desconocida,37.4222469,-5.9690304
7976918536,desconocida,37.4222972,-5.9690909
7976918537,desconocida,37.4225582,-5.9688632
7976918538,desconocida,37.4226291,-5.9688229
7976918539,desconocida,37.4225742,-5.9686903
7976918540,desconocida,37.4225787,-5.9685981
7976918541,desconocida,37.4226062,-5.9685145
7976918542,desconocida,37.4227229,-5.9686442
7976918543,desconocida,37.4227298,-5.9685375
7976918544,desconocida,37.4227458,-5.9684655
7976918545,desconocida,37.4227939,-5.9683848
7976918546,desconocida,37.4228671,-5.9683416
7976918547,desconocida,37.4229678,-5.9683272
7976918548,desconocida,37.4230411,-5.9683617
7976918549,desconocida,37.423096,-5.9684194
7976918550,desconocida,37.4231258,-5.9685203
7976918551,desconocida,37.4231326,-5.9686211
7976918552,desconocida,37.4231326,-5.9687076
7976918553,desconocida,37.4231189,-5.9687681
7976918554,desconocida,37.4232013,-5.9688056
7976918555,desconocida,37.4232265,-5.9688978
7976918556,desconocida,37.4232562,-5.9689785
7976918557,desconocida,37.4232631,-5.9690765
7976918558,desconocida,37.4232516,-5.9691543
7976918559,desconocida,37.4232127,-5.9692234
7976918560,desconocida,37.4231578,-5.9692551
7976918561,desconocida,37.4230731,-5.9692897
7976918562,desconocida,37.4230022,-5.9693013
7976918563,desconocida,37.4229495,-5.9692667
7976918564,desconocida,37.4228854,-5.9691917
7976918565,desconocida,37.4228557,-5.9691312
7976918566,desconocida,37.4228122,-5.9690938
7976918567,desconocida,37.4228923,-5.9690361
7976918568,desconocida,37.42289,-5.9689525
7976918569,desconocida,37.4228557,-5.9688661
7976918570,desconocida,37.4228259,-5.9687825
7976918571,desconocida,37.4228076,-5.9687047
7976918572,desconocida,37.422739,-5.9687422
7976918573,desconocida,37.4228557,-5.9693531
7976918574,desconocida,37.4227618,-5.9689064
7976918575,desconocida,37.422771,-5.9689785
7976918576,desconocida,37.4227229,-5.9689958
7976918577,desconocida,37.4226932,-5.9689324
7976918578,desconocida,37.4230388,-5.9689324
7976918579,desconocida,37.4229907,-5.9689987
7976918580,desconocida,37.4231624,-5.9690361
7976918581,desconocida,37.4231258,-5.9690851
7976918582,desconocida,37.4231486,-5.9691802
7976918583,desconocida,37.423096,-5.9691802
7976918584,desconocida,37.4230296,-5.9686816
7976918585,desconocida,37.4228626,-5.9685318
7976918586,desconocida,37.4228351,-5.9685808
7976918587,desconocida,37.422462,-5.9695116
7976918588,desconocida,37.423183,-5.9689468
7976918589,desconocida,37.4242892,-5.9686691
7976918590,desconocida,37.4242649,-5.9685953
7976918591,desconocida,37.4242386,-5.9685139
7976918592,desconocida,37.4242184,-5.968435
7976918593,desconocida,37.4241901,-5.9683612
7976918594,desconocida,37.4241659,-5.9682874
7976918595,desconocida,37.4241335,-5.9682135
7976918596,desconocida,37.4241194,-5.9681321
7976918597,desconocida,37.4240891,-5.9680557
7976918598,desconocida,37.4240648,-5.9679794
7976918599,desconocida,37.4240406,-5.9679132
7976918600,desconocida,37.4240183,-5.9678369
7976918601,desconocida,37.423988,-5.9677554
7976918602,desconocida,37.4239336,-5.9677547
7976918603,desconocida,37.4238667,-5.9677936
7976918604,desconocida,37.423796,-5.9678241
7976918605,desconocida,37.4237475,-5.9678547
7976918606,desconocida,37.4236909,-5.9678827
7976918607,desconocida,37.4236343,-5.9679107
7976918608,desconocida,37.4235959,-5.9679387
7976918609,desconocida,37.4242609,-5.9687429
7976918610,desconocida,37.4242023,-5.9687709
7976918611,desconocida,37.4241497,-5.9687989
7976918612,desconocida,37.4240992,-5.9688244
7976918613,desconocida,37.4240446,-5.9688524
7976918614,desconocida,37.423988,-5.9688804
7976918615,desconocida,37.4239314,-5.9689109
7976918616,desconocida,37.4239557,-5.9689745
7976918617,desconocida,37.4240264,-5.9689415
7976918618,desconocida,37.4240769,-5.9689109
7976918619,desconocida,37.4241436,-5.9688778
7976918620,desconocida,37.4241982,-5.9688422
7976918621,desconocida,37.424269,-5.9688142
7976918622,desconocida,37.4243256,-5.9687938
7976918623,desconocida,37.4239334,-5.9676816
7976918624,desconocida,37.423891,-5.9676994
7976918625,desconocida,37.4238384,-5.9677223
7976918626,desconocida,37.4237758,-5.9677554
7976918627,desconocida,37.4237172,-5.9677936
7976918628,desconocida,37.4236666,-5.9678165
7976918629,desconocida,37.4236222,-5.9678394
7976918630,desconocida,37.4235615,-5.9678725
7976918631,desconocida,37.4239375,-5.9676053
7976918632,desconocida,37.4239051,-5.9675238
7976918633,desconocida,37.4238688,-5.9674245
7976918634,desconocida,37.4238425,-5.9673355
7976918635,desconocida,37.4238122,-5.9672591
7976918636,desconocida,37.4237879,-5.9671853
7976918669,desconocida,37.4238408,-5.9689541
7976918670,desconocida,37.4238212,-5.9688889
7976918671,desconocida,37.4237855,-5.968799
7976918672,desconocida,37.4237587,-5.9687159
7976918673,desconocida,37.4237266,-5.968617
7976918674,desconocida,37.4236927,-5.9685068
7976918675,desconocida,37.4236641,-5.9684102
7976918676,desconocida,37.4236391,-5.968318
7976918677,desconocida,37.4236123,-5.9682303
7976918678,desconocida,37.423582,-5.9681494
7976918679,desconocida,37.4235463,-5.9680528
7976918680,desconocida,37.4235231,-5.9679831
7976918681,desconocida,37.423441,-5.9680123
7976918682,desconocida,37.4233856,-5.968046
7976918683,desconocida,37.4233124,-5.968082
7976918684,desconocida,37.42325,-5.9681135
7976918685,desconocida,37.423175,-5.9681539
7976918686,desconocida,37.4237891,-5.9689878
7976918687,desconocida,37.4237319,-5.9690148
7976918688,desconocida,37.423673,-5.969044
7976918689,desconocida,37.4236123,-5.9690732
7976918690,desconocida,37.4235516,-5.9691002
7976918691,desconocida,37.4235034,-5.9691317
7976918692,desconocida,37.4244262,-5.968494
7976918693,desconocida,37.4243964,-5.9684047
7976918694,desconocida,37.4243621,-5.9683153
7976918695,desconocida,37.4243324,-5.9682433
7976918696,desconocida,37.4242912,-5.9681453
7976918697,desconocida,37.4242683,-5.9680473
7976918698,desconocida,37.4242294,-5.9679522
7976918699,desconocida,37.4241996,-5.96786
7976918700,desconocida,37.4241744,-5.9677678
7989658121,broadleaved,37.3805998,-6.0121512
7989658122,broadleaved,37.3806056,-6.0122554
7989658123,broadleaved,37.3806029,-6.0122057
7989658124,broadleaved,37.3806088,-6.0123118
7990001138,broadleaved,37.3805951,-6.0120499
7990001139,broadleaved,37.3805992,-6.0121064
7990001142,broadleaved,37.3805942,-6.0120121
7990001143,broadleaved,37.3805916,-6.0119545
7990001146,broadleaved,37.3805888,-6.0118952
7990001148,broadleaved,37.3805855,-6.0118039
7990001149,broadleaved,37.3805828,-6.0117345
7990001150,broadleaved,37.380579,-6.0116728
7990001151,broadleaved,37.3805786,-6.0116202
7990034115,broadleaved,37.3805977,-6.0115618
7990034116,broadleaved,37.3806409,-6.0115613
7990034117,broadleaved,37.3806901,-6.0115554
7990034119,broadleaved,37.3809206,-6.0115405
7990034121,broadleaved,37.3808384,-6.0115474
7990034122,broadleaved,37.3807791,-6.0115495
7990034123,broadleaved,37.3807354,-6.0115538
7990185642,broadleaved,37.38071,-6.0123948
7990185643,broadleaved,37.3806559,-6.0123994
7990185644,broadleaved,37.3808056,-6.0123889
7990185647,broadleaved,37.3809556,-6.012378
7990185648,broadleaved,37.3809216,-6.012381
7990185649,broadleaved,37.3808908,-6.0123836
7990185650,broadleaved,37.3808508,-6.0123873
7997579718,desconocida,37.3828194,-6.0130237
8021235107,desconocida,37.3762199,-6.0113605
8021235108,desconocida,37.376125,-6.0114538
8021235109,desconocida,37.3761034,-6.0114165
8021235110,desconocida,37.3760741,-6.0113308
8021235111,desconocida,37.3760443,-6.0112779
8021235117,desconocida,37.3763522,-6.0112748
8021235118,desconocida,37.3763984,-6.011229
8021235119,desconocida,37.3764401,-6.0111866
8021235121,desconocida,37.3764929,-6.0111354
8021235122,desconocida,37.3765407,-6.0110827
8021235123,desconocida,37.3765906,-6.011032
8021235124,desconocida,37.3766386,-6.0109882
8021235126,desconocida,37.3767803,-6.0108255
8021235127,desconocida,37.3767322,-6.0108771
8021235128,desconocida,37.3766778,-6.0109317
8046933491,desconocida,37.3779815,-6.0119188
8046933492,desconocida,37.3780126,-6.0118847
8046933493,desconocida,37.3780494,-6.0118444
8046933494,desconocida,37.3781479,-6.0117364
8046933495,desconocida,37.3780225,-6.0119911
8046933496,desconocida,37.3780549,-6.0119584
8046933497,desconocida,37.3780851,-6.0119279
8046933498,desconocida,37.3781211,-6.0118917
8046933499,desconocida,37.3781564,-6.0118561
8046933500,desconocida,37.378185,-6.0118272
8046933501,desconocida,37.3781243,-6.0117622
8046933502,desconocida,37.3780942,-6.0117952
8046933508,desconocida,37.3782129,-6.0117964
8074496495,Citrus × aurantium,37.3802521,-6.0024514
8074496496,Citrus × aurantium,37.3803529,-6.0025569
8074496497,Citrus × aurantium,37.3803031,-6.0025048
8074496498,Citrus × aurantium,37.3798613,-6.0020424
8074496499,Citrus × aurantium,37.3799586,-6.0021442
8074496500,Citrus × aurantium,37.3802007,-6.0023976
8074496501,Citrus × aurantium,37.3801568,-6.0023516
8074496502,Citrus × aurantium,37.3800491,-6.0022389
8074496503,Citrus × aurantium,37.3800024,-6.00219
8082425719,broadleaved,37.3804043,-6.0102489
8082425720,broadleaved,37.3803585,-6.0102493
8082425721,broadleaved,37.3803178,-6.0102536
8082425722,broadleaved,37.3802867,-6.0102532
8082425723,broadleaved,37.3802412,-6.0102555
8082425724,broadleaved,37.3801903,-6.0102568
8082425725,broadleaved,37.3801333,-6.0102624
8082425726,broadleaved,37.3801014,-6.0102654
8082742220,broadleaved,37.3799966,-6.0102778
8082742221,broadleaved,37.3799429,-6.0102749
8082742222,broadleaved,37.3798948,-6.0102798
8082742223,broadleaved,37.3798514,-6.0102828
8082742224,broadleaved,37.3798092,-6.0102875
8082742225,broadleaved,37.3797698,-6.0102882
8082834537,desconocida,37.3803492,-6.0094639
8082834538,desconocida,37.3803793,-6.0094415
8082834546,desconocida,37.3802175,-6.0095884
8082834547,desconocida,37.3802606,-6.0095451
8082834550,broadleaved,37.3802645,-6.0096772
8082834551,broadleaved,37.3802198,-6.0097208
8082834554,broadleaved,37.3801877,-6.0097521
8082834568,broadleaved,37.3801149,-6.0098249
8082834569,broadleaved,37.3800842,-6.009855
8082834570,broadleaved,37.3800374,-6.0099049
8082834573,desconocida,37.380061,-6.0097486
8082834575,desconocida,37.3800108,-6.0098013
8082834576,desconocida,37.3799678,-6.0098456
8082834578,broadleaved,37.3799988,-6.009952
8082834579,broadleaved,37.3799618,-6.0099897
8082834580,broadleaved,37.3799263,-6.010026
8082834581,broadleaved,37.3798907,-6.0100613
8082834582,broadleaved,37.3798548,-6.010099
8082834583,broadleaved,37.3798256,-6.0101296
8082834588,desconocida,37.3798963,-6.0099215
8082834589,desconocida,37.3798205,-6.0100024
8082834592,desconocida,37.3796674,-6.0101618
8082834593,desconocida,37.3797202,-6.0101069
8082834594,desconocida,37.3797687,-6.0100598
8082834605,desconocida,37.3796072,-6.0102252
8082834607,broadleaved,37.3797009,-6.0102608
8082834608,broadleaved,37.3797301,-6.0102266
8082834611,broadleaved,37.3797806,-6.0101781
8085979181,broadleaved,37.3805814,-6.0102358
8085979182,broadleaved,37.3806193,-6.0102331
8085979183,broadleaved,37.3806529,-6.0102307
8085979184,broadleaved,37.3806952,-6.0102277
8085979185,broadleaved,37.3807353,-6.0102249
8085979186,broadleaved,37.3807723,-6.0102223
8085979187,broadleaved,37.3808234,-6.0102186
8085979188,broadleaved,37.3808809,-6.0102146
8085979189,broadleaved,37.380933,-6.0102109
8089678634,desconocida,37.3809878,-6.0103212
8089678635,broadleaved,37.3809725,-6.0110513
8089678636,broadleaved,37.3809648,-6.0109575
8089678637,broadleaved,37.3809751,-6.0104156
8089678638,broadleaved,37.3809745,-6.0104604
8089678639,broadleaved,37.3809726,-6.010513
8089678640,broadleaved,37.380972,-6.0105577
8089678641,broadleaved,37.3809689,-6.0108434
8089678642,broadleaved,37.3809714,-6.0107735
8089678643,broadleaved,37.3809745,-6.0107304
8089678644,broadleaved,37.380977,-6.0106793
8089678645,broadleaved,37.3809789,-6.010633
8089728477,broadleaved,37.3808884,-6.0102841
8089728479,broadleaved,37.3808459,-6.0102867
8089728480,broadleaved,37.3808013,-6.0102876
8089728481,broadleaved,37.3807623,-6.0102893
8089728482,broadleaved,37.3806752,-6.0102937
8089728483,broadleaved,37.3806369,-6.0102972
8089728484,broadleaved,37.3807212,-6.0102911
8089728485,broadleaved,37.3805728,-6.0103033
8119592063,desconocida,37.4061077,-5.9788813
8119592064,desconocida,37.4061999,-5.978814
8119592065,desconocida,37.4061165,-5.9787328
8119592066,desconocida,37.4060693,-5.9787741
8119592067,desconocida,37.4061715,-5.9787108
8119592068,desconocida,37.4061868,-5.9787499
8119592069,desconocida,37.40609,-5.9788242
8152540176,broadleaved,37.3756655,-5.9983501
8152540183,broadleaved,37.3756826,-5.9976974
8152540184,broadleaved,37.3757385,-5.9976868
8152540187,broadleaved,37.3756195,-5.9975089
8152540188,broadleaved,37.3756934,-5.997433
8152540189,broadleaved,37.3757441,-5.9974381
8152586562,broadleaved,37.3757129,-5.9968727
8251622874,palm,37.4034292,-5.9883362
8251622875,palm,37.4034989,-5.9883408
8251622876,palm,37.4035601,-5.9883454
8251622877,palm,37.4036201,-5.9883439
8251622878,palm,37.4036996,-5.9883485
8251622879,palm,37.4037571,-5.9883501
8251622880,palm,37.403822,-5.9883485
8251622881,palm,37.4038832,-5.9883593
8251622882,palm,37.4034292,-5.9884702
8251622883,palm,37.403494,-5.9884749
8251622884,palm,37.4035699,-5.9884702
8251622885,palm,37.4036347,-5.9884733
8251622886,palm,37.4036935,-5.9884749
8251622887,palm,37.4037571,-5.9884795
8251622888,palm,37.403822,-5.9884887
8251622889,palm,37.4038807,-5.9884841
8251622890,palm,37.4038428,-5.9881698
8251622891,palm,37.4037791,-5.9881483
8251622892,palm,37.403833,-5.987797
8251622893,palm,37.4038244,-5.9886951
8251622894,desconocida,37.4038281,-5.9889016
8251622895,desconocida,37.4036592,-5.9886458
8251622896,desconocida,37.4035185,-5.9886166
8251622897,desconocida,37.4035785,-5.9889262
8251622908,desconocida,37.4037044,-5.9882147
8251622909,desconocida,37.4035382,-5.9882371
8251622910,desconocida,37.403528,-5.9881189
8251629544,Ficus,37.3835377,-6.0051123
8284511478,desconocida,37.4059849,-5.9910251
8284511479,desconocida,37.4058229,-5.9911994
8284511480,desconocida,37.4057026,-5.9913188
8284511481,desconocida,37.4056141,-5.991465
8284511482,desconocida,37.4056525,-5.9915146
8284511483,desconocida,37.4060051,-5.9909862
8284511484,desconocida,37.4061532,-5.9910559
8284511485,desconocida,37.4060637,-5.9914784
8284511486,desconocida,37.40602,-5.9914274
8284511487,desconocida,37.4060083,-5.9913993
8284511488,desconocida,37.4059923,-5.9913738
8284511489,desconocida,37.4060264,-5.991241
8284511490,desconocida,37.4060435,-5.9912933
8284511491,desconocida,37.4059359,-5.991933
8284511492,desconocida,37.4060296,-5.9920497
8284511493,desconocida,37.4065218,-5.991591
8284511494,desconocida,37.4064706,-5.9916487
8284511495,desconocida,37.4064067,-5.9917158
8284511496,desconocida,37.4063705,-5.9917533
8284511497,desconocida,37.4063204,-5.991811
8284511498,desconocida,37.4062725,-5.9918566
8284511499,desconocida,37.4062288,-5.9919116
8284511500,desconocida,37.406199,-5.9919424
8284511501,desconocida,37.4061404,-5.9920014
8284511502,desconocida,37.4061127,-5.9920242
8284560355,desconocida,37.4064657,-5.9911698
8284560356,desconocida,37.4064418,-5.9911302
8284560357,desconocida,37.4064104,-5.991084
8284560358,desconocida,37.4063864,-5.9910491
8284560359,desconocida,37.4063411,-5.9909827
8284560360,desconocida,37.406299,-5.9909311
8284560361,desconocida,37.4062729,-5.9908694
8284560362,desconocida,37.4062356,-5.9908265
8284560363,desconocida,37.4062122,-5.9907876
8284560364,desconocida,37.4062862,-5.9912456
8284560365,desconocida,37.4062031,-5.9911235
8284560366,desconocida,37.4062878,-5.9914085
8284560367,desconocida,37.4061723,-5.9914917
8284560368,desconocida,37.4061398,-5.99144
8284560369,desconocida,37.4060977,-5.991369
8284560370,desconocida,37.4060556,-5.991314
8284560371,desconocida,37.406217,-5.9916888
8284560372,desconocida,37.4060423,-5.9918176
8284560373,desconocida,37.4060625,-5.9918598
8284560374,desconocida,37.4061174,-5.9918095
8284560375,desconocida,37.4060785,-5.991784
8284560376,desconocida,37.4059464,-5.9915406
8284560377,desconocida,37.4059326,-5.9915292
8284560378,desconocida,37.4059049,-5.9916419
8284560379,desconocida,37.4058654,-5.9915842
8284560380,desconocida,37.4058585,-5.991833
8284560381,desconocida,37.4058191,-5.9917686
8284560382,desconocida,37.4057957,-5.9917331
8284560383,desconocida,37.4057557,-5.9916741
8284560384,desconocida,37.4063161,-5.9910767
8284560385,desconocida,37.4062724,-5.9910276
8284560386,desconocida,37.406291,-5.9910545
8284560387,desconocida,37.4062607,-5.9910082
8284560388,desconocida,37.4062431,-5.9909847
8284560389,desconocida,37.4062319,-5.9909646
8284560390,desconocida,37.4063317,-5.9910994
8284560391,desconocida,37.4063688,-5.9910283
8284560392,desconocida,37.4063656,-5.9910216
8284560393,desconocida,37.4063246,-5.9909519
8284560394,desconocida,37.4063821,-5.9910404
8284560395,desconocida,37.4064327,-5.9911074
8284560409,desconocida,37.4062282,-5.9911564
8284560410,desconocida,37.4061786,-5.9910813
8284560411,desconocida,37.4063129,-5.9912838
8284560412,desconocida,37.4063475,-5.9913428
8284560413,desconocida,37.4062532,-5.9913529
8284560414,desconocida,37.406111,-5.9914018
8284560415,desconocida,37.4061563,-5.9914615
8284560416,desconocida,37.406078,-5.9913475
8630135784,desconocida,37.3917882,-5.9768951
8743374481,desconocida,37.3526922,-5.9766024
8743374482,desconocida,37.3526979,-5.9765439
8743374483,desconocida,37.3527569,-5.9766227
8985509419,desconocida,37.4121924,-5.9763286
8985509420,desconocida,37.4121756,-5.9762652
8985509421,desconocida,37.4121639,-5.976206
8985509422,desconocida,37.4121454,-5.976149
8985509423,desconocida,37.4121336,-5.9760898
8985509424,desconocida,37.4123267,-5.9764237
8985509425,desconocida,37.4123821,-5.9764026
8985509426,desconocida,37.4124408,-5.9763645
8985509427,desconocida,37.4124979,-5.9763265
8985509428,desconocida,37.4125566,-5.9763096
8985509429,desconocida,37.412612,-5.9762842
8985509430,desconocida,37.4126657,-5.976242
8985509431,desconocida,37.4127261,-5.9762166
8985509432,desconocida,37.4128067,-5.9761786
8985509433,desconocida,37.4128906,-5.97613
8985509434,desconocida,37.4129863,-5.9760856
8985509435,desconocida,37.4131223,-5.9760264
8985509436,desconocida,37.413176,-5.9759778
8985509437,desconocida,37.4132397,-5.9759525
8985509438,desconocida,37.4132649,-5.9758045
8985509439,desconocida,37.4132431,-5.9757517
8985509440,desconocida,37.4132011,-5.9755996
8985509441,desconocida,37.413129,-5.9754094
8985509442,desconocida,37.4131122,-5.9753586
8985509443,desconocida,37.4130904,-5.975291
8985509444,desconocida,37.4130753,-5.9752403
8985509445,desconocida,37.4130602,-5.9751875
8985509446,desconocida,37.4134428,-5.9757728
8985509447,desconocida,37.4134261,-5.9756968
8985509448,desconocida,37.4133958,-5.975627
8985509449,desconocida,37.4133908,-5.9755573
8985509450,desconocida,37.413364,-5.975477
8985509451,desconocida,37.4133455,-5.9754284
8985509452,desconocida,37.4133186,-5.9753544
8985509453,desconocida,37.4132918,-5.975272
8985509454,desconocida,37.4132163,-5.9750776
8985509455,desconocida,37.4131944,-5.9749952
8985509456,desconocida,37.4135771,-5.9758362
8985509457,desconocida,37.4136594,-5.9757771
8985509458,desconocida,37.4137349,-5.9757411
8985509459,desconocida,37.4139749,-5.9755974
8985509460,desconocida,37.4140169,-5.9755721
8985509461,desconocida,37.4139833,-5.9755362
8985509462,desconocida,37.41399,-5.9754812
8985509463,desconocida,37.4139413,-5.975515
8985509464,desconocida,37.4139195,-5.9753692
8985509465,desconocida,37.4140538,-5.9752572
8985509466,desconocida,37.4140471,-5.9752213
8985509467,desconocida,37.414032,-5.9751769
8985509468,desconocida,37.4140135,-5.9751368
8985509469,desconocida,37.4140051,-5.9750987
8985509470,desconocida,37.4141679,-5.9754918
8985509471,desconocida,37.414267,-5.9750036
8985509472,desconocida,37.4142502,-5.9749402
8985509473,desconocida,37.4142334,-5.9748937
8985509474,desconocida,37.4142149,-5.9748304
8985509475,desconocida,37.4141981,-5.974786
8985509476,desconocida,37.4141746,-5.9747331
8985509477,desconocida,37.4142351,-5.9754749
8985509478,desconocida,37.4143072,-5.9754474
8985509479,desconocida,37.414366,-5.9754263
8985509480,desconocida,37.4144331,-5.9753882
8985509481,desconocida,37.4144902,-5.9753608
8985509482,desconocida,37.4149769,-5.9751093
8985509483,desconocida,37.4150827,-5.9754094
8985509484,desconocida,37.4149534,-5.9750332
8985509485,desconocida,37.4149266,-5.9749424
8985509486,desconocida,37.414898,-5.9748451
8985509487,desconocida,37.4148628,-5.9747522
8985509488,desconocida,37.4148292,-5.9746782
8985509489,desconocida,37.4148124,-5.9745958
8985509490,desconocida,37.414799,-5.9745535
8985509491,desconocida,37.4147638,-5.9744542
8985509492,desconocida,37.4147453,-5.9743824
8985509493,desconocida,37.4147185,-5.9743021
8985509494,desconocida,37.4146614,-5.9741013
8985509495,desconocida,37.4146245,-5.974021
8985509496,desconocida,37.4152573,-5.9740353
8985509497,desconocida,37.4152094,-5.9740015
8985509498,desconocida,37.4151519,-5.9739773
8985509499,desconocida,37.4150963,-5.9739508
8985509500,desconocida,37.4150349,-5.9739146
8985509501,desconocida,37.4149774,-5.9738856
8985509502,desconocida,37.4149199,-5.9738446
8985509503,desconocida,37.4148489,-5.9738132
8985509504,desconocida,37.4153225,-5.9737939
8985509505,desconocida,37.4152554,-5.9737649
8985509506,desconocida,37.415196,-5.9737408
8985509507,desconocida,37.4151346,-5.9737118
8985509508,desconocida,37.415079,-5.9736828
8985509509,desconocida,37.4150196,-5.9736539
8985509510,desconocida,37.4149582,-5.9736152
8985509511,desconocida,37.4148969,-5.973579
8985509512,desconocida,37.4148432,-5.9735525
8985509513,desconocida,37.4153493,-5.9737166
8985509514,desconocida,37.4153283,-5.973637
8985509515,desconocida,37.4152918,-5.9736973
8985509516,desconocida,37.4152976,-5.9735959
8985540017,desconocida,37.415311,-5.9735235
8985540018,desconocida,37.4153302,-5.9734511
8985540019,desconocida,37.4147857,-5.9737987
8985540020,desconocida,37.4147224,-5.9737625
8985540021,desconocida,37.4147914,-5.9735283
8985540022,desconocida,37.4147281,-5.9734945
8985540023,desconocida,37.4146706,-5.9734728
8985540024,desconocida,37.4146744,-5.9733883
8985540025,desconocida,37.4144981,-5.9734028
8985540026,desconocida,37.4144424,-5.9733618
8985540027,desconocida,37.4143792,-5.9733256
8985540028,desconocida,37.4143025,-5.9732918
8985540029,desconocida,37.4142411,-5.9732556
8985540030,desconocida,37.4141721,-5.9732193
8985540031,desconocida,37.4141088,-5.9731952
8985540032,desconocida,37.4140398,-5.9731711
8985540033,desconocida,37.4139861,-5.9731445
8985540034,desconocida,37.4139133,-5.973118
8985540035,desconocida,37.4138538,-5.9730793
8985540036,desconocida,37.4137963,-5.9730407
8985540037,desconocida,37.4137311,-5.9730117
8985540038,desconocida,37.4136621,-5.9729779
8985540039,desconocida,37.4135931,-5.9729417
8985540040,desconocida,37.4135279,-5.9729152
8985540041,desconocida,37.4134608,-5.9728862
8985540042,desconocida,37.4133994,-5.9728572
8985540043,desconocida,37.41334,-5.9728186
8985540044,desconocida,37.4132709,-5.9727872
8985540045,desconocida,37.4137208,-5.9735015
8985540046,desconocida,37.4136945,-5.9735566
8985540047,desconocida,37.4136726,-5.9736476
8985540048,desconocida,37.4135894,-5.9733912
8985540049,desconocida,37.4135456,-5.973325
8985540050,desconocida,37.4134711,-5.9732836
8985540051,desconocida,37.4134141,-5.9732202
8985540052,desconocida,37.4133375,-5.9731844
8985540053,desconocida,37.4132499,-5.9731485
8985540054,desconocida,37.413184,-5.9731065
8985540055,desconocida,37.4130155,-5.9726742
8985540056,desconocida,37.4129454,-5.9726466
8985540057,desconocida,37.4128797,-5.9726163
8985540058,desconocida,37.4128009,-5.9725832
8985540059,desconocida,37.4127154,-5.9725529
8985540060,desconocida,37.4124636,-5.972415
8985540061,desconocida,37.4123891,-5.9723791
8985540062,desconocida,37.4123058,-5.972335
8985540063,desconocida,37.412227,-5.9723047
8985540064,desconocida,37.4121569,-5.9722688
8985560255,desconocida,37.4119554,-5.9721585
8985560256,desconocida,37.4118831,-5.9721337
8985560257,desconocida,37.4117561,-5.9720593
8985560258,desconocida,37.4116728,-5.9720151
8985560259,desconocida,37.411583,-5.9719876
8985560260,desconocida,37.411491,-5.9719379
8985560261,desconocida,37.4114034,-5.9718828
8985560262,desconocida,37.4113246,-5.9718414
8985560263,desconocida,37.4112304,-5.9718056
8985560264,desconocida,37.411145,-5.9717697
8985560265,desconocida,37.4110683,-5.9717201
8985560266,desconocida,37.4110004,-5.9716346
8985628317,desconocida,37.4149524,-5.9712822
8985628318,desconocida,37.414921,-5.9712175
8985628319,desconocida,37.4148838,-5.9711455
8985628320,desconocida,37.4148095,-5.9709584
8985628321,desconocida,37.4147723,-5.9708792
8985628322,desconocida,37.4147323,-5.9707856
8985628323,desconocida,37.4147037,-5.9707137
8985628324,desconocida,37.4146609,-5.9706129
8985628325,desconocida,37.414618,-5.9704834
8985628326,desconocida,37.4145808,-5.9703934
8985628327,desconocida,37.4145408,-5.970325
8985628328,desconocida,37.4145037,-5.9702386
8985628329,desconocida,37.4144722,-5.9701595
8985628330,desconocida,37.4150582,-5.9712894
8985628331,desconocida,37.4151353,-5.971239
8985628332,desconocida,37.4151982,-5.9711959
8985628333,desconocida,37.4152668,-5.9711383
8985628334,desconocida,37.415364,-5.9710735
8985628335,desconocida,37.415464,-5.970854
8985628336,desconocida,37.4154669,-5.9707712
8985628337,desconocida,37.4154726,-5.9706777
8985628338,desconocida,37.4154897,-5.9705409
8985628339,desconocida,37.4155126,-5.9704546
8985628340,desconocida,37.4155298,-5.9703862
8985628341,desconocida,37.4155498,-5.9702566
8985628342,desconocida,37.4155755,-5.9701559
8985628343,desconocida,37.4155869,-5.9700263
8985628344,desconocida,37.4156155,-5.969922
8985628345,desconocida,37.4156298,-5.969796
8985628346,desconocida,37.4156527,-5.9696989
8985628347,desconocida,37.4156584,-5.9695585
8985628348,desconocida,37.415687,-5.9694686
8985628349,desconocida,37.4156984,-5.9693426
8985628350,desconocida,37.4157241,-5.9692131
8985628351,desconocida,37.4157413,-5.9690871
8985628352,desconocida,37.4157641,-5.9689612
8985628353,desconocida,37.4157841,-5.9688136
8985628354,desconocida,37.4158099,-5.9686949
8985628355,desconocida,37.415847,-5.9685833
8985628356,desconocida,37.415867,-5.9684502
8985628357,desconocida,37.4158785,-5.9683314
8985628358,desconocida,37.4159328,-5.9681263
8985628359,desconocida,37.4159356,-5.9680759
8985628360,desconocida,37.4159442,-5.9680039
8985628361,desconocida,37.4158241,-5.9677916
8985628362,desconocida,37.4157384,-5.9677844
8985628363,desconocida,37.4156441,-5.96786
8985628364,desconocida,37.4155783,-5.9679212
8985628365,desconocida,37.415524,-5.9679716
8985628366,desconocida,37.4154126,-5.9680651
8985628367,desconocida,37.415324,-5.9681047
8985628368,desconocida,37.4152411,-5.9681551
8985628369,desconocida,37.4151782,-5.9682163
8985628370,desconocida,37.4150867,-5.9682738
8985628371,desconocida,37.4150153,-5.9683278
8985628372,desconocida,37.414941,-5.9683962
8985628373,desconocida,37.4148209,-5.968461
8985628374,desconocida,37.4147152,-5.9685617
8985628375,desconocida,37.414638,-5.9686157
8985628376,desconocida,37.4145237,-5.9686949
8985628377,desconocida,37.4144522,-5.9687524
8985628378,desconocida,37.4143751,-5.96881
8985628379,desconocida,37.4142607,-5.9688892
8985628380,desconocida,37.4142121,-5.9689288
8985628381,desconocida,37.4141407,-5.9689863
8985628382,desconocida,37.4140921,-5.9690223
8985628383,desconocida,37.4140635,-5.9692167
8985628384,desconocida,37.4141035,-5.9693066
8985628385,desconocida,37.4141378,-5.9693858
8985628386,desconocida,37.414175,-5.9694758
8985628387,desconocida,37.4142064,-5.9695621
8985628388,desconocida,37.4142807,-5.9696989
8989003683,desconocida,37.4120956,-5.9769582
8996363276,Celtis australis,37.3696051,-5.9681498
8996363277,Celtis australis,37.3695507,-5.9682155
8996363278,Celtis australis,37.3694804,-5.9682892
8996363279,Celtis australis,37.3694271,-5.9683616
9029828571,desconocida,37.3889108,-5.9960783
9029828574,Ficus macrophylla,37.39286,-5.9993703
9029828577,desconocida,37.4004365,-5.9934267
9029828582,Ficus macrophylla,37.3928569,-5.9995988
9029828585,desconocida,37.4001946,-5.9933684
9029828596,desconocida,37.400065,-5.9933551
9029828604,desconocida,37.4003896,-5.9933976
9029828615,desconocida,37.400339,-5.9933674
9029838923,desconocida,37.4002868,-5.9933327
9038643779,desconocida,37.3977984,-5.9941102
9038643782,desconocida,37.3979027,-5.994029
9038643789,desconocida,37.3977478,-5.9941237
9038643793,desconocida,37.3980154,-5.9940702
9038643801,desconocida,37.3974854,-5.9937025
9038643802,desconocida,37.397959,-5.9940804
9038643803,desconocida,37.3988622,-5.9938645
9038643804,desconocida,37.3988476,-5.9931877
9038643805,desconocida,37.3975668,-5.9937692
9038643807,desconocida,37.3989232,-5.9939065
9038643809,desconocida,37.3979653,-5.9939316
9038643813,desconocida,37.3978034,-5.9936534
9038643814,desconocida,37.3979073,-5.9940896
9038643816,desconocida,37.398856,-5.9932542
9038674417,desconocida,37.3976193,-5.9939211
9038674418,desconocida,37.397955,-5.9940208
9038674419,desconocida,37.398765,-5.9939364
9038674421,desconocida,37.398061,-5.9940064
9038674423,desconocida,37.3978528,-5.9940991
9038674425,desconocida,37.3988571,-5.993316
9038674426,desconocida,37.3979896,-5.9938488
9038674427,desconocida,37.3980086,-5.9940135
9038674433,desconocida,37.3984772,-5.9933605
9149955941,Citrus myrtifolia,37.3705496,-5.9888973
9149955942,Citrus myrtifolia,37.3706057,-5.9889114
9149955943,Citrus myrtifolia,37.3706082,-5.9889326
9149955944,Citrus myrtifolia,37.370593,-5.9889738
9149955945,Citrus myrtifolia,37.3705753,-5.9889778
9150934589,Citrus myrtifolia,37.3706662,-5.9889749
9150934590,Citrus myrtifolia,37.3706567,-5.9890096
9150934610,Citrus myrtifolia,37.3706942,-5.9889594
9150934611,Citrus myrtifolia,37.3707082,-5.9889616
9150934612,Citrus myrtifolia,37.3707286,-5.9889775
9150934613,Citrus myrtifolia,37.3707387,-5.988996
9150934615,Citrus myrtifolia,37.3707354,-5.9890513
9150934616,Citrus myrtifolia,37.3707264,-5.9890609
9150955019,Citrus myrtifolia,37.3706719,-5.9890568
9150955020,Citrus myrtifolia,37.3706603,-5.9890415
9152071106,Syagrus romanzoffiana,37.3708926,-5.989173
9152071115,desconocida,37.3709557,-5.9891836
9152071116,desconocida,37.3705114,-5.9890082
9155866147,Gleditsia triacanthos,37.3701539,-5.9886083
9155866157,Sapindus saponaria,37.3701249,-5.989005
9158471513,desconocida,37.3706567,-5.989396
9158492920,Celtis australis,37.3707447,-5.9893291
9158492955,desconocida,37.3708057,-5.989531
9158492960,desconocida,37.3703407,-5.9890018
9159174405,Citrus aurantium,37.371135,-5.9899373
9159174406,Citrus aurantium,37.3710835,-5.9899322
9159174407,Citrus aurantium,37.3710289,-5.9899291
9159174409,Citrus aurantium,37.3711952,-5.9899419
9159174410,Citrus aurantium,37.3712574,-5.9899466
9159174413,Citrus aurantium,37.3713245,-5.9899518
9159174414,Citrus aurantium,37.3713818,-5.9899562
9159174415,Citrus aurantium,37.3714474,-5.9899612
9159174416,Citrus aurantium,37.3715032,-5.9899655
9159175917,Citrus aurantium,37.3715663,-5.9899703
9159175922,desconocida,37.371571,-5.9899278
9159175925,Citrus aurantium,37.3716089,-5.9899736
9159175926,Citrus aurantium,37.3716729,-5.9899785
9159175927,Citrus aurantium,37.3717352,-5.9899833
9159175928,Citrus aurantium,37.3717869,-5.9899873
9159175932,Citrus aurantium,37.3718384,-5.9899912
9159175933,Citrus aurantium,37.3718979,-5.9899958
9159175934,Citrus aurantium,37.3719665,-5.990001
9159175935,Citrus aurantium,37.3720255,-5.9900056
9159175936,Citrus aurantium,37.3720854,-5.9900102
9159175937,Citrus aurantium,37.3721419,-5.9900145
9159175938,Citrus aurantium,37.3721996,-5.9900189
9159175939,Citrus aurantium,37.3722547,-5.9900232
9159175940,Citrus aurantium,37.3723183,-5.990028
9159175944,Citrus aurantium,37.3723759,-5.9900302
9159175945,Citrus aurantium,37.3724378,-5.9900372
9159175946,Citrus aurantium,37.372498,-5.9900418
9172303335,Citrus aurantium,37.3712593,-5.9900037
9172303336,Citrus aurantium,37.3713234,-5.9900077
9172303338,Citrus aurantium,37.3713842,-5.9900122
9172303339,Citrus aurantium,37.3714505,-5.990017
9172303340,Citrus aurantium,37.3715042,-5.9900209
9172303341,Citrus aurantium,37.3715673,-5.9900255
9172303342,Citrus aurantium,37.3716179,-5.9900292
9172303343,Citrus aurantium,37.3716739,-5.9900332
9172303344,Citrus aurantium,37.3717372,-5.9900378
9172303345,Citrus aurantium,37.3717886,-5.9900416
9172303346,Citrus aurantium,37.3718436,-5.9900456
9172303347,Citrus aurantium,37.3719048,-5.99005
9172303348,Citrus aurantium,37.3719649,-5.9900544
9172303349,Citrus aurantium,37.3720261,-5.9900589
9172303350,Citrus aurantium,37.3720883,-5.9900634
9172303351,Citrus aurantium,37.3721496,-5.9900679
9172303352,Citrus aurantium,37.3722046,-5.9900719
9172303353,Citrus aurantium,37.3722583,-5.9900758
9172303354,Citrus aurantium,37.3723222,-5.9900804
9172303355,Citrus aurantium,37.3723766,-5.9900844
9172303356,Citrus aurantium,37.3724346,-5.9900886
9556972882,Citrus × aurantium,37.3812635,-6.0073894
9556972883,Citrus × aurantium,37.381306,-6.0073196
9556972884,Citrus × aurantium,37.3813877,-6.007208
9556972885,Citrus × aurantium,37.3814342,-6.0071377
9556972886,Citrus × aurantium,37.3812701,-6.0076229
9556972887,Citrus × aurantium,37.3813498,-6.007703
9556972888,Citrus × aurantium,37.3814201,-6.0077758
9556972889,Citrus × aurantium,37.3814896,-6.007849
9556972890,Citrus × aurantium,37.3815509,-6.0079149
9556972891,Citrus × aurantium,37.3815064,-6.0070153
9556972892,Citrus × aurantium,37.381542,-6.0069091
9556972904,desconocida,37.3850077,-6.0034628
9556972905,desconocida,37.3850338,-6.003421
9556972906,desconocida,37.3848225,-6.003626
9556972907,desconocida,37.3847721,-6.00368
9556972908,desconocida,37.3847331,-6.0037179
9556972909,desconocida,37.3846893,-6.0037651
9556972910,desconocida,37.3846347,-6.0038201
9556972911,desconocida,37.3845964,-6.0038585
9556972912,desconocida,37.3845499,-6.0039135
9556972913,desconocida,37.3844913,-6.0039696
9556972914,desconocida,37.3844093,-6.0040575
9556972915,desconocida,37.3844538,-6.0040079
9556972916,desconocida,37.3843636,-6.0041052
9556978917,desconocida,37.3843152,-6.0041608
9556978918,desconocida,37.3842742,-6.0042257
9556978919,desconocida,37.3842425,-6.0042625
9577216658,broadleaved,37.3773724,-6.0126733
9577216659,broadleaved,37.3773376,-6.0127096
9577216660,broadleaved,37.3773036,-6.0127452
9577216661,broadleaved,37.3772697,-6.0127806
9577216662,broadleaved,37.3772348,-6.012817
9577216663,broadleaved,37.3771982,-6.0128552
9577216664,broadleaved,37.377242,-6.0129029
9605341422,broadleaved,37.3486498,-5.9795204
9612431578,desconocida,37.3848505,-6.0069861
9613245687,Phytolacca dioica,37.3620565,-5.9853919
9626412139,desconocida,37.3856124,-6.0089454
9626412140,desconocida,37.3856337,-6.008909
9626412141,desconocida,37.3855889,-6.0089079
9626412142,desconocida,37.3855608,-6.0088644
9626412143,desconocida,37.3855305,-6.008829
9702173850,desconocida,37.3964346,-5.9875854
9702173851,desconocida,37.3964278,-5.9874164
9702173852,desconocida,37.3964346,-5.9873262
9702173853,desconocida,37.3964399,-5.9872464
9702173854,desconocida,37.3964346,-5.9875104
9702173856,desconocida,37.3975592,-5.9866051
9702173857,desconocida,37.3976063,-5.9866032
9706796168,desconocida,37.3833659,-6.0106602
9706796169,desconocida,37.3833899,-6.0106221
9706796170,desconocida,37.3834163,-6.0105804
9706796171,desconocida,37.3834416,-6.0105404
9706796172,desconocida,37.3834666,-6.0105007
9706796173,desconocida,37.3834931,-6.0104588
9706796174,desconocida,37.3835174,-6.0104203
9706796197,desconocida,37.3843072,-6.0089733
9706796198,desconocida,37.3843544,-6.0089192
9706796199,desconocida,37.384435,-6.0088508
9706796200,desconocida,37.3844669,-6.0088082
9706796209,desconocida,37.3844924,-6.008784
9709997664,broadleaved,37.3830277,-6.01235
9709997665,broadleaved,37.3829606,-6.01235
9709997669,desconocida,37.3828063,-6.0123366
9709997670,desconocida,37.3827595,-6.0122953
9710008299,broadleaved,37.3809608,-6.011185
9710008300,broadleaved,37.3809631,-6.0112456
9710008301,broadleaved,37.380966,-6.0113494
9710008302,broadleaved,37.3809651,-6.0112975
9710008303,broadleaved,37.3809697,-6.0114197
9766455776,broadleaved,37.3801416,-6.0131339
9766455783,broadleaved,37.3801372,-6.0130506
9766455784,broadleaved,37.3801342,-6.0129918
9766455785,broadleaved,37.3801314,-6.0129393
9766455786,broadleaved,37.3801295,-6.0129035
9766455787,broadleaved,37.3801236,-6.012789
9766455788,broadleaved,37.3801175,-6.0126725
9766455789,broadleaved,37.3801149,-6.0126225
9766455790,broadleaved,37.3801118,-6.0125634
9766455800,broadleaved,37.3801033,-6.01239
9766455801,broadleaved,37.380099,-6.0122945
9766455802,broadleaved,37.3800969,-6.0122202
9766455803,broadleaved,37.3800931,-6.0121638
9766455804,broadleaved,37.38009,-6.0120981
9766455805,broadleaved,37.3800889,-6.0120369
9766455806,broadleaved,37.3800836,-6.0119639
9766455807,broadleaved,37.380083,-6.011927
9766455808,broadleaved,37.3800791,-6.0118658
9766455809,broadleaved,37.3800772,-6.011796
9766455810,broadleaved,37.3800742,-6.0117332
9766455811,broadleaved,37.3800693,-6.0116485
9766502019,broadleaved,37.3800593,-6.0114922
9766502020,broadleaved,37.3800619,-6.0113911
9766502021,broadleaved,37.3800597,-6.0113381
9766502022,broadleaved,37.3800584,-6.0112873
9766502023,broadleaved,37.3800537,-6.0112398
9766502024,broadleaved,37.3800478,-6.0110718
9766502025,broadleaved,37.3800473,-6.0110224
9766502026,broadleaved,37.3800452,-6.0109638
9766502027,broadleaved,37.3800415,-6.0108982
9766502028,broadleaved,37.3800399,-6.0108678
9766502029,broadleaved,37.3800386,-6.0108197
9766876787,desconocida,37.3795526,-6.0107988
9766876788,desconocida,37.3794924,-6.0107999
9766876789,desconocida,37.3794563,-6.0108032
9766876790,desconocida,37.3794177,-6.0108053
9766876791,desconocida,37.37937,-6.0108059
9766876792,desconocida,37.3793197,-6.010807
9766876793,desconocida,37.3792806,-6.0108118
9766876794,desconocida,37.3792424,-6.0108151
9942120840,Tipuana,37.3979681,-5.950445
9942120841,Tipuana,37.3978973,-5.9505744
9942120842,Tipuana,37.3979846,-5.9507856
9942120843,Tipuana,37.3979255,-5.9507331
9942120844,Tipuana,37.3979051,-5.9506672
9942120845,Tipuana,37.3978702,-5.9507294
9942120846,Tipuana,37.3979419,-5.9508161
9942120847,Tipuana,37.3979604,-5.9508942
9942120848,Tipuana,37.3979943,-5.9509821
9942120849,broadleaved,37.3979846,-5.9506635
9942120850,broadleaved,37.3979012,-5.9503351
9942120851,broadleaved,37.3978934,-5.9508649
9942120852,broadleaved,37.3979206,-5.9509736
9942120853,broadleaved,37.3979691,-5.9511555
9942120854,broadleaved,37.3980525,-5.9509235
9942120855,Tipuana,37.3980273,-5.9512953
9942120856,Tipuana,37.3980423,-5.9513399
9942120857,Tipuana,37.3980632,-5.9512971
9942120858,Tipuana,37.3981417,-5.9513356
9942120859,Tipuana,37.3981893,-5.9513948
9942120860,Tipuana,37.3982543,-5.9514113
9942120861,Tipuana,37.3982397,-5.9514674
9942120862,Tipuana,37.3982892,-5.9515413
9942120863,Tipuana,37.3983086,-5.9514662
9942120864,Tipuana,37.3985869,-5.9517733
9942120865,Tipuana,37.3983512,-5.9515352
9942120866,Tipuana,37.3984056,-5.9515938
9942120867,Tipuana,37.3984657,-5.9516548
9942120868,Tipuana,37.3983997,-5.9516732
9942120869,Tipuana,37.3984608,-5.9517403
9942120870,Tipuana,37.3983803,-5.9518209
9942120871,Tipuana,37.3984453,-5.9518795
9942120872,Tipuana,37.3985103,-5.9519332
9942120873,Tipuana,37.3985714,-5.9519881
9942120874,Tipuana,37.3987499,-5.9520889
9942120875,Tipuana,37.3987402,-5.9520413
9942120876,Tipuana,37.3987101,-5.952073
9942120877,Tipuana,37.398648,-5.9520351
9942120878,Tipuana,37.3986582,-5.9518197
9942120879,Tipuana,37.3986543,-5.9519106
9942120880,Tipuana,37.3987106,-5.9518752
9942120881,Tipuana,37.3987203,-5.9519479
9942120882,Tipuana,37.3987887,-5.9519173
9942120883,Tipuana,37.3988939,-5.9519955
9942120884,Tipuana,37.3988522,-5.9520425
9942120885,Tipuana,37.3987911,-5.9521383
9942120886,Tipuana,37.3988505,-5.9521502
9976804801,Citrus × aurantium,37.4034024,-5.9428093
9976804802,Citrus × aurantium,37.4033474,-5.9428705
9976804803,Citrus × aurantium,37.4033926,-5.9429339
9976804804,Citrus × aurantium,37.4034423,-5.9428705
9976804805,Citrus × aurantium,37.4034909,-5.9429376
9976804806,Citrus × aurantium,37.4034389,-5.9429951
9976804807,Citrus × aurantium,37.4034805,-5.9430585
9976804808,Citrus × aurantium,37.4035349,-5.9429886
9976804809,Citrus × aurantium,37.4035853,-5.94306
9976804810,Citrus × aurantium,37.4035338,-5.9431277
9976804811,Citrus × aurantium,37.4036304,-5.9431226
9976804812,Citrus × aurantium,37.4035818,-5.9431889
9976804813,Citrus × aurantium,37.4036293,-5.9432494
9976804814,Citrus × aurantium,37.4036739,-5.9431831
9976804815,Citrus × aurantium,37.4037213,-5.9432458
9976804816,Citrus × aurantium,37.4036756,-5.9433157
9976827217,Citrus × aurantium,37.4037259,-5.9433762
9976827218,Citrus × aurantium,37.4037653,-5.9433121
9976827219,Citrus × aurantium,37.4038151,-5.943366
9976827220,Citrus × aurantium,37.4037659,-5.943433
9976827221,Citrus × aurantium,37.4038133,-5.9434935
9976827222,Citrus × aurantium,37.4038637,-5.9434301
9976827223,Citrus × aurantium,37.4039071,-5.9434942
9976827224,Citrus × aurantium,37.4038637,-5.9435627
9976827245,Citrus × aurantium,37.4045962,-5.9439161
9976827246,Citrus × aurantium,37.4045737,-5.9439999
9976827247,Citrus × aurantium,37.4045551,-5.9440794
9976827248,Citrus × aurantium,37.4045263,-5.9441745
9976827249,Citrus × aurantium,37.4039204,-5.9436446
9976827250,Citrus × aurantium,37.4039759,-5.9435821
9976827251,Citrus × aurantium,37.4040213,-5.9436463
9976827252,Citrus × aurantium,37.40397,-5.9437067
9976827253,Citrus × aurantium,37.4040137,-5.9437628
9976827254,Citrus × aurantium,37.4040656,-5.9437077
9976827255,Citrus × aurantium,37.4041149,-5.9437692
9976827256,Citrus × aurantium,37.4040602,-5.9438217
9976827257,Citrus × aurantium,37.4041073,-5.9438873
9976827258,Citrus × aurantium,37.4041581,-5.943832
9976827259,Citrus × aurantium,37.4042054,-5.9438838
9976827260,Citrus × aurantium,37.4041541,-5.9439537
9976827261,Citrus × aurantium,37.4041984,-5.9440133
9976827262,Citrus × aurantium,37.4042503,-5.9439541
9976827263,Citrus × aurantium,37.4042988,-5.9440148
9976827264,Citrus × aurantium,37.404241,-5.9440701
9976827265,Citrus × aurantium,37.4043413,-5.9440801
9976827266,Citrus × aurantium,37.4042945,-5.9441468
9976827267,Citrus × aurantium,37.4043422,-5.9441944
9976827268,Citrus × aurantium,37.4043938,-5.9441376
9976827269,Citrus × aurantium,37.4044344,-5.9441979
9976827270,Citrus × aurantium,37.4043859,-5.9442629
9976827271,Citrus × aurantium,37.4044786,-5.9442476
9976827272,Citrus × aurantium,37.4044335,-5.9443243
9976827273,Citrus × aurantium,37.4048677,-5.9444653
9976827274,Citrus × aurantium,37.4048474,-5.9445443
9976827275,Citrus × aurantium,37.404806,-5.9444478
9976827276,Citrus × aurantium,37.4047851,-5.944522
9976827277,Citrus × aurantium,37.4047438,-5.9444219
9976827278,Citrus × aurantium,37.4047259,-5.9445031
9976827279,Citrus × aurantium,37.4046828,-5.9443958
9976827280,Citrus × aurantium,37.4046628,-5.9444712
9976827281,Citrus × aurantium,37.4046241,-5.9443738
9976827282,Citrus × aurantium,37.4046013,-5.9444464
9976827283,Citrus × aurantium,37.4045494,-5.9444222
9976827284,Citrus × aurantium,37.4045054,-5.9444776
9976827285,Citrus × aurantium,37.404453,-5.9445301
9976827286,Citrus × aurantium,37.4044045,-5.9445876
9976827287,Citrus × aurantium,37.4043554,-5.9446416
10002004831,broadleaved,37.3416774,-5.9709889
10002004832,broadleaved,37.3416476,-5.9710573
10002004833,broadleaved,37.3416987,-5.97095
10002004834,broadleaved,37.3417531,-5.9708655
10002004835,broadleaved,37.3417926,-5.9707984
10002004836,broadleaved,37.3418427,-5.9707461
10002004837,broadleaved,37.3418939,-5.9706576
10002004838,broadleaved,37.3418651,-5.9708145
10002004839,broadleaved,37.3418139,-5.9708843
10002004840,broadleaved,37.3417638,-5.97095
10002004841,broadleaved,37.3417105,-5.9710304
10002004842,broadleaved,37.3416699,-5.9711109
10002004843,broadleaved,37.3415953,-5.9711391
10002004844,broadleaved,37.3415292,-5.9712799
10002004845,broadleaved,37.341494,-5.9713697
10002004846,broadleaved,37.3415932,-5.9713335
10002004847,broadleaved,37.3416614,-5.9712812
10002004848,broadleaved,37.3417137,-5.9712262
10002004849,broadleaved,37.3417894,-5.9711579
10002004850,broadleaved,37.3418459,-5.9710895
10002004851,broadleaved,37.3418917,-5.9709996
10002004852,broadleaved,37.3419141,-5.9709071
10002004853,broadleaved,37.3419184,-5.9708078
10002004866,broadleaved,37.3415026,-5.9706335
10002004867,broadleaved,37.3414396,-5.970722
10002004868,broadleaved,37.3413895,-5.9708078
10002004869,broadleaved,37.3413458,-5.9708802
10002004870,broadleaved,37.3413042,-5.9709674
10002004871,broadleaved,37.3412616,-5.9710519
10002004872,broadleaved,37.3412051,-5.9711377
10002004873,broadleaved,37.3411486,-5.9712249
10002004874,broadleaved,37.341108,-5.9713309
10002004875,broadleaved,37.3410441,-5.9714341
10003850002,Citrus × aurantium,37.4042612,-5.9410943
10003850003,Citrus × aurantium,37.4042337,-5.94115
10003850004,Citrus × aurantium,37.404206,-5.9412042
10003850005,Citrus × aurantium,37.404183,-5.9412537
10003850006,Citrus × aurantium,37.4041576,-5.9413076
10003850007,Citrus × aurantium,37.4041311,-5.9413601
10003850008,Citrus × aurantium,37.4041043,-5.9414145
10003850009,Citrus × aurantium,37.4040796,-5.9414681
10003850010,Citrus × aurantium,37.4040533,-5.941522
10003850011,Citrus × aurantium,37.4040282,-5.9415758
10003850012,Citrus × aurantium,37.4040029,-5.9416299
10003850013,Citrus × aurantium,37.4039757,-5.9416848
10003850014,Citrus × aurantium,37.403951,-5.9417389
10003850015,Citrus × aurantium,37.4039307,-5.9417817
10003850016,Citrus × aurantium,37.4038934,-5.9418599
10003865417,Citrus × aurantium,37.4038685,-5.9419134
10003865418,Citrus × aurantium,37.4046473,-5.9412038
10003865419,Citrus × aurantium,37.4046335,-5.9412943
10003865420,Citrus × aurantium,37.4046241,-5.9413941
10003865421,Citrus × aurantium,37.4046179,-5.9414934
10003865422,Citrus × aurantium,37.4046182,-5.9415934
10003865423,Citrus × aurantium,37.4046206,-5.9416899
10003865424,Citrus × aurantium,37.4046265,-5.9417887
10003865425,Citrus × aurantium,37.4046352,-5.9418859
10003865426,Citrus × aurantium,37.4046677,-5.9420735
10003865427,Citrus × aurantium,37.4046856,-5.9421603
10003865428,Citrus × aurantium,37.4047014,-5.9422456
10003865429,Citrus × aurantium,37.4047169,-5.9423278
10003865430,Citrus × aurantium,37.404736,-5.9424245
10003865431,Citrus × aurantium,37.4047508,-5.9425063
10003865432,Citrus × aurantium,37.4047674,-5.9425942
10003865433,Citrus × aurantium,37.4047835,-5.9426785
10003865434,Citrus × aurantium,37.4047994,-5.9427564
10003865435,Citrus × aurantium,37.4048148,-5.9428466
10003865436,Citrus × aurantium,37.4048251,-5.9429163
10003865437,Citrus × aurantium,37.4048303,-5.9429819
10003865438,Citrus × aurantium,37.40483,-5.9430454
10003865439,Citrus × aurantium,37.4048263,-5.943116
10003865440,Citrus × aurantium,37.4048131,-5.9431778
10003865441,Citrus × aurantium,37.4040401,-5.9422698
10003865442,Citrus × aurantium,37.4040872,-5.942332
10003865443,Citrus × aurantium,37.4041331,-5.9423923
10003865444,Citrus × aurantium,37.4041789,-5.9424543
10003865445,Citrus × aurantium,37.4046523,-5.9419919
10003865446,Citrus × aurantium,37.4045961,-5.9420051
10003865447,Citrus × aurantium,37.4045301,-5.9420194
10003865448,Citrus × aurantium,37.404448,-5.9420354
10003865449,Citrus × aurantium,37.4043891,-5.9420481
10003865450,Citrus × aurantium,37.4043357,-5.9420592
10003865451,Citrus × aurantium,37.4042788,-5.9420712
10003865452,Citrus × aurantium,37.4042256,-5.9420824
10003865453,Citrus × aurantium,37.404164,-5.9420949
10003865454,Citrus × aurantium,37.4041095,-5.9421069
10003865455,Citrus × aurantium,37.4040503,-5.9421195
10003865456,Citrus × aurantium,37.4040026,-5.9421299
10003865457,Citrus × aurantium,37.4039926,-5.9422049
10003865458,Citrus × aurantium,37.4039416,-5.9421434
10003865459,Citrus × aurantium,37.4038997,-5.9420824
10003865460,Citrus × aurantium,37.4038421,-5.942148
10003865461,Citrus × aurantium,37.4038909,-5.9422115
10003865462,Citrus × aurantium,37.4039359,-5.9422756
10003865463,Citrus × aurantium,37.4039831,-5.9423374
10003865464,Citrus × aurantium,37.4040266,-5.9423979
10003865465,Citrus × aurantium,37.4040758,-5.9424636
10003865466,Citrus × aurantium,37.4041204,-5.9425256
10003865467,Citrus × aurantium,37.4041683,-5.9425872
10003865468,Citrus × aurantium,37.4042267,-5.9425197
10003865469,Citrus × aurantium,37.4043083,-5.9427743
10003865470,Citrus × aurantium,37.404264,-5.9427137
10003865471,Citrus × aurantium,37.4042128,-5.9426463
10003865472,Citrus × aurantium,37.404271,-5.9425796
10003865473,Citrus × aurantium,37.4043213,-5.942644
10003865474,Citrus × aurantium,37.4043656,-5.9427066
10003865475,Citrus × aurantium,37.4044551,-5.942823
10003865476,Citrus × aurantium,37.4043511,-5.9428324
10003865477,Citrus × aurantium,37.4043962,-5.94289
10003865478,Citrus × aurantium,37.4045657,-5.9429717
10003865479,Citrus × aurantium,37.4045142,-5.9429047
10003865480,Citrus × aurantium,37.4044556,-5.9429692
10003865481,Citrus × aurantium,37.4045069,-5.9430404
10003865482,Citrus × aurantium,37.4046126,-5.9430318
10003865483,Citrus × aurantium,37.404552,-5.9430999
10003865484,Citrus × aurantium,37.404657,-5.9430941
10003865485,Citrus × aurantium,37.4047498,-5.9432196
10003865486,Citrus × aurantium,37.404599,-5.9431644
10003865487,Citrus × aurantium,37.4047042,-5.9431573
10003865488,Citrus × aurantium,37.4046461,-5.943224
10003865489,Citrus × aurantium,37.4046922,-5.943288
10003865490,Citrus × aurantium,37.4047212,-5.9434141
10003865491,Citrus × aurantium,37.4047038,-5.9434837
10003865492,Citrus × aurantium,37.4046783,-5.9435847
10003865493,Citrus × aurantium,37.4046567,-5.9436732
10003865494,Citrus × aurantium,37.4048423,-5.9407476
10003865495,Citrus × aurantium,37.4048091,-5.9408705
10003865496,Citrus × aurantium,37.4047863,-5.9409537
10003865497,Citrus × aurantium,37.4047647,-5.9410352
10003865498,Citrus × aurantium,37.4047443,-5.9411258
10003865499,Citrus × aurantium,37.4047278,-5.9412178
10003865500,Citrus × aurantium,37.4047141,-5.9413097
10003865501,Citrus × aurantium,37.4047058,-5.9414044
10003865502,Citrus × aurantium,37.404701,-5.941499
10003865503,Citrus × aurantium,37.4046997,-5.941592
10003865504,Citrus × aurantium,37.404701,-5.9416826
10003865505,Citrus × aurantium,37.404709,-5.9417766
10003865506,Citrus × aurantium,37.4047315,-5.9419669
10003865507,Citrus × aurantium,37.4047462,-5.9420498
10003865508,Citrus × aurantium,37.4047644,-5.942137
10003865509,Citrus × aurantium,37.4047965,-5.9423064
10003865510,Citrus × aurantium,37.4049022,-5.9423917
10003865511,Citrus × aurantium,37.4049108,-5.9424334
10003865512,Citrus × aurantium,37.4048714,-5.9424452
10003865513,Citrus × aurantium,37.4048607,-5.9424035
10003865514,Citrus × aurantium,37.4048158,-5.9424038
10003865516,Citrus × aurantium,37.4048308,-5.9424833
10003865517,Citrus × aurantium,37.4048482,-5.9425702
10003865518,Citrus × aurantium,37.404865,-5.9426551
10003865519,Citrus × aurantium,37.4048784,-5.9427362
10003865520,Citrus × aurantium,37.4048942,-5.9428238
10003865521,Citrus × aurantium,37.404907,-5.9429016
10003865522,Citrus × aurantium,37.4049151,-5.9429606
10003865523,Citrus × aurantium,37.4049134,-5.9430546
10003865524,Citrus × aurantium,37.4049076,-5.9431354
10003865525,Citrus × aurantium,37.4048926,-5.9432085
10003865526,Citrus × aurantium,37.404872,-5.943286
10003865527,Citrus × aurantium,37.4048476,-5.9433803
10003865528,Citrus × aurantium,37.40483,-5.9434571
10003865529,Citrus × aurantium,37.4048144,-5.9435258
10003865530,Citrus × aurantium,37.4047869,-5.9436252
10003865531,Citrus × aurantium,37.4047644,-5.9437137
10003865532,Citrus × aurantium,37.4047435,-5.9437943
10003865533,Citrus × aurantium,37.4047237,-5.9438687
10003865534,Citrus × aurantium,37.404701,-5.9439606
10003865535,Citrus × aurantium,37.4046796,-5.9440435
10003865536,Citrus × aurantium,37.4046598,-5.9441287
10003865537,Citrus × aurantium,37.4046362,-5.9442183
10003865538,Citrus × aurantium,37.4045239,-5.9407671
10003865539,Citrus × aurantium,37.404465,-5.9408153
10003865540,Citrus × aurantium,37.4044093,-5.9408702
10003865541,Citrus × aurantium,37.4043558,-5.9409298
10003865542,Citrus × aurantium,37.4043093,-5.9410019
10003865549,Citrus × aurantium,37.4047601,-5.9407732
10003865550,Citrus × aurantium,37.4047403,-5.9408479
10003865551,Citrus × aurantium,37.4047197,-5.9409303
10003865552,Citrus × aurantium,37.4046997,-5.9410088
10003865553,Citrus × aurantium,37.4046824,-5.9410751
10003865554,Citrus × aurantium,37.4045873,-5.9407346
10003865555,Citrus × aurantium,37.40465,-5.9407112
10003865556,Citrus × aurantium,37.4047166,-5.9406868
10003865557,Citrus × aurantium,37.4047478,-5.9405802
10003865558,Citrus × aurantium,37.4046967,-5.9406007
10003865559,Citrus × aurantium,37.404646,-5.9406169
10003865560,Citrus × aurantium,37.4045968,-5.9406362
10003865561,Citrus × aurantium,37.4045465,-5.9406558
10003865562,Citrus × aurantium,37.4044974,-5.940681
10003865563,Citrus × aurantium,37.4044531,-5.9407167
10003865564,Citrus × aurantium,37.4043985,-5.9407661
10003865565,Citrus × aurantium,37.4043584,-5.9408053
10003865566,Citrus × aurantium,37.4043208,-5.9408471
10003865567,Citrus × aurantium,37.4042847,-5.9408926
10003865568,Citrus × aurantium,37.4042541,-5.9409423
10003865569,Citrus × aurantium,37.4042258,-5.9409951
10003865570,Citrus × aurantium,37.4041993,-5.9410484
10003865571,Citrus × aurantium,37.4041724,-5.9411024
10003865572,Citrus × aurantium,37.4041465,-5.9411553
10003865573,Citrus × aurantium,37.4041205,-5.941209
10003865574,Citrus × aurantium,37.4040948,-5.9412628
10003865575,Citrus × aurantium,37.4040701,-5.9413151
10003865576,Citrus × aurantium,37.4040433,-5.9413687
10003865577,Citrus × aurantium,37.4040171,-5.9414229
10003865578,Citrus × aurantium,37.4039927,-5.9414758
10003865579,Citrus × aurantium,37.4039657,-5.94153
10003865580,Citrus × aurantium,37.4039403,-5.9415846
10003865581,Citrus × aurantium,37.4039143,-5.9416372
10003865582,Citrus × aurantium,37.4038892,-5.9416931
10003865583,Citrus × aurantium,37.4038394,-5.9417988
10003865584,Citrus × aurantium,37.4038132,-5.9418551
10003865585,Citrus × aurantium,37.403788,-5.941909
10003865586,Citrus × aurantium,37.4037558,-5.9419753
10003865587,Citrus × aurantium,37.4038437,-5.9419661
10003865588,Citrus × aurantium,37.4038647,-5.9420343
10003865589,Citrus × aurantium,37.4038069,-5.9421032
10003865590,Citrus × aurantium,37.4036686,-5.9422849
10003865591,Citrus × aurantium,37.4037198,-5.9422014
10003865592,Citrus × aurantium,37.403772,-5.9421163
10003865593,Citrus × aurantium,37.4037126,-5.9420606
10003865594,Citrus × aurantium,37.4036627,-5.9421443
10003865595,Citrus × aurantium,37.4036113,-5.9422318
10003865596,Citrus × aurantium,37.4035603,-5.9423182
10003865597,Citrus × aurantium,37.4035293,-5.9423683
10003865598,Citrus × aurantium,37.4034884,-5.9424235
10003865599,Citrus × aurantium,37.4034445,-5.9424787
10003865600,Citrus × aurantium,37.4034075,-5.9425294
10003865601,Citrus × aurantium,37.403355,-5.9425929
10003865602,Citrus × aurantium,37.4033109,-5.9426477
10003865603,Citrus × aurantium,37.4032668,-5.9427026
10003865604,Citrus × aurantium,37.4031876,-5.9427992
10003865605,Citrus × aurantium,37.4031456,-5.9428484
10003865606,Citrus × aurantium,37.4030917,-5.9429104
10003865607,Citrus × aurantium,37.4030448,-5.9429675
10003865608,Citrus × aurantium,37.4030931,-5.9430335
10003865609,Citrus × aurantium,37.4031398,-5.9429735
10003865610,Citrus × aurantium,37.4031967,-5.9429114
10003865611,Citrus × aurantium,37.4032407,-5.9428614
10003865612,Citrus × aurantium,37.4033061,-5.9428245
10003865613,Citrus × aurantium,37.4033635,-5.942764
10003865614,Citrus × aurantium,37.4033633,-5.9427123
10003865615,Citrus × aurantium,37.403407,-5.9426556
10003865616,Citrus × aurantium,37.403456,-5.9425928
10003865617,Citrus × aurantium,37.4034964,-5.9425434
10003865618,Citrus × aurantium,37.4036197,-5.9423728
10003865619,Citrus × aurantium,37.403624,-5.9424227
10003865620,Citrus × aurantium,37.4035405,-5.942487
10003865621,Citrus × aurantium,37.4035767,-5.9424907
10003865622,Citrus × aurantium,37.4036155,-5.9425422
10003865623,Citrus × aurantium,37.4037115,-5.9425422
10003865624,Citrus × aurantium,37.4036674,-5.9424799
10003865625,Citrus × aurantium,37.4036615,-5.9426045
10003865626,Citrus × aurantium,37.4037054,-5.9426665
10003865627,Citrus × aurantium,37.4037985,-5.9426557
10003865628,Citrus × aurantium,37.4037586,-5.9426025
10003865629,Citrus × aurantium,37.4037527,-5.9427272
10003865630,Citrus × aurantium,37.4038523,-5.9427272
10003865631,Citrus × aurantium,37.403799,-5.9427881
10003865632,Citrus × aurantium,37.4038448,-5.9428508
10003865633,Citrus × aurantium,37.4039446,-5.9428484
10003865634,Citrus × aurantium,37.4038911,-5.9429124
10003865635,Citrus × aurantium,37.4039376,-5.9429727
10003865636,Citrus × aurantium,37.4039855,-5.9429026
10003865637,Citrus × aurantium,37.4040802,-5.9430306
10003865638,Citrus × aurantium,37.4040363,-5.9429734
10003865639,Citrus × aurantium,37.4039842,-5.943036
10003865640,Citrus × aurantium,37.404031,-5.9430983
10003865641,Citrus × aurantium,37.4040781,-5.9431593
10003865642,Citrus × aurantium,37.4041305,-5.9430963
10003865643,Citrus × aurantium,37.4041701,-5.9431455
10003865644,Citrus × aurantium,37.4041188,-5.9432149
10003865645,Citrus × aurantium,37.4041939,-5.9433159
10003865646,Citrus × aurantium,37.4042421,-5.9432479
10003865647,Citrus × aurantium,37.404282,-5.9433042
10003865648,Citrus × aurantium,37.4042303,-5.9433628
10003865649,Citrus × aurantium,37.4043299,-5.9433618
10003865650,Citrus × aurantium,37.4042737,-5.9434224
10003865651,Citrus × aurantium,37.4043232,-5.9434871
10003865652,Citrus × aurantium,37.404377,-5.9434261
10003865653,Citrus × aurantium,37.4044216,-5.9434807
10003865654,Citrus × aurantium,37.4043727,-5.9435564
10003865655,Citrus × aurantium,37.404419,-5.943614
10003865656,Citrus × aurantium,37.4044728,-5.9435517
10003865657,Citrus × aurantium,37.4045153,-5.9436076
10003865658,Citrus × aurantium,37.4044642,-5.9436753
10003865659,Citrus × aurantium,37.4045089,-5.9437336
10003865660,Citrus × aurantium,37.4045616,-5.943675
10003865661,Citrus × aurantium,37.4046098,-5.943736
10003865662,Citrus × aurantium,37.4045541,-5.943799
10003865663,Citrus × aurantium,37.4039612,-5.9434807
10003865664,Citrus × aurantium,37.4039884,-5.9435164
10006972704,Citrus × aurantium,37.3996058,-5.9533406
10006972705,Citrus × aurantium,37.3996463,-5.9533646
10006972706,Citrus × aurantium,37.3996975,-5.9533958
10006972707,Citrus × aurantium,37.3997235,-5.9533267
10006972708,Citrus × aurantium,37.3997499,-5.9532578
10006972709,Citrus × aurantium,37.3997761,-5.9531891
10006972710,Citrus × aurantium,37.3997252,-5.9531581
10006972711,Citrus × aurantium,37.3996841,-5.9531341
10006972712,Citrus × aurantium,37.3996327,-5.9531031
10006972713,Citrus × aurantium,37.3996063,-5.9531724
10006972714,Citrus × aurantium,37.3995806,-5.9532413
10006972715,Citrus × aurantium,37.399554,-5.9533102
10120429100,desconocida,37.3660906,-5.9609939
10120429101,desconocida,37.3660147,-5.9610733
10120429102,desconocida,37.3659465,-5.9611473
10120429103,desconocida,37.3658825,-5.9612138
10120429104,desconocida,37.365822,-5.9612814
10120429105,desconocida,37.3661605,-5.960937
10120429106,desconocida,37.3662364,-5.9608641
10120429107,desconocida,37.3657623,-5.961201
10120429108,desconocida,37.3658314,-5.9611248
10120429109,desconocida,37.3658936,-5.9610583
10120429110,desconocida,37.3659644,-5.9609821
10120429111,desconocida,37.3660403,-5.9609123
10120429112,desconocida,37.3661093,-5.9608458
10120429113,desconocida,37.3661741,-5.960775
10120429114,desconocida,37.3662961,-5.9607997
10120429115,desconocida,37.3662458,-5.9607117
10120429116,desconocida,37.3663259,-5.9606334
10120543617,desconocida,37.3663848,-5.960716
10120543618,desconocida,37.3664555,-5.9606431
10120543619,desconocida,37.3665289,-5.9605733
10120543620,desconocida,37.3664001,-5.960568
10120543621,desconocida,37.3664751,-5.9604907
10120543622,desconocida,37.3665434,-5.9604253
10120543623,desconocida,37.3666039,-5.9604982
10120543624,desconocida,37.366621,-5.9603491
10120543625,desconocida,37.3666858,-5.9604188
10120543626,desconocida,37.3667616,-5.9603437
10120543627,desconocida,37.3666875,-5.9602439
10120543628,desconocida,37.3666354,-5.9601431
10120543629,desconocida,37.3665868,-5.9600691
10120543630,desconocida,37.3665348,-5.9599822
10120543631,desconocida,37.3664837,-5.9598953
10120543632,desconocida,37.3663472,-5.9599446
10120543633,desconocida,37.3662884,-5.9600101
10120543634,desconocida,37.366233,-5.9600626
10120543635,desconocida,37.3661665,-5.9601313
10120543636,desconocida,37.3660965,-5.960201
10120543637,desconocida,37.3660258,-5.9602697
10120543638,desconocida,37.3659516,-5.9603437
10120543639,desconocida,37.3658893,-5.9604092
10120543640,desconocida,37.3658203,-5.9604735
10120543641,desconocida,37.3657597,-5.9605325
10120543642,desconocida,37.3657,-5.9605958
10120543643,desconocida,37.3656386,-5.9606581
10120543644,desconocida,37.3655841,-5.9607106
10120543645,desconocida,37.3654971,-5.960789
10120543646,desconocida,37.3657,-5.961246
10120543647,desconocida,37.3667071,-5.9637984
10120543648,desconocida,37.3667241,-5.9637126
10120543649,desconocida,37.3668333,-5.9637941
10120543650,desconocida,37.3668674,-5.9639186
10120543651,desconocida,37.3669799,-5.9639572
10120543652,desconocida,37.3672937,-5.9639186
10120543653,desconocida,37.3669015,-5.9633092
10120543654,desconocida,37.3671743,-5.9630345
10120543655,desconocida,37.3672699,-5.962953
10120543656,desconocida,37.3674813,-5.9627341
10120543657,desconocida,37.3676553,-5.9625453
10120543658,desconocida,37.3678053,-5.9620818
10120543659,desconocida,37.3677439,-5.9625109
10120543660,desconocida,37.3677746,-5.9624423
10120543661,desconocida,37.3678463,-5.9623994
10120543662,desconocida,37.3673654,-5.9622363
10120543663,desconocida,37.3674813,-5.9633778
10120543664,desconocida,37.3671812,-5.9642233
10120543665,desconocida,37.3659669,-5.9629015
10120543666,desconocida,37.3676962,-5.9632534
10120543667,desconocida,37.3677917,-5.9632319
10120543668,desconocida,37.3677849,-5.9633521
10120543669,desconocida,37.3677337,-5.9633778
10120543670,desconocida,37.3677167,-5.9635023
10120543671,desconocida,37.3680952,-5.9630088
10120543672,desconocida,37.368027,-5.9630517
10120543673,desconocida,37.3681055,-5.9631075
10120543674,desconocida,37.3680543,-5.9629616
10120543675,desconocida,37.3680364,-5.963122
10120543676,desconocida,37.3683374,-5.9611849
10120543677,desconocida,37.3686171,-5.9609188
10120543678,desconocida,37.3686273,-5.9608287
10120543679,desconocida,37.3686751,-5.9607815
10120543680,desconocida,37.3685591,-5.960893
10120543681,desconocida,37.3667992,-5.9638542
10120543682,desconocida,37.3669288,-5.9638499
10120543683,desconocida,37.3657418,-5.9613608
10120543684,desconocida,37.3656565,-5.9614381
10120543685,desconocida,37.3656463,-5.9627169
10120551649,desconocida,37.3681123,-5.9615797
10120551650,desconocida,37.3686921,-5.9646181
10120551651,desconocida,37.368542,-5.9647297
10120551652,desconocida,37.3684704,-5.9647898
10120551653,desconocida,37.368351,-5.9648842
10120551654,desconocida,37.3683204,-5.9649872
10120551655,desconocida,37.3682521,-5.9649915
10120551656,desconocida,37.3683135,-5.9649142
10120551657,desconocida,37.3681873,-5.9651459
10120551658,desconocida,37.3681259,-5.9650859
10120551659,desconocida,37.3680782,-5.9652232
10120551660,desconocida,37.3680236,-5.9651974
10120551661,desconocida,37.3678292,-5.9648927
10120551662,desconocida,37.3692753,-5.9646138
10120551663,desconocida,37.3692719,-5.9645623
10120551664,desconocida,37.3693743,-5.9645623
10120551665,desconocida,37.3693367,-5.9644936
10120551666,desconocida,37.3693606,-5.9646395
10120551667,desconocida,37.3688115,-5.9652146
10120551668,desconocida,37.3685045,-5.9654549
10120551669,desconocida,37.3684329,-5.9655322
10120551670,desconocida,37.3683817,-5.9656009
10120551671,desconocida,37.3674267,-5.9651502
10120551672,desconocida,37.367836,-5.9656438
10120551673,desconocida,37.3678599,-5.9653305
10120551674,desconocida,37.3677303,-5.9652318
10120551675,desconocida,37.3672869,-5.9640087
10120551676,desconocida,37.3667037,-5.9627641
10120551677,desconocida,37.3656444,-5.9611945
10120551678,desconocida,37.3656175,-5.9611478
10120551679,desconocida,37.3655928,-5.9611092
10120551680,desconocida,37.3655676,-5.9610674
10120551681,desconocida,37.3655459,-5.9610325
10120551682,desconocida,37.3655224,-5.9609928
10120551683,desconocida,37.3654998,-5.9609558
10120551684,desconocida,37.3654773,-5.9609204
10120551685,desconocida,37.3654372,-5.9608598
10120551686,desconocida,37.3653719,-5.9607675
10120551687,desconocida,37.3654487,-5.9606881
10120551688,desconocida,37.3655271,-5.9606108
10120551689,desconocida,37.3655834,-5.9605508
10120551690,desconocida,37.3656533,-5.9604821
10120551691,desconocida,37.3657147,-5.9604113
10120551692,desconocida,37.3657847,-5.9603405
10120551693,desconocida,37.3658682,-5.9602525
10120551694,desconocida,37.3659774,-5.9601581
10120551695,desconocida,37.3660473,-5.960098
10120551696,desconocida,37.3661206,-5.9600208
10120551697,desconocida,37.3662042,-5.9599221
10120551698,desconocida,37.3662954,-5.9598255
10120551699,desconocida,37.3663705,-5.959744
10120551700,desconocida,37.3651477,-5.9603319
10120551701,desconocida,37.365221,-5.9602589
10120551702,desconocida,37.3652995,-5.9601881
10120551703,desconocida,37.3653762,-5.9601087
10120551704,desconocida,37.3654598,-5.9600293
10120551705,desconocida,37.3655365,-5.9599521
10120551706,desconocida,37.3656081,-5.9598813
10120551707,desconocida,37.3656849,-5.9597955
10120551708,desconocida,37.3658674,-5.9596259
10120551709,desconocida,37.3657975,-5.9597005
10120551710,desconocida,37.3659442,-5.9595503
10120551711,desconocida,37.3660192,-5.9594838
10120551712,desconocida,37.3660908,-5.9594065
10120551713,desconocida,37.3661539,-5.9593572
10120551714,desconocida,37.3662085,-5.9594366
10120551715,desconocida,37.3662699,-5.959546
10120551716,desconocida,37.3663313,-5.9596318
10120560817,desconocida,37.366854,-5.9602605
10120560818,desconocida,37.3669324,-5.9601704
10120560819,desconocida,37.3670245,-5.960076
10120560820,desconocida,37.3671234,-5.9599816
10120560821,desconocida,37.3672087,-5.9598872
10120560822,desconocida,37.3695587,-5.9600674
10120560823,desconocida,37.3694836,-5.9599301
10120560824,desconocida,37.3693745,-5.9597541
10120560825,desconocida,37.3693029,-5.959634
10120560826,desconocida,37.3692176,-5.9595052
10120560827,desconocida,37.3691255,-5.9593894
10120560828,desconocida,37.3690641,-5.9592778
10120560829,desconocida,37.3690198,-5.9591834
10120560830,desconocida,37.3689413,-5.9590761
10120560831,desconocida,37.368897,-5.9589903
10120560832,desconocida,37.3688493,-5.9589044
10120560833,desconocida,37.3687776,-5.95881
10120560834,desconocida,37.3687231,-5.958707
10120560835,desconocida,37.3691528,-5.9589731
10120560836,desconocida,37.3692313,-5.9588958
10120560837,desconocida,37.3689857,-5.9587671
10120560838,desconocida,37.3690334,-5.9587027
10120560839,desconocida,37.3690846,-5.9586469
10120560840,desconocida,37.3691903,-5.9589388
10120560841,desconocida,37.3692892,-5.9587328
10120560842,desconocida,37.3692483,-5.9586555
10120560843,desconocida,37.3692824,-5.9593293
10120560844,desconocida,37.3693097,-5.9592735
10120560845,desconocida,37.3693779,-5.9592048
10120560846,desconocida,37.3694222,-5.9591533
10120560847,desconocida,37.3693847,-5.9595009
10120560848,desconocida,37.36947,-5.9594409
10120560849,desconocida,37.3695212,-5.9593894
10120560850,desconocida,37.369586,-5.959325
10120560851,desconocida,37.3695928,-5.9592563
10120560852,desconocida,37.3695689,-5.9591533
10120560853,desconocida,37.3695109,-5.9590632
10120560854,desconocida,37.3698963,-5.9596125
10120560855,desconocida,37.3696985,-5.9597456
10120560856,desconocida,37.3691835,-5.9602348
10120560857,desconocida,37.3692415,-5.9603335
10120560858,desconocida,37.3693097,-5.9601189
10120580162,desconocida,37.3671942,-5.9621876
10120580163,desconocida,37.3669282,-5.9625352
10120580164,desconocida,37.3671124,-5.9624151
10120580165,desconocida,37.3670134,-5.9623807
10120580166,desconocida,37.3667781,-5.9625953
10120580167,desconocida,37.3668361,-5.9627455
10143324794,broadleaved,37.4123389,-5.9108698
10143324795,broadleaved,37.413549,-5.9117872
10143324796,broadleaved,37.4130973,-5.9121841
10147921262,desconocida,37.4180248,-5.9293959
10147921263,desconocida,37.4180163,-5.9296238
10147921270,desconocida,37.4191134,-5.9339637
10147921271,desconocida,37.4183294,-5.9340334
10147921272,desconocida,37.418845,-5.9332556
10147921273,desconocida,37.4182485,-5.932876
10147921274,desconocida,37.416736,-5.9312064
10147921275,desconocida,37.4180653,-5.9325743
10147921276,desconocida,37.417128,-5.932231
10147921288,desconocida,37.4175593,-5.930855
10147921532,desconocida,37.4178842,-5.9344988
10147921793,desconocida,37.417113,-6.0141872
10147921800,desconocida,37.4177681,-6.0152105
10154657317,broadleaved,37.4064608,-6.0045379
10154657318,broadleaved,37.4066046,-6.0045044
10154657321,broadleaved,37.4062285,-6.0043448
10154797707,broadleaved,37.4061721,-6.0043636
10154797708,broadleaved,37.4061891,-6.0044588
10154803017,broadleaved,37.4071053,-6.0032263
10154803018,broadleaved,37.4065876,-6.0033457
10154803019,broadleaved,37.4063745,-6.0035402
10154803020,broadleaved,37.4063734,-6.003406
10154803021,broadleaved,37.4059878,-6.0035321
10154803034,broadleaved,37.4067527,-6.005069
10154803035,broadleaved,37.4066504,-6.0049939
10154803036,broadleaved,37.406382,-6.0049456
10154803037,broadleaved,37.4067719,-6.0051844
10154803038,broadleaved,37.4065481,-6.0052755
10154803071,broadleaved,37.4067292,-6.0043623
10154803072,broadleaved,37.4067026,-6.0042121
10154803075,broadleaved,37.4066664,-6.0043837
10154803076,broadleaved,37.4062744,-6.0044883
10154864675,broadleaved,37.4063457,-6.0053024
10174008086,Citrus × aurantium,37.3871544,-5.9816907
10174008087,Citrus × aurantium,37.3871592,-5.9817521
10174008088,Citrus × aurantium,37.3871638,-5.9817968
10174008089,Citrus × aurantium,37.3871732,-5.9819135
10174008090,Citrus × aurantium,37.3871784,-5.9819703
10174008091,Citrus × aurantium,37.3871816,-5.9820126
10174008092,Citrus × aurantium,37.3871924,-5.9821416
10174008093,Citrus × aurantium,37.3871964,-5.982187
10174008094,Citrus × aurantium,37.3872092,-5.9823393
10174008095,Citrus × aurantium,37.3872137,-5.9823865
10174008096,Citrus × aurantium,37.3872207,-5.9824735
10174008097,Citrus × aurantium,37.3872262,-5.9825312
10174008098,Citrus × aurantium,37.3872346,-5.9826358
10174008099,Citrus × aurantium,37.3877031,-5.9824185
10174008100,Citrus × aurantium,37.3877267,-5.9823499
10174008101,Citrus × aurantium,37.3877629,-5.9822755
10174008102,Citrus × aurantium,37.3878299,-5.9821834
10234915705,desconocida,37.3984914,-6.0084527
10234915706,desconocida,37.3984877,-6.0083722
10234915707,desconocida,37.3984896,-6.0083012
10234915708,desconocida,37.3984943,-6.0082077
10234915709,desconocida,37.3984914,-6.0081248
10234915710,desconocida,37.3984933,-6.0080644
10234915711,desconocida,37.3983861,-6.0080478
10234915712,desconocida,37.398388,-6.0081094
10234915713,desconocida,37.3983814,-6.0082112
10234915714,desconocida,37.3983814,-6.0082822
10234915715,desconocida,37.3983767,-6.0083521
10234915716,desconocida,37.3983767,-6.0084243
10234947517,desconocida,37.3982648,-6.0082195
10234947518,desconocida,37.3982131,-6.0082207
10234947519,desconocida,37.3981717,-6.0082159
10237930076,desconocida,37.3779109,-5.9796896
10237966218,desconocida,37.3749328,-5.9789875
10237966219,desconocida,37.3750572,-5.9790088
10237966220,desconocida,37.3751764,-5.9790334
10237966221,desconocida,37.3752965,-5.9790562
10237966222,desconocida,37.3754202,-5.9790797
10237966223,desconocida,37.3755357,-5.9791007
10237966224,desconocida,37.3757203,-5.9791381
10237966225,desconocida,37.3758468,-5.9791621
10237966226,desconocida,37.3760838,-5.979208
10237966227,desconocida,37.3759591,-5.979183
10238780793,desconocida,37.3771585,-5.9770211
10238780794,desconocida,37.3771149,-5.9774163
10238780795,desconocida,37.3771336,-5.9771096
10238780796,desconocida,37.3771707,-5.9772108
10238780797,desconocida,37.3772207,-5.9772339
10238780798,desconocida,37.3772695,-5.9772569
10238780799,desconocida,37.3773228,-5.9772811
10238780800,desconocida,37.3773796,-5.9773013
10238780801,desconocida,37.3772366,-5.9771192
10238780802,desconocida,37.3772733,-5.9771653
10238780803,desconocida,37.3773207,-5.9772249
10238847325,desconocida,37.3769604,-5.9768442
10238847326,desconocida,37.3769952,-5.9768897
10238847327,desconocida,37.3770346,-5.9769571
10238847328,desconocida,37.3770254,-5.9770308
10238847329,desconocida,37.3770038,-5.9770925
10238847330,desconocida,37.3769346,-5.9770934
10238847331,desconocida,37.3768828,-5.977082
10238847332,desconocida,37.3768363,-5.9770504
10238847333,desconocida,37.3767831,-5.9770301
10238847334,desconocida,37.376735,-5.9770127
10238847335,desconocida,37.3766868,-5.9769976
10238847336,desconocida,37.3766338,-5.9769783
10238847337,desconocida,37.376583,-5.9769599
10238847338,desconocida,37.3765263,-5.9769396
10238847339,desconocida,37.3764721,-5.976918
10238847340,desconocida,37.3764214,-5.9769011
10238847341,desconocida,37.3763667,-5.9768818
10238847342,desconocida,37.376317,-5.9768645
10238847343,desconocida,37.3762664,-5.9768424
10238847344,desconocida,37.3762164,-5.9768212
10238847345,desconocida,37.3761123,-5.9767847
10238847346,desconocida,37.3760099,-5.9767494
10238929666,desconocida,37.3764292,-5.9822694
10238929667,desconocida,37.3762185,-5.9823692
10238929668,desconocida,37.3769275,-5.9817565
10238929669,desconocida,37.3768782,-5.9816677
10238929670,desconocida,37.376864,-5.9816219
10238929671,desconocida,37.3768516,-5.9815819
10238929672,desconocida,37.3768396,-5.9815429
10238929673,desconocida,37.3768259,-5.9815001
10238929674,desconocida,37.3768131,-5.981457
10238935949,desconocida,37.3758446,-5.9810606
10238935950,desconocida,37.3758572,-5.981227
10238935951,desconocida,37.3758564,-5.9812972
10238935952,desconocida,37.3757986,-5.9806703
10238935953,desconocida,37.3760506,-5.9810024
10238935954,desconocida,37.376163,-5.9809502
10238935955,desconocida,37.3761716,-5.9815712
10238935956,desconocida,37.3762685,-5.9815166
10238935957,desconocida,37.3763242,-5.9815092
10238935958,desconocida,37.3764693,-5.9813688
10238935959,desconocida,37.3764376,-5.981271
10238935960,desconocida,37.3764168,-5.9812029
10238935961,desconocida,37.3763246,-5.9809378
10238935962,desconocida,37.3762369,-5.9807966
10238935963,desconocida,37.3761335,-5.9797305
10238935964,desconocida,37.3762378,-5.979721
10238935965,desconocida,37.3763301,-5.979707
10238935966,desconocida,37.3764853,-5.9797099
10238935967,desconocida,37.3765702,-5.979839
10238935968,desconocida,37.3762166,-5.9793454
10238935969,desconocida,37.3761163,-5.9793261
10238935970,desconocida,37.3758807,-5.979571
10238935971,desconocida,37.3758472,-5.9802121
10238935972,desconocida,37.3757735,-5.9803092
10238935973,desconocida,37.3757804,-5.9804321
10238935974,desconocida,37.3758363,-5.9803983
10238935975,desconocida,37.3759425,-5.9801455
10238935976,desconocida,37.3759959,-5.980138
10238935977,desconocida,37.3760804,-5.980136
10238935978,desconocida,37.376178,-5.9801304
10238935979,desconocida,37.3761859,-5.9802772
10238935980,desconocida,37.3762026,-5.9803633
10238935981,desconocida,37.3762214,-5.9804429
10238935982,desconocida,37.37626,-5.9805205
10238935983,desconocida,37.3763263,-5.9804927
10238935984,desconocida,37.3763083,-5.9804213
10238935985,desconocida,37.3762924,-5.9803597
10238935986,desconocida,37.3762394,-5.980264
10238935987,desconocida,37.3759468,-5.9807139
10238935988,desconocida,37.3759222,-5.98065
10238935989,desconocida,37.3759,-5.9805661
10238935990,desconocida,37.3758817,-5.9804958
10240236453,desconocida,37.3700692,-5.9841374
10240236454,desconocida,37.3700278,-5.9841323
10240236455,desconocida,37.3699915,-5.984128
10240236456,desconocida,37.3699546,-5.9841235
10240236457,desconocida,37.3700324,-5.9840808
10240236458,desconocida,37.3700738,-5.9840859
10240236459,desconocida,37.3699961,-5.9840765
10240236460,desconocida,37.3699593,-5.984072
10240236461,desconocida,37.370035,-5.9840256
10240236462,desconocida,37.3700765,-5.9840307
10240236463,desconocida,37.3699988,-5.9840213
10240236464,desconocida,37.3699619,-5.9840168
10241145062,desconocida,37.3551309,-5.9190442
10671545862,desconocida,37.4086463,-5.95641
10671545863,desconocida,37.408213,-5.9566642
10671656343,desconocida,37.4106158,-5.984087
10671656344,desconocida,37.410602,-5.9840173
10671656345,desconocida,37.4105945,-5.9839703
10671656346,desconocida,37.410587,-5.98391
10671656349,desconocida,37.410067,-5.9839647
10671656350,desconocida,37.410051,-5.9838936
10671656351,desconocida,37.4100318,-5.9838131
10671656352,desconocida,37.4100744,-5.9837568
10671656353,desconocida,37.4102151,-5.9837126
10671656354,desconocida,37.4103527,-5.9836595
10671656355,desconocida,37.4105018,-5.9836072
10671656356,desconocida,37.4104528,-5.9839411
10671656357,desconocida,37.4103058,-5.9840028
10671656358,desconocida,37.4101514,-5.9840551
10671656359,desconocida,37.4100874,-5.9840859
10671656360,desconocida,37.4098642,-5.9837552
10671656361,desconocida,37.4097853,-5.9837954
10671656362,desconocida,37.4097172,-5.9838156
10678246192,desconocida,37.3729212,-5.9520212
10678246193,desconocida,37.3728182,-5.9523736
10678246194,desconocida,37.372773,-5.9526145
10678246195,desconocida,37.372711,-5.9523577
10748545447,broadleaved,37.3988452,-5.9895658
10748545448,broadleaved,37.3988466,-5.989529
10748545449,broadleaved,37.3988016,-5.9896139
10748545450,broadleaved,37.3987311,-5.989606
10748545451,broadleaved,37.3986889,-5.9895938
10748545452,broadleaved,37.3987661,-5.989609
10748545453,broadleaved,37.3988452,-5.9892689
10748545454,broadleaved,37.3988516,-5.9893185
10748545455,broadleaved,37.3987427,-5.9893675
10748545456,broadleaved,37.3987464,-5.9892873
10748545457,broadleaved,37.3987145,-5.9890952
10748545458,desconocida,37.3984686,-5.9894691
10748545459,desconocida,37.3984681,-5.9895153
10748545460,desconocida,37.3984636,-5.9895703
10748545461,desconocida,37.3984641,-5.9896276
10748545462,desconocida,37.3984532,-5.9896863
10748545463,desconocida,37.3984526,-5.9897463
10748545464,desconocida,37.3983935,-5.9897363
10748545465,desconocida,37.3983898,-5.9896769
10748545466,desconocida,37.3983895,-5.989628
10748545467,desconocida,37.3983924,-5.989572
10748545468,desconocida,37.3983922,-5.9895324
10748545469,desconocida,37.3983903,-5.9894731
10847052154,Citrus × aurantium,37.3699565,-5.9995302
10847052155,Citrus × aurantium,37.3699057,-5.9995405
10847052156,Citrus × aurantium,37.3698566,-5.9995509
10847052157,Citrus × aurantium,37.3698074,-5.9995674
10847052158,Citrus × aurantium,37.3697795,-5.9995756
10847052159,Citrus × aurantium,37.369714,-5.9995859
10847052160,Citrus × aurantium,37.3696664,-5.99959
10847052161,Citrus × aurantium,37.3696189,-5.9996065
10847052162,Citrus × aurantium,37.3695763,-5.9996148
10865560868,desconocida,37.399458,-5.9870266
10865560869,desconocida,37.3994685,-5.9871138
10865560870,desconocida,37.3992928,-5.9871324
10865560871,desconocida,37.3993269,-5.9865493
10865560872,desconocida,37.3991322,-5.9865369
10865560873,desconocida,37.3992626,-5.9865152
10865560874,desconocida,37.3990398,-5.9866847
10865560875,desconocida,37.3990008,-5.9865068
10865560876,desconocida,37.3989122,-5.9865931
10865560877,desconocida,37.3988893,-5.9866966
10865560878,desconocida,37.3989885,-5.9867028
10865560879,desconocida,37.398947,-5.9864524
10865560880,desconocida,37.3992352,-5.9874093
10865560881,desconocida,37.3993902,-5.9873496
10865560882,desconocida,37.3990693,-5.9862365
10865560883,desconocida,37.3991607,-5.986221
10865560884,desconocida,37.3992201,-5.9862184
10865560885,desconocida,37.3992724,-5.986206
10865560886,desconocida,37.3988328,-5.9862927
10865560887,desconocida,37.3988756,-5.9864604
10865560888,desconocida,37.3988721,-5.9865617
10865560889,desconocida,37.3988721,-5.9863679
10865560890,desconocida,37.3989983,-5.9862675
10865560891,broadleaved,37.39887,-5.9889161
10865560892,desconocida,37.4007728,-5.9884423
10865560893,desconocida,37.4009878,-5.9885989
10865560894,desconocida,37.4009513,-5.9884534
10865560895,desconocida,37.4008908,-5.9884366
10866471377,desconocida,37.3988922,-5.987519
10866471378,desconocida,37.398895,-5.987439
10867935590,desconocida,37.3992006,-5.9866802
10867935591,desconocida,37.3989385,-5.9861572
10989063782,Citrus aurantium,37.3787184,-6.0086678
10989063783,Citrus aurantium,37.378761,-6.0087083
10989063784,Citrus aurantium,37.3787974,-6.0087487
10989063785,Citrus aurantium,37.3788304,-6.0087967
10989063786,Citrus aurantium,37.3788669,-6.0088459
10989063787,Citrus aurantium,37.3788981,-6.0088929
10989063788,Citrus aurantium,37.3789328,-6.0089409
10989063789,Citrus aurantium,37.3790031,-6.0090021
11152961046,desconocida,37.4122634,-5.9773543
11166796684,desconocida,37.4323348,-5.971879
11166796685,desconocida,37.4322173,-5.9716698
11166796686,desconocida,37.4319741,-5.9721457
11166796687,desconocida,37.43204,-5.9717948
11166796688,desconocida,37.431812,-5.9719198
11173777087,broadleaved,37.3795321,-6.0098366
11173777088,broadleaved,37.3795028,-6.0097927
11173777089,broadleaved,37.3794113,-6.0096554
11173777090,broadleaved,37.3793831,-6.009613
11205537319,broadleaved,37.3926716,-5.9921591
11205537321,broadleaved,37.3926713,-5.9920637
11205537323,broadleaved,37.3926661,-5.9920062
11205537324,broadleaved,37.3926476,-5.9916534
11205537325,broadleaved,37.3926617,-5.9917428
11205537327,broadleaved,37.392534,-5.9916543
11205537328,broadleaved,37.3923877,-5.9916843
11205537330,broadleaved,37.3923547,-5.9917074
11205537331,broadleaved,37.3923338,-5.9917375
11205537332,broadleaved,37.392313,-5.9917706
11205537335,broadleaved,37.3925081,-5.9919677
11205537336,broadleaved,37.3925081,-5.9921732
11205545837,broadleaved,37.3924305,-5.992177
11205545838,broadleaved,37.3925243,-5.9920552
11205545839,broadleaved,37.3923993,-5.991771
11205545840,broadleaved,37.3923398,-5.991851
11205545842,broadleaved,37.3923611,-5.9920738
11205545843,broadleaved,37.3923889,-5.9920887
11205545844,broadleaved,37.392421,-5.9921029
11205545845,broadleaved,37.3924655,-5.9921662
11362985866,desconocida,37.3808354,-5.9827973
11362985867,desconocida,37.3808588,-5.9827101
11639224540,broadleaved,37.3977989,-6.0080957
11639224541,broadleaved,37.3977076,-6.0080923
11639224542,broadleaved,37.39783,-6.0069409
11639224543,broadleaved,37.3977854,-6.0069451
11639224544,broadleaved,37.3977848,-6.007336
11639224545,broadleaved,37.3975482,-6.0080944
11639224546,broadleaved,37.397435,-6.0080793
11639224547,broadleaved,37.3973054,-6.0080896
11639224548,broadleaved,37.3972312,-6.0080826
11639224549,broadleaved,37.3982057,-6.0095666
11639224550,broadleaved,37.3981183,-6.0095669
11639224551,broadleaved,37.3978269,-6.0093468
11639224552,broadleaved,37.3977239,-6.0093299
11639224553,broadleaved,37.397757,-6.0094791
11639224554,broadleaved,37.397689,-6.0094302
11639224555,broadleaved,37.3976268,-6.010066
11639224556,broadleaved,37.397061,-6.0097785
11639224557,broadleaved,37.3969814,-6.0096538
11639224558,broadleaved,37.3970824,-6.0096465
11703467177,desconocida,37.3837051,-6.0104323
11703467178,desconocida,37.3837508,-6.0104527
11703467179,desconocida,37.3837937,-6.0104719
11703467180,desconocida,37.3838254,-6.0104861
11703467181,desconocida,37.3838556,-6.0104996
11703467182,desconocida,37.3838829,-6.0105118
11703467183,desconocida,37.3837564,-6.0103063
11703467184,desconocida,37.3837846,-6.0103191
11703467185,desconocida,37.3838133,-6.010332
11703467186,desconocida,37.3838415,-6.0103448
11703467187,desconocida,37.3838795,-6.010362
11703467188,desconocida,37.3839104,-6.010376
11703467189,desconocida,37.3839371,-6.0103881
11764190847,desconocida,37.4097935,-6.0101168
11764190848,desconocida,37.4108271,-6.0077081
11764190849,desconocida,37.4076941,-6.0083316
11764190850,desconocida,37.4076934,-6.008705
11787455936,desconocida,37.3910664,-5.9971129
11787499528,broadleaved,37.3947917,-5.9971881
11787499529,broadleaved,37.394836,-5.9971375
11787499530,broadleaved,37.3948754,-5.9971396
11787499531,broadleaved,37.3947769,-5.9970869
11787499532,broadleaved,37.3947649,-5.9970346
11787499533,broadleaved,37.3947578,-5.9969906
11787499534,broadleaved,37.3947529,-5.9971968
11787499535,broadleaved,37.3947466,-5.9971461
11787499536,broadleaved,37.3947189,-5.9970026
11787499537,broadleaved,37.3947127,-5.9969303
11787499538,broadleaved,37.3947263,-5.9968725
11787499539,broadleaved,37.3947726,-5.9968405
11787499540,broadleaved,37.3947961,-5.9969251
11787499541,broadleaved,37.3948324,-5.9969028
11787499542,broadleaved,37.3948934,-5.9969114
11787499543,broadleaved,37.3949427,-5.9969492
11787499544,broadleaved,37.3949541,-5.9970012
11787499545,broadleaved,37.3949725,-5.9971647
11787499546,broadleaved,37.3950069,-5.9971055
11787499547,broadleaved,37.3950068,-5.9970189
11787499548,broadleaved,37.3950055,-5.9969848
11787499549,broadleaved,37.3950151,-5.9969517
11787499550,broadleaved,37.3950067,-5.9969079
11787499551,broadleaved,37.3949599,-5.996877
11787499552,broadleaved,37.3949079,-5.9968143
11787499562,broadleaved,37.3948689,-5.9966042
11787499563,broadleaved,37.3947926,-5.9966311
11787499564,broadleaved,37.3946802,-5.9972402
11787499565,broadleaved,37.3946737,-5.9971893
11787499566,broadleaved,37.3946676,-5.9971547
11787499567,broadleaved,37.3946623,-5.9971245
11787499568,broadleaved,37.3946588,-5.9970899
11787513869,broadleaved,37.3946463,-5.9970448
11787513870,broadleaved,37.394639,-5.9969939
11787513871,broadleaved,37.3946302,-5.996943
11787513872,broadleaved,37.3946249,-5.9969089
11787513873,broadleaved,37.3946161,-5.9968628
11787513874,broadleaved,37.3945509,-5.99669
11787513877,broadleaved,37.3939293,-5.9970674
11787513878,broadleaved,37.3938783,-5.99708
11787513879,broadleaved,37.3938518,-5.9969999
11794410337,broadleaved,37.4001397,-5.9936403
11794410338,broadleaved,37.400001,-5.9936783
11794410339,broadleaved,37.3998019,-5.9937198
11794410340,broadleaved,37.3996825,-5.9937232
11794410341,broadleaved,37.3996303,-5.9934588
11794410342,broadleaved,37.399655,-5.9935815
11794410343,broadleaved,37.3998047,-5.9934138
11794410344,broadleaved,37.399931,-5.9934069
11810604343,broadleaved,37.3888232,-5.9768676
11810604344,broadleaved,37.3887374,-5.9767347
11810604345,broadleaved,37.3886828,-5.9766692
11810604346,broadleaved,37.3886318,-5.9766009
11810604347,broadleaved,37.3885775,-5.9765386
11810604348,broadleaved,37.3885301,-5.9764723
11810604349,broadleaved,37.3884764,-5.9764087
11810604350,broadleaved,37.3884264,-5.976339
11810604351,broadleaved,37.388271,-5.9763109
11810604352,broadleaved,37.3882237,-5.9763303
11810604353,broadleaved,37.3881316,-5.9763591
11810604354,broadleaved,37.3880827,-5.9763692
11810604355,broadleaved,37.3883732,-5.9772096
11810604356,broadleaved,37.3883434,-5.9771353
11810604357,broadleaved,37.3883157,-5.9770663
11810604358,broadleaved,37.3882912,-5.977002
11810604359,broadleaved,37.3882332,-5.976858
11810604360,broadleaved,37.3882002,-5.976787
11810604361,broadleaved,37.3881742,-5.9767127
11810604362,broadleaved,37.388138,-5.976635
11810604363,broadleaved,37.3881135,-5.9765667
11810604364,broadleaved,37.3880896,-5.976489
11810604365,broadleaved,37.3880507,-5.9767147
11810604366,broadleaved,37.3880289,-5.9766437
11810604367,broadleaved,37.3880076,-5.9765855
11810604368,broadleaved,37.3879821,-5.9765239
11810624069,broadleaved,37.3879582,-5.9764649
11810624070,broadleaved,37.388221,-5.9771265
11810624071,broadleaved,37.3882673,-5.9772364
11810624072,broadleaved,37.3882992,-5.9773033
11810624073,broadleaved,37.3877639,-5.9789675
11810624074,broadleaved,37.3875927,-5.9783137
11810624075,broadleaved,37.3876188,-5.9794507
11810624076,broadleaved,37.3876074,-5.9794064
11810624077,broadleaved,37.3875724,-5.9792725
11810624078,broadleaved,37.3875316,-5.9791726
11810624079,broadleaved,37.3874268,-5.978799
11810624080,broadleaved,37.3873972,-5.9787017
11810624081,broadleaved,37.3873526,-5.9785657
11810624082,broadleaved,37.3874513,-5.9781331
11810624083,broadleaved,37.3875543,-5.9780849
11810624084,broadleaved,37.3876417,-5.9780556
11810624085,broadleaved,37.3877422,-5.9780097
11810624086,broadleaved,37.3878283,-5.9779789
11810624087,broadleaved,37.3879565,-5.9779188
11810624088,broadleaved,37.3880426,-5.9778777
11810624089,broadleaved,37.3881356,-5.9778255
11810624090,broadleaved,37.3882468,-5.9777954
11810624091,broadleaved,37.3884096,-5.977706
11810624092,broadleaved,37.3886779,-5.9776428
11810624093,broadleaved,37.3884767,-5.9773016
11810624094,broadleaved,37.3885177,-5.9772508
11810624095,broadleaved,37.3885549,-5.9772024
11810624096,broadleaved,37.3886091,-5.9771313
11810624097,broadleaved,37.388655,-5.9770739
11810624098,broadleaved,37.3887028,-5.9770203
11810624099,broadleaved,37.3887319,-5.9769739
11810624100,broadleaved,37.3887687,-5.976939
11810624101,broadleaved,37.3888114,-5.9766271
11810624102,broadleaved,37.388781,-5.9765832
11810624103,broadleaved,37.3886482,-5.9764393
11810624104,broadleaved,37.3886082,-5.9763755
11810624105,broadleaved,37.3885555,-5.9763381
11810624106,broadleaved,37.3885646,-5.9762726
11810624107,broadleaved,37.3885894,-5.9762421
11810624108,broadleaved,37.3886175,-5.976212
11810624109,broadleaved,37.3886886,-5.9761214
11810624110,broadleaved,37.3886253,-5.9760242
11810624111,broadleaved,37.3891856,-5.9763572
11810624112,broadleaved,37.3893346,-5.9764448
11810624113,broadleaved,37.3893829,-5.9763841
11810624114,broadleaved,37.3894296,-5.9763168
11810624115,broadleaved,37.3894875,-5.9762571
11810624116,broadleaved,37.3895469,-5.9761758
11810624117,broadleaved,37.3895936,-5.9761188
11810624118,broadleaved,37.3896552,-5.9760525
11810624119,broadleaved,37.3897161,-5.9759815
11810624120,broadleaved,37.3897576,-5.9759096
11810624121,broadleaved,37.3898259,-5.9758321
11810624122,broadleaved,37.3898615,-5.9757658
11810624123,broadleaved,37.3899046,-5.9757247
11810624124,broadleaved,37.389973,-5.9749356
11810624125,broadleaved,37.3886442,-5.9773079
11810624126,broadleaved,37.3887257,-5.9771932
11810624127,broadleaved,37.3887853,-5.9771369
11810624164,broadleaved,37.3888411,-5.9770587
11810624165,broadleaved,37.3889204,-5.9769804
11810624166,broadleaved,37.3889805,-5.9768973
11810624167,broadleaved,37.3890247,-5.9768297
11810624168,broadleaved,37.38908,-5.9767567
11810624169,broadleaved,37.389088,-5.9768471
11810624170,broadleaved,37.3890524,-5.9769563
11810624171,broadleaved,37.3891641,-5.9768592
11810624172,broadleaved,37.3891327,-5.9767018
11810624173,broadleaved,37.3891646,-5.9766288
11810624174,broadleaved,37.3892237,-5.9765571
11810624175,broadleaved,37.3893344,-5.9766576
11810624176,broadleaved,37.3893514,-5.9767621
11810624177,broadleaved,37.3892806,-5.9767346
11810624178,broadleaved,37.3893115,-5.9768203
11810624179,broadleaved,37.3892578,-5.9768565
11810624180,broadleaved,37.3892365,-5.9768056
11810624181,broadleaved,37.3881659,-5.9765087
11810624182,broadleaved,37.388184,-5.9764423
11810624183,broadleaved,37.3882245,-5.9763868
11810624184,broadleaved,37.388266,-5.9763749
11810624185,broadleaved,37.3883074,-5.9763567
11810624186,broadleaved,37.3883443,-5.9763771
11810624187,broadleaved,37.3883813,-5.9764406
11810624188,broadleaved,37.3883813,-5.976486
11810624189,broadleaved,37.3883687,-5.9765484
11810624190,broadleaved,37.388343,-5.9765688
11810624191,broadleaved,37.388266,-5.9766028
11810624192,broadleaved,37.3882804,-5.9766482
11810624193,broadleaved,37.388366,-5.9766209
11810624194,broadleaved,37.3894844,-5.9758265
11810624195,broadleaved,37.3894238,-5.9757351
11810624196,broadleaved,37.3893344,-5.9756213
11810624197,broadleaved,37.3892641,-5.9755268
11810624198,broadleaved,37.3900998,-5.9749713
11810624199,broadleaved,37.3900261,-5.9750741
11810624200,broadleaved,37.3899247,-5.9750786
11810624201,broadleaved,37.3898488,-5.9749749
11810624202,broadleaved,37.3898737,-5.97484
11810624203,broadleaved,37.3899664,-5.974781
11815475969,broadleaved,37.3889805,-5.9765804
11815475970,broadleaved,37.3890358,-5.9765234
11815475971,broadleaved,37.3892467,-5.9762848
11815475972,broadleaved,37.3893888,-5.9760726
11815475973,broadleaved,37.3894386,-5.9760291
11815475974,broadleaved,37.3894777,-5.9759575
11815475975,broadleaved,37.3895361,-5.9759031
11815475976,broadleaved,37.3895931,-5.9758336
11815475977,broadleaved,37.3896589,-5.9757509
11815475978,broadleaved,37.3897167,-5.9756836
11815475979,broadleaved,37.3897649,-5.9756229
11815475980,broadleaved,37.3888411,-5.9759263
11815475981,broadleaved,37.3888845,-5.9758805
11826305137,broadleaved,37.3569173,-5.9870907
11826305138,broadleaved,37.3569754,-5.9870222
11826305139,broadleaved,37.356784,-5.9869999
11826305140,broadleaved,37.3567779,-5.9869222
11826305141,broadleaved,37.3568427,-5.9869061
11826305142,broadleaved,37.3569021,-5.9869145
11826305143,broadleaved,37.3569051,-5.987023
11826305144,broadleaved,37.3568525,-5.9871361
11826305145,broadleaved,37.3568923,-5.9871738
11826305146,broadleaved,37.3569718,-5.9871338
11826305147,broadleaved,37.3569302,-5.9873291
11826305148,broadleaved,37.3567932,-5.9871376
11826305149,broadleaved,37.3570745,-5.9865953
11826305150,broadleaved,37.357006,-5.9865707
11826305151,broadleaved,37.3570971,-5.9864676
11826305152,broadleaved,37.3570647,-5.9864668
11826305153,broadleaved,37.3568531,-5.986593
11826305154,broadleaved,37.3567761,-5.9865968
11826305155,broadleaved,37.3567223,-5.9865891
11826305156,broadleaved,37.356674,-5.9866022
11826305157,broadleaved,37.3565976,-5.986613
11826305158,broadleaved,37.3568556,-5.986533
11826305159,broadleaved,37.3567571,-5.9865291
11826305160,broadleaved,37.3568495,-5.9864676
11826305161,broadleaved,37.3568048,-5.9864699
11826305162,broadleaved,37.3566465,-5.9865053
11826305163,broadleaved,37.356619,-5.9865384
11826305164,broadleaved,37.356556,-5.9865053
11826305165,broadleaved,37.3565016,-5.9865414
11826305166,broadleaved,37.356523,-5.9866207
11826305167,broadleaved,37.3564361,-5.9866138
11826305168,broadleaved,37.3563817,-5.9866122
11826364712,broadleaved,37.356682,-5.9871709
11826364713,broadleaved,37.3565869,-5.9871742
11826364714,broadleaved,37.356465,-5.9871362
11826376674,desconocida,37.3560078,-5.9864037
11826376675,desconocida,37.3560134,-5.9863823
11826376676,desconocida,37.3560259,-5.9863996
11826376807,broadleaved,37.3574554,-5.981006
11826376808,broadleaved,37.3573079,-5.9809416
11826376809,broadleaved,37.3572499,-5.9808944
11826376810,broadleaved,37.3571092,-5.9809158
11826376811,broadleaved,37.3564107,-5.980536
11826376812,broadleaved,37.3569616,-5.9808922
11826376813,broadleaved,37.3568789,-5.9808515
11826376830,Phoenix dactylifera,37.3569143,-5.9800099
11826376831,Phoenix dactylifera,37.3569278,-5.979903
11826376832,Phoenix dactylifera,37.3569523,-5.9798184
11826376833,Phoenix dactylifera,37.3569578,-5.9797592
11826376834,Phoenix dactylifera,37.3569712,-5.9796907
11826376835,Phoenix dactylifera,37.3569773,-5.9796292
11826376836,Phoenix dactylifera,37.3570336,-5.9794484
11826376837,Phoenix dactylifera,37.3571516,-5.9793707
11826376838,Phoenix dactylifera,37.3569602,-5.9788845
11826376839,Phoenix dactylifera,37.3569584,-5.9790761
11826376840,Phoenix dactylifera,37.3568948,-5.9790322
11826376841,Phoenix dactylifera,37.3568153,-5.978993
11826376842,Phoenix dactylifera,37.3567389,-5.9789838
11826376843,Phoenix dactylifera,37.356756,-5.978853
11826376844,Phoenix dactylifera,37.3568324,-5.9786707
11826376845,Phoenix dactylifera,37.3569413,-5.9784445
11826376846,Phoenix dactylifera,37.3569633,-5.9785845
11826376847,Phoenix dactylifera,37.3569645,-5.9786953
11826376848,Phoenix dactylifera,37.3570525,-5.9787938
11826376849,Phoenix dactylifera,37.3570483,-5.9785453
11826376850,Phoenix dactylifera,37.3570495,-5.9784276
11826376851,Phoenix dactylifera,37.3570489,-5.9783353
11826376852,Phoenix dactylifera,37.357044,-5.9782869
11826376929,broadleaved,37.3573568,-5.9864851
11826376930,broadleaved,37.3574439,-5.9864932
11826376931,broadleaved,37.3575295,-5.9864907
11826376932,broadleaved,37.3576534,-5.986478
11826376933,broadleaved,37.3577914,-5.9864767
11826376934,broadleaved,37.3578589,-5.9864742
11826376935,broadleaved,37.3579435,-5.9864653
11826376936,broadleaved,37.358309,-5.9864463
11826376937,broadleaved,37.3583886,-5.9864476
11826376938,broadleaved,37.3584712,-5.9864362
11826376939,broadleaved,37.3585628,-5.9864362
11826376940,broadleaved,37.3587008,-5.9864311
11826376941,broadleaved,37.358941,-5.9864108
11826376942,broadleaved,37.3588655,-5.9864197
11826376943,broadleaved,37.3587859,-5.9864197
11826376944,broadleaved,37.3591888,-5.9874815
11826376945,broadleaved,37.3598172,-5.9854529
11826376946,broadleaved,37.3600891,-5.9854935
11826376947,broadleaved,37.3599904,-5.9854745
11826376948,broadleaved,37.3600861,-5.9863564
11826376949,broadleaved,37.3599904,-5.9863754
11826376950,broadleaved,37.3598978,-5.9863741
11826376951,broadleaved,37.3598202,-5.9863741
11826376952,broadleaved,37.3597306,-5.9863842
11826376953,broadleaved,37.359645,-5.9863855
11826376954,broadleaved,37.3594728,-5.9863944
11826376955,broadleaved,37.3593811,-5.9863969
11826376956,broadleaved,37.3592784,-5.986402
11826376957,broadleaved,37.3591837,-5.9863931
11826376962,broadleaved,37.3607384,-5.9882482
11826376963,broadleaved,37.3607187,-5.9879242
11826376964,broadleaved,37.3607068,-5.9876034
11826376965,broadleaved,37.3607068,-5.9875423
11826376966,broadleaved,37.3607,-5.987465
11826376967,broadleaved,37.3608867,-5.9870477
11826376968,broadleaved,37.3608833,-5.9869361
11826376969,broadleaved,37.3608757,-5.9867687
11826376970,broadleaved,37.3608722,-5.9866486
11826391769,broadleaved,37.3563041,-5.9865991
11826391770,broadleaved,37.3562637,-5.9866091
11826391771,broadleaved,37.3562142,-5.9865861
11826391772,broadleaved,37.356172,-5.9866322
11826391773,broadleaved,37.3562441,-5.986513
11826391774,broadleaved,37.3562833,-5.9865138
11826391775,broadleaved,37.3563138,-5.9865153
11826391776,broadleaved,37.3563603,-5.9865545
11826391777,broadleaved,37.356389,-5.9874322
11826391778,broadleaved,37.3562882,-5.9873361
11826391779,broadleaved,37.3561934,-5.9874468
11826391780,broadleaved,37.3566679,-5.9874907
11826391781,broadleaved,37.3567088,-5.9875253
11826391782,broadleaved,37.3566917,-5.9873222
11826391783,broadleaved,37.3565798,-5.9873415
11826391784,broadleaved,37.3565444,-5.987343
11826391785,broadleaved,37.3565474,-5.9875153
11826391786,broadleaved,37.3564673,-5.9872045
11826391787,broadleaved,37.3564661,-5.9870068
11826391788,broadleaved,37.3564282,-5.9870115
11826391789,broadleaved,37.3564533,-5.9869476
11826391790,broadleaved,37.3564141,-5.9869422
11826391791,broadleaved,37.3563456,-5.9869361
11826391792,broadleaved,37.3562784,-5.986923
11826391807,broadleaved,37.3573801,-5.9865294
11826391808,broadleaved,37.3572999,-5.9865399
11826391821,broadleaved,37.3570209,-5.9885737
11826391822,broadleaved,37.3570099,-5.9884685
11826391823,broadleaved,37.3570129,-5.9882696
11826391824,broadleaved,37.3570099,-5.9881783
11826391825,broadleaved,37.3570058,-5.9878933
11826391826,broadleaved,37.3570058,-5.9878274
11826391827,broadleaved,37.3569958,-5.9877184
11826391828,broadleaved,37.3574248,-5.9885306
11826391829,broadleaved,37.3574107,-5.9882797
11826391830,broadleaved,37.3574107,-5.9881353
11826391831,broadleaved,37.3573926,-5.9877488
11826391835,broadleaved,37.357396,-5.9874389
11826391836,broadleaved,37.3573108,-5.9874443
11826391837,broadleaved,37.3574762,-5.9875869
11826391838,broadleaved,37.3574177,-5.9876705
11865852805,desconocida,37.424186,-5.9950704
11865852806,desconocida,37.424093,-5.9950643
11865852807,desconocida,37.4239658,-5.9950889
11865852808,desconocida,37.4237896,-5.9951321
11865852809,desconocida,37.4236673,-5.9951506
11865852810,desconocida,37.423589,-5.995169
11865852811,desconocida,37.4234862,-5.9952245
11865852812,desconocida,37.4238924,-5.9951074
11865852813,desconocida,37.4233639,-5.9952368
11865852814,desconocida,37.4240294,-5.9949102
11865852815,desconocida,37.4238924,-5.9949534
11865852816,desconocida,37.4237358,-5.9950211
11865852817,desconocida,37.4233345,-5.9950704
11865852818,desconocida,37.4235254,-5.995052
11865852819,desconocida,37.4236722,-5.9950027
11865852820,desconocida,37.4231583,-5.9953354
11865852821,desconocida,37.4230066,-5.9954278
11865852822,desconocida,37.422899,-5.995434
11865852823,desconocida,37.4227815,-5.9955018
11865852824,desconocida,37.4226983,-5.9953539
11865852825,desconocida,37.4228941,-5.9952676
11865852826,desconocida,37.4230556,-5.9952676
11865852827,desconocida,37.4231632,-5.9951136
11865852828,desconocida,37.4230409,-5.9951013
11865852829,desconocida,37.4227864,-5.9951506
11865852830,desconocida,37.422943,-5.9950828
11865852831,desconocida,37.4230898,-5.9949102
11865852832,desconocida,37.4229283,-5.9949903
11865852833,desconocida,37.422762,-5.9950088
11865852834,desconocida,37.4226788,-5.9951752
11865852835,desconocida,37.4226494,-5.9947685
11865852836,desconocida,37.4226641,-5.9945282
11865852837,desconocida,37.4228305,-5.9944357
11865852838,desconocida,37.4228158,-5.9946144
11865852839,desconocida,37.4229528,-5.9948178
11865852840,desconocida,37.4230311,-5.9946083
11865852841,desconocida,37.4228647,-5.994824
11865852842,desconocida,37.4228941,-5.9940167
11865852843,desconocida,37.4226934,-5.9941092
11865852844,desconocida,37.422483,-5.9941215
11865852845,desconocida,37.4224732,-5.9937949
11865852846,desconocida,37.4224341,-5.99361
11865852847,desconocida,37.422576,-5.9935854
11865852848,desconocida,37.4226347,-5.9938565
11865852849,desconocida,37.4228256,-5.9938812
11865852850,desconocida,37.4227179,-5.9939859
11865852851,desconocida,37.4225809,-5.9939982
11865852852,desconocida,37.4224634,-5.9938935
11865852853,desconocida,37.4232366,-5.9940167
11865852854,desconocida,37.4231045,-5.9939613
11865852855,desconocida,37.4230996,-5.9937887
11865852856,desconocida,37.423129,-5.9937209
11865852857,desconocida,37.4233541,-5.9937271
11865852858,desconocida,37.4233003,-5.9938996
11865852859,desconocida,37.4234569,-5.9939181
11865852860,desconocida,37.4235254,-5.9937579
11865852861,desconocida,37.4236233,-5.9938565
11865852862,desconocida,37.4236037,-5.9936593
11865852863,desconocida,37.4238777,-5.9938072
11865852864,desconocida,37.4241077,-5.9937456
11865852865,desconocida,37.4239658,-5.9936223
11865852866,desconocida,37.4238533,-5.9936039
11865852867,desconocida,37.4239169,-5.9932588
11865852868,desconocida,37.4240245,-5.9934375
11865852869,desconocida,37.4238239,-5.9934252
11865852870,desconocida,37.4237211,-5.9931355
11865852871,desconocida,37.4237896,-5.9930493
11865852872,desconocida,37.4237603,-5.9929445
11865852873,desconocida,37.4238043,-5.9933019
11865852874,desconocida,37.4236526,-5.9929507
11865852875,desconocida,37.4230507,-5.9933697
11865852876,desconocida,37.4230311,-5.9932033
11865852877,desconocida,37.4230115,-5.9931109
11865852878,desconocida,37.4230066,-5.9930246
11865852879,desconocida,37.4232171,-5.9932465
11865852880,desconocida,37.4232171,-5.993037
11865852881,desconocida,37.4233932,-5.9931417
11865852882,desconocida,37.4235498,-5.9932896
11865852883,desconocida,37.4235694,-5.9934868
11865852884,desconocida,37.4223656,-5.9933389
11865852885,desconocida,37.4223264,-5.9930924
11865852886,desconocida,37.4222775,-5.9928952
11865852887,desconocida,37.422346,-5.9932341
11865852888,desconocida,37.4224634,-5.9927966
11865852889,desconocida,37.4227032,-5.9928213
11865852890,desconocida,37.4226739,-5.9926672
11865852891,desconocida,37.4225956,-5.9928336
11865852892,desconocida,37.4225124,-5.9928644
11865852893,desconocida,37.4223117,-5.9927288
11865852894,desconocida,37.4225026,-5.9926364
11865852895,desconocida,37.4226347,-5.9927412
11865852896,desconocida,37.4226739,-5.9925008
11865852897,desconocida,37.4225173,-5.9925193
11865852898,desconocida,37.4223068,-5.9926056
11865852899,desconocida,37.4222383,-5.9926241
11865852900,desconocida,37.4221111,-5.9930431
11865852901,desconocida,37.42193,-5.9930431
11865852902,desconocida,37.4218811,-5.9930678
11865852903,desconocida,37.4218419,-5.9929507
11865852904,desconocida,37.4219447,-5.9927104
11865852905,desconocida,37.4220181,-5.9928644
11865852906,desconocida,37.4218272,-5.9927412
11865852907,desconocida,37.4219104,-5.9928398
11865852908,desconocida,37.4218468,-5.9930986
11865852909,desconocida,37.4223411,-5.9942077
11865852910,desconocida,37.4221649,-5.9941646
11865852911,desconocida,37.4221062,-5.9942077
11865852912,desconocida,37.4219594,-5.9942755
11865852913,desconocida,37.4221747,-5.9942694
11865852914,desconocida,37.4223068,-5.9940783
11865852915,desconocida,37.4220524,-5.9939859
11865852916,desconocida,37.4220377,-5.993684
11865852917,desconocida,37.422209,-5.9938812
11865852918,desconocida,37.4222187,-5.9936347
11865852919,desconocida,37.4220768,-5.9935422
11865852920,desconocida,37.4220279,-5.9938503
11865852921,desconocida,37.4221796,-5.9937209
11865852922,desconocida,37.4229137,-5.9926426
11865852923,desconocida,37.422899,-5.9924639
11865852924,desconocida,37.4230703,-5.9924454
11865852925,desconocida,37.4233394,-5.9925378
11865852926,desconocida,37.4234813,-5.9926364
11865852927,desconocida,37.4231779,-5.9926303
11865852928,desconocida,37.4232171,-5.9924577
11890716835,broadleaved,37.3801315,-6.0111
11890716836,broadleaved,37.3801808,-6.0110995
11890716837,broadleaved,37.3802169,-6.011098
11890716841,broadleaved,37.3802637,-6.0110933
11890716842,broadleaved,37.3803069,-6.0110897
11890716850,broadleaved,37.3803747,-6.0110866
11890716851,broadleaved,37.3804556,-6.011082
11890716856,broadleaved,37.3804908,-6.0109902
11890716857,broadleaved,37.3804912,-6.0109334
11890716858,broadleaved,37.3804883,-6.0108786
11890716859,broadleaved,37.3804879,-6.0108155
11890716860,broadleaved,37.3804863,-6.0107737
11890736972,broadleaved,37.3804575,-6.0107393
11890736973,broadleaved,37.3804115,-6.0107442
11890736974,broadleaved,37.3803713,-6.0107474
11890736975,broadleaved,37.3803306,-6.01075
11890736976,broadleaved,37.3802678,-6.0107508
11890736977,broadleaved,37.3802076,-6.0107527
11890736978,broadleaved,37.3801273,-6.0107594
11895648697,desconocida,37.3787083,-5.9768436
11895648698,desconocida,37.3786459,-5.9767572
11895648699,desconocida,37.378655,-5.9764225
11895648700,desconocida,37.3785271,-5.9760014
11895648701,desconocida,37.3787424,-5.9764467
11895648702,desconocida,37.3786827,-5.976224
11895648703,desconocida,37.3784163,-5.9758244
11895648704,desconocida,37.3787509,-5.9754918
11895648711,desconocida,37.3785859,-5.9763804
11895648712,desconocida,37.3786706,-5.9766738
11895648717,desconocida,37.3785655,-5.9758043
11895648718,desconocida,37.3786031,-5.9759505
11895648719,desconocida,37.378531,-5.9761414
11895648720,desconocida,37.3785655,-5.9756188
11895648721,desconocida,37.3783955,-5.9756892
11895688386,desconocida,37.3799994,-5.975936
11895688387,desconocida,37.3799845,-5.9758568
11895688388,desconocida,37.3799206,-5.9755765
11895688389,desconocida,37.3798375,-5.9752144
11895688390,desconocida,37.3798673,-5.9753553
11895688391,desconocida,37.3798545,-5.9752802
11898969678,desconocida,37.3737195,-5.9881401
11898969679,desconocida,37.3736513,-5.9880992
12089176245,broadleaved,37.3608731,-5.9855922
12089176246,needleleaved,37.3608483,-5.9855918
12132039067,desconocida,37.3990556,-5.9913012
12132039068,desconocida,37.3990522,-5.9913764
12132039069,desconocida,37.3995485,-5.9929119
12132039070,desconocida,37.3996168,-5.9929169
12132039071,desconocida,37.3996748,-5.992928
12146711434,Ficus,37.3834427,-6.0050634
12146711444,Ficus,37.3834158,-6.0051016
12146711445,Ficus,37.3835126,-6.0052534
12146711460,Ficus,37.3834941,-6.0051833
12146711466,Ficus,37.3834319,-6.0049834
12146711478,Ficus,37.3833924,-6.0049985
12146711479,Ficus,37.3833647,-6.0050399
12146711480,Ficus,37.383319,-6.004858
12146711481,Ficus,37.3830834,-6.0048634
12146711482,Ficus,37.3832584,-6.0047236
12149823948,broadleaved,37.3874665,-5.9795388
12149823949,broadleaved,37.3876318,-5.9795006
12149865563,broadleaved,37.387275,-5.9789499
12149865565,broadleaved,37.3871381,-5.9784697
12168215595,Citrus × aurantium,37.3871455,-5.981125
12168215596,Citrus × aurantium,37.3870834,-5.9811323
12168215597,Citrus × aurantium,37.3870125,-5.9811523
12168215598,Citrus × aurantium,37.3871951,-5.9811157
12168215599,broadleaved,37.3870181,-5.9810558
12168215600,broadleaved,37.3870008,-5.9809886
12168266501,broadleaved,37.3869902,-5.9809052
12174375695,Citrus × aurantium,37.3866945,-5.9811764
12174375696,Citrus × aurantium,37.3866471,-5.9811827
12174375697,Citrus × aurantium,37.3865887,-5.98119
12174375698,Citrus × aurantium,37.3865366,-5.9812015
12174375699,Citrus × aurantium,37.3864749,-5.98121
12174375700,Citrus × aurantium,37.3864214,-5.9812137
12174391701,Citrus × aurantium,37.3863756,-5.981221
12174391702,Citrus × aurantium,37.3863182,-5.9812282
12174391703,Citrus × aurantium,37.3862676,-5.9812313
12261068592,broadleaved,37.3785667,-6.0123708
12261068593,broadleaved,37.3785189,-6.0124188
12261068594,broadleaved,37.3784623,-6.0124801
12261076909,broadleaved,37.3786545,-6.0122773
12287467923,Citrus aurantium,37.3781411,-6.0099932
12287467924,Citrus aurantium,37.3784234,-6.0102266
12287467925,Citrus aurantium,37.3783085,-6.0101746
12287467926,Citrus aurantium,37.3783004,-6.010035
12287467927,Citrus aurantium,37.3784375,-6.0103649
12287467928,Citrus aurantium,37.3785404,-6.0104093
12287467929,Citrus aurantium,37.3785545,-6.010554
12287467930,Citrus aurantium,37.3787037,-6.0106555
12287467931,Jacaranda mimosifolia,37.3786553,-6.0107138
12287467932,Jacaranda mimosifolia,37.3786109,-6.0106377
12287890690,Fraxinus excelsior,37.3786426,-6.0110465
12287890691,Fraxinus excelsior,37.3786799,-6.0110033
12287890692,Fraxinus excelsior,37.3787164,-6.0109609
12287890693,Fraxinus excelsior,37.3787735,-6.0109074
12287890694,Fraxinus excelsior,37.3788191,-6.0108559
12287890695,Fraxinus excelsior,37.3788648,-6.0108072
12287890696,Fraxinus excelsior,37.378905,-6.0107605
12287890697,Fraxinus excelsior,37.3789422,-6.0107131
12327045021,broadleaved,37.3852788,-5.9839561
12327045022,broadleaved,37.3853647,-5.9839202
12327045023,broadleaved,37.3854485,-5.9838833
12327045024,broadleaved,37.3855339,-5.9838465
12327045025,broadleaved,37.3856182,-5.9838096
12327045026,broadleaved,37.3857036,-5.9837722
12327045027,broadleaved,37.3857895,-5.9837353
12327045028,broadleaved,37.3858735,-5.9836993
12384600222,desconocida,37.3984935,-5.9922925
12384600223,desconocida,37.3984587,-5.9922488
12384600224,desconocida,37.3993146,-5.992135
12384600225,desconocida,37.3995738,-5.9921126
12384600226,desconocida,37.3995479,-5.9921238
12384600227,desconocida,37.3994559,-5.9921421
12384600228,desconocida,37.3994115,-5.9921543
12384600229,desconocida,37.3993654,-5.9921604
12384600230,desconocida,37.3990086,-5.9917162
12384600231,desconocida,37.3989577,-5.9917101
12384600232,desconocida,37.398902,-5.991701
12384600233,desconocida,37.3994543,-5.9929033
12384600234,desconocida,37.3994107,-5.9928861
12384600235,desconocida,37.3993663,-5.992885
12384600236,desconocida,37.3993235,-5.9928739
12384600237,desconocida,37.3992831,-5.9928627
12384600238,desconocida,37.3992435,-5.9928535
12384600239,desconocida,37.3995269,-5.9894375
12505223599,broadleaved,37.3887354,-6.0079198
12674451102,desconocida,37.4196522,-5.9677837
12688936036,Celtis australis,37.4182526,-5.9926587
12704738211,desconocida,37.3905147,-6.0103271
12704738212,desconocida,37.39043,-6.0102468
12704738213,desconocida,37.3905454,-6.0102621
12704738214,desconocida,37.3902983,-6.0103861
12704738215,desconocida,37.3903702,-6.0104044
12704738216,desconocida,37.3904849,-6.0101147
12704738217,desconocida,37.3905777,-6.0098962
12704738218,desconocida,37.3905454,-6.0098433
12704738219,desconocida,37.3904073,-6.009823
12704738220,desconocida,37.3903629,-6.0098718
12704738221,desconocida,37.3904114,-6.0098952
12704738222,desconocida,37.3903759,-6.009944
12704738223,desconocida,37.3904542,-6.0096197
12704738224,desconocida,37.3905325,-6.0096218
12704738225,desconocida,37.3904477,-6.0093291
12704738226,desconocida,37.3904469,-6.0092691
12704738227,desconocida,37.3904469,-6.0091878
12704738228,desconocida,37.3904453,-6.0091319
12704738229,desconocida,37.3904429,-6.0090658
12704738230,desconocida,37.3904421,-6.0089998
12704738231,desconocida,37.3904292,-6.0089388
12704738232,desconocida,37.3903331,-6.0089479
12704738233,desconocida,37.3902959,-6.0093494
12704738234,desconocida,37.390287,-6.0094266
12704738235,desconocida,37.3902798,-6.009514
12704738236,desconocida,37.3902701,-6.0095872
12704738237,desconocida,37.390266,-6.0096614
12704738238,desconocida,37.390258,-6.0097498
12704738239,desconocida,37.3902499,-6.0098261
12704738240,desconocida,37.3902386,-6.0098972
12704738241,desconocida,37.390199,-6.0102845
12704738242,desconocida,37.3901917,-6.0103678
12704738243,desconocida,37.3906344,-6.0102244
12704738244,desconocida,37.3909638,-6.0097231
12704738245,desconocida,37.3909862,-6.0098304
12704738246,desconocida,37.3913101,-6.0098059
12704738247,desconocida,37.3913432,-6.0098205
12704738248,desconocida,37.3913713,-6.0098344
12704738249,desconocida,37.3914068,-6.0098552
12704738250,desconocida,37.3907881,-6.0098675
12704738251,desconocida,37.390815,-6.0100231
12704738252,desconocida,37.3908291,-6.0101063
12704738253,desconocida,37.3908597,-6.0102765
12704738254,desconocida,37.3908793,-6.0103774
12704738255,desconocida,37.390905,-6.0105369
12704738256,desconocida,37.3909882,-6.0105969
12704738257,desconocida,37.3909686,-6.0104876
12704738258,desconocida,37.3909497,-6.0103936
12704738259,desconocida,37.3909301,-6.010278
12704738260,desconocida,37.3909142,-6.0101717
12704738261,desconocida,37.3908989,-6.0100755
12704738262,desconocida,37.3908781,-6.009973
12704738263,desconocida,37.391036,-6.0102865
12704738264,desconocida,37.3910451,-6.0103836
12704738265,desconocida,37.3910886,-6.0103374
12704738266,desconocida,37.3913701,-6.0106447
12704738267,desconocida,37.3914135,-6.0106116
12704738268,desconocida,37.391457,-6.0105731
12704738269,desconocida,37.3914858,-6.0105384
12706231152,desconocida,37.4037369,-6.000901
12706231153,desconocida,37.4037754,-6.0008925
12706231154,desconocida,37.4038054,-6.0008871
12706231155,desconocida,37.4038354,-6.0008794
12706231156,desconocida,37.4038299,-6.0008348
12706231157,desconocida,37.403822,-6.0007893
12706231158,desconocida,37.4038146,-6.0007462
12706231159,desconocida,37.403806,-6.0007007
12706231160,desconocida,37.4037975,-6.0006599
12706231161,desconocida,37.4034138,-6.0006584
12706231162,desconocida,37.4034083,-6.0006152
12706231163,desconocida,37.4034028,-6.0005821
12706231164,desconocida,37.4033967,-6.000549
12724499186,desconocida,37.4215397,-6.0026437
12724499187,desconocida,37.4215679,-6.0024425
12724499188,desconocida,37.4215679,-6.0023297
12724499189,desconocida,37.4215752,-6.0022392
12724499190,desconocida,37.4215413,-6.0021579
12724499191,desconocida,37.4215938,-6.0021122
12724499192,desconocida,37.4216317,-6.0021884
12724499193,desconocida,37.4216261,-6.0022463
12724499194,desconocida,37.4216672,-6.002289
12724499195,desconocida,37.4217237,-6.00235
12724499196,desconocida,37.4216317,-6.0023744
12724499197,desconocida,37.4218924,-6.0023419
12724499198,desconocida,37.4215946,-6.0027332
12724499199,desconocida,37.4215817,-6.0028368
12724499200,desconocida,37.4215349,-6.0028917
12724515601,desconocida,37.4215671,-6.0029934
12724515602,desconocida,37.4215663,-6.003095
12724515603,desconocida,37.421593,-6.0032098
12724515604,desconocida,37.4213049,-6.0034935
12724515605,desconocida,37.4213017,-6.003341
12724515606,desconocida,37.4212694,-6.0032953
12724515607,desconocida,37.4212888,-6.0032871
12724515608,desconocida,37.4211177,-6.003154
12724515609,desconocida,37.4211112,-6.0031154
12724515610,desconocida,37.4211072,-6.0030635
12724515611,desconocida,37.4210918,-6.0029893
12724515612,desconocida,37.4212605,-6.0028684
12724515613,desconocida,37.421246,-6.0027779
12724515614,desconocida,37.4212339,-6.0026712
12724515615,desconocida,37.421087,-6.0028216
12724515616,desconocida,37.4211056,-6.0027952
12724515617,desconocida,37.4211314,-6.0027708
12724515618,desconocida,37.4211152,-6.0026834
12724515619,desconocida,37.4211564,-6.0026519
12724515620,desconocida,37.4212315,-6.0025747
12724515621,desconocida,37.4213369,-6.0023001
12724515622,desconocida,37.4213332,-6.001878
12724515623,desconocida,37.4213038,-6.0017316
12724515624,desconocida,37.4212732,-6.0015375
12724515625,desconocida,37.4207444,-6.0014076
12724515626,desconocida,37.4198927,-6.0016518
12724515627,desconocida,37.4196225,-6.0017805
12724515628,desconocida,37.4195886,-6.0019167
12724515629,desconocida,37.4195676,-6.0020122
12724515630,desconocida,37.4195483,-6.0021179
12724515631,desconocida,37.4194763,-6.0026452
12724515632,desconocida,37.4195499,-6.0027542
12724515633,desconocida,37.4195999,-6.0027461
12724515634,desconocida,37.4195773,-6.0026546
12724515635,desconocida,37.4195353,-6.0026058
12724515636,desconocida,37.4197452,-6.0030977
12724515637,desconocida,37.4198405,-6.0032929
12724515638,desconocida,37.4198744,-6.0034006
12724515639,desconocida,37.4198986,-6.0034636
12724515640,desconocida,37.4199325,-6.0035266
12724515641,desconocida,37.4199858,-6.0036222
12724515642,desconocida,37.4202182,-6.0035896
12724515643,desconocida,37.4201917,-6.0039727
12724515644,desconocida,37.4202177,-6.0041081
12724515645,desconocida,37.4202511,-6.0042973
12724515646,desconocida,37.420265,-6.0043556
12724515647,desconocida,37.4201852,-6.0031975
12724515648,desconocida,37.4201945,-6.0032559
12724515649,desconocida,37.4202056,-6.0033201
12724515650,desconocida,37.4202121,-6.0033621
12724515651,desconocida,37.4202279,-6.0034111
12724515652,desconocida,37.4203132,-6.0033726
12724515653,desconocida,37.4200916,-6.0030562
12724515654,desconocida,37.4210086,-6.0031835
12724515655,desconocida,37.4209465,-6.0031963
12724515656,desconocida,37.4208899,-6.0032173
12724515657,desconocida,37.4208232,-6.0032349
12724515658,desconocida,37.4207684,-6.0032465
12724515659,desconocida,37.4205774,-6.0032979
12724515660,desconocida,37.4205162,-6.0033131
12724515661,desconocida,37.4204652,-6.0033353
12724515662,desconocida,37.4203901,-6.0033493
12727036007,desconocida,37.4093259,-5.9173582
12727036008,desconocida,37.409299,-5.9172613
12727036009,desconocida,37.4092619,-5.9171843
12727036010,desconocida,37.4092573,-5.9171154
12727036011,desconocida,37.4092906,-5.916994
12727036012,desconocida,37.4093556,-5.9169753
12727036013,desconocida,37.4094047,-5.9169274
12727036014,desconocida,37.4094381,-5.9168667
12727036015,desconocida,37.409491,-5.916841
12727036016,desconocida,37.4096078,-5.9167803
12727036017,desconocida,37.4096551,-5.9167757
12727036018,desconocida,37.4095141,-5.9169158
12727036019,desconocida,37.4095716,-5.9169554
12727036020,desconocida,37.4096254,-5.9168761
12727036021,desconocida,37.4096838,-5.9170057
12727036022,desconocida,37.4096987,-5.9169193
12727036023,desconocida,37.40972,-5.9168153
12727036024,desconocida,37.4097655,-5.9167184
12727036025,desconocida,37.4097024,-5.9167558
12727036026,desconocida,37.4098063,-5.9167488
12727036027,desconocida,37.4097998,-5.9168457
12727036028,desconocida,37.4098434,-5.9167932
12727036029,desconocida,37.4098702,-5.9168901
12727036030,desconocida,37.4099018,-5.916757
12727036031,desconocida,37.409925,-5.9168364
12727036032,desconocida,37.4099472,-5.9169099
12727036033,desconocida,37.4099713,-5.9169835
12727036034,desconocida,37.4099379,-5.9170021
12727036035,desconocida,37.4098851,-5.917015
12727036036,desconocida,37.4098406,-5.9169718
12727036037,desconocida,37.4098174,-5.9170687
12727036038,desconocida,37.40972,-5.9171271
12727036039,desconocida,37.4096412,-5.9170991
12727036040,desconocida,37.4095911,-5.9171621
12727036041,desconocida,37.4096273,-5.9172041
12727036042,desconocida,37.4096013,-5.9172205
12727036043,desconocida,37.4095234,-5.9172637
12727036044,desconocida,37.409465,-5.917301
12727036045,desconocida,37.4093982,-5.9173267
12727036046,desconocida,37.4094576,-5.9173431
12727036047,desconocida,37.4095169,-5.9173092
12727036048,desconocida,37.4096143,-5.9172625
12727036049,desconocida,37.4096588,-5.9172368
12727036050,desconocida,37.40972,-5.9171983
12727036051,desconocida,37.4098128,-5.9171609
12727036052,desconocida,37.4098554,-5.9171364
12727036053,desconocida,37.4098879,-5.9171119
12729323008,palm,37.3756642,-5.9770741
12730787487,desconocida,37.4217619,-6.0040252
12730787488,desconocida,37.4217745,-6.0041297
12730787489,desconocida,37.4217872,-6.0041845
12730787490,desconocida,37.4218518,-6.004112
12730787491,desconocida,37.4218589,-6.0039987
12730787492,desconocida,37.4219741,-6.0041633
12730787493,desconocida,37.4219376,-6.0043048
12730787494,desconocida,37.4220683,-6.0041049
12730787495,desconocida,37.4221259,-6.0040199
12730787496,desconocida,37.4222201,-6.0038447
12730787497,desconocida,37.4222959,-6.0036766
12730787498,desconocida,37.4223508,-6.0037067
12730787499,desconocida,37.4223634,-6.0036359
12730787500,desconocida,37.4223255,-6.0034838
12730787501,desconocida,37.4222285,-6.0038801
12730787502,desconocida,37.4222819,-6.0037669
12730787503,desconocida,37.4223198,-6.0035811
12730787504,desconocida,37.4223297,-6.0032325
12730787505,desconocida,37.4221568,-6.0032254
12730787506,desconocida,37.4219783,-6.0032732
12730787507,desconocida,37.4218912,-6.0033068
12730787508,desconocida,37.4216846,-6.0033209
12730787509,desconocida,37.4216551,-6.0033811
12730787510,desconocida,37.4216635,-6.0032095
12730787511,desconocida,37.421783,-6.0031546
12730787512,desconocida,37.4218364,-6.0032077
12730787513,desconocida,37.4218223,-6.0031051
12730787514,desconocida,37.4218814,-6.0030927
12730787515,desconocida,37.4219348,-6.0031599
12730787516,desconocida,37.4219643,-6.0030573
12730787517,desconocida,37.4220177,-6.0031281
12730787518,desconocida,37.4219291,-6.00276
12730787519,desconocida,37.4218069,-6.0024609
12730787520,desconocida,37.4219783,-6.0026255
12730787521,desconocida,37.4220739,-6.0027264
12730787522,desconocida,37.4221624,-6.0028272
12730787523,desconocida,37.4222327,-6.0028202
12730787524,desconocida,37.4222299,-6.0030626
12730787525,desconocida,37.4222678,-6.0029458
12730787526,desconocida,37.4226346,-6.0035262
12730787527,desconocida,37.4225363,-6.0035333
12730787528,desconocida,37.422889,-6.0030962
12730787529,desconocida,37.4229129,-6.0030219
12730787530,desconocida,37.4214766,-6.0014965
12730787531,desconocida,37.4211826,-6.0012445
12730787532,desconocida,37.4212625,-6.0012941
12730787533,desconocida,37.4195317,-6.0026701
12730787536,desconocida,37.4201285,-6.004402
12730787537,desconocida,37.4201836,-6.004439
12730787549,desconocida,37.4201306,-6.0033102
12730787550,desconocida,37.4201899,-6.0030265
12730787551,desconocida,37.4202131,-6.0029926
12730787552,desconocida,37.4202159,-6.0029588
12730787553,desconocida,37.4200134,-6.0031216
12730787554,desconocida,37.4199909,-6.0030977
12730787555,desconocida,37.4199572,-6.0030712
12730787556,desconocida,37.4199853,-6.0030429
12730787557,desconocida,37.4199438,-6.0029783
12730787558,desconocida,37.4199579,-6.00295
12730787559,desconocida,37.419974,-6.0029137
12730787560,desconocida,37.4199804,-6.0028889
12730787586,desconocida,37.4215673,-6.0014302
12730787611,desconocida,37.4222158,-6.0026415
12730787612,desconocida,37.4222867,-6.0027044
12730787613,desconocida,37.4223535,-6.0027619
12730787614,desconocida,37.4223479,-6.0026955
12730787654,desconocida,37.425232,-5.9975844
12730787655,desconocida,37.4251965,-5.9976168
12730787656,desconocida,37.4250962,-5.9976815
12730787657,desconocida,37.4250558,-5.9977323
12730787658,desconocida,37.4253971,-5.9976183
12730787659,desconocida,37.4253286,-5.9976183
12730787660,desconocida,37.4254644,-5.9978679
12730787661,desconocida,37.425484,-5.9977
12730787662,desconocida,37.4254314,-5.9977185
12730787663,desconocida,37.4254706,-5.9977724
12730787664,desconocida,37.4255599,-5.9978171
12730787665,desconocida,37.4255317,-5.9978725
12730787666,desconocida,37.4255391,-5.9977031
12730787667,desconocida,37.4255378,-5.9977739
12730787668,desconocida,37.4255244,-5.9979218
12730787669,desconocida,37.4255525,-5.9979449
12730787670,desconocida,37.4255733,-5.9980081
12730787671,desconocida,37.4256002,-5.997851
12730787672,desconocida,37.4256577,-5.9978741
12730787673,desconocida,37.4256394,-5.9979603
12730787674,desconocida,37.4255843,-5.9981159
12730787675,desconocida,37.4256198,-5.9981698
12730787676,desconocida,37.4255672,-5.9982284
12730787677,desconocida,37.4255293,-5.9983747
12730787678,desconocida,37.4254779,-5.9985118
12730787679,desconocida,37.4249805,-5.9975912
12730787680,desconocida,37.424907,-5.9973594
12730787681,desconocida,37.425037,-5.9972791
12730787682,desconocida,37.4250846,-5.997396
12730787683,desconocida,37.4250886,-5.9974692
12730787684,desconocida,37.4250507,-5.9974844
12730787685,desconocida,37.4250684,-5.9975241
12730787686,desconocida,37.4247537,-5.9975729
12730787687,desconocida,37.424727,-5.9976196
12730787688,desconocida,37.4252799,-5.9990568
12730787689,desconocida,37.4252452,-5.9991015
12730787690,desconocida,37.4252089,-5.9991198
12730787691,desconocida,37.4250324,-5.9991627
12730787692,desconocida,37.4250836,-5.9993907
12730787693,desconocida,37.4251538,-5.9994202
12730787694,desconocida,37.4251315,-5.9994927
12730787695,desconocida,37.4250729,-5.9995181
12731927397,desconocida,37.4246677,-5.9991509
12731927398,desconocida,37.4243394,-5.998852
12731927399,desconocida,37.4242986,-5.9989384
12731927400,desconocida,37.4242152,-5.9990248
12731928201,desconocida,37.4242133,-5.9991299
12731928202,desconocida,37.4241243,-5.9991509
12731928203,desconocida,37.4240817,-5.9992583
12731928204,desconocida,37.4239222,-5.9994334
12731928205,desconocida,37.4244767,-5.9996459
12731928206,desconocida,37.4245879,-5.9996716
12731928207,desconocida,37.4245379,-5.9996552
12731928208,desconocida,37.4246195,-5.9996109
12731928209,desconocida,37.4246751,-5.9995595
12731928210,desconocida,37.4245953,-5.9995058
12731928211,desconocida,37.4245749,-5.9994451
12731928212,desconocida,37.4247455,-5.9995081
12731928213,desconocida,37.4248308,-5.9994358
12731928214,desconocida,37.4247697,-5.9993377
12731928215,desconocida,37.4247919,-5.999263
12731928216,desconocida,37.4245471,-5.999333
12731928217,desconocida,37.4244989,-5.9993797
12731928218,desconocida,37.4244544,-5.9993961
12731928219,desconocida,37.4243988,-5.9994241
12731928220,desconocida,37.4243413,-5.9994825
12731928221,desconocida,37.4242727,-5.9995151
12731928222,desconocida,37.4241967,-5.9995642
12731928223,desconocida,37.4241503,-5.9995922
12731928224,desconocida,37.4240873,-5.9996366
12731928225,desconocida,37.4240279,-5.9996622
12731928226,desconocida,37.4239778,-5.9997019
12731928227,desconocida,37.4238925,-5.9997346
12731928228,desconocida,37.4238369,-5.9997486
12731928229,desconocida,37.423772,-5.9997977
12731928230,desconocida,37.4237219,-5.9998467
12731928231,desconocida,37.4244748,-5.9987096
12731928232,desconocida,37.4243673,-5.9984924
12731928233,desconocida,37.4243339,-5.9985391
12731928234,desconocida,37.4242375,-5.997848
12731928235,desconocida,37.4242115,-5.9979017
12731928236,desconocida,37.4241763,-5.9976705
12731928237,desconocida,37.4239778,-5.9976145
12731928238,desconocida,37.4240335,-5.9975934
12731928239,desconocida,37.4240873,-5.9975794
12731928240,desconocida,37.4243153,-5.9974954
12731928241,desconocida,37.4244544,-5.997458
12731928242,desconocida,37.4237683,-5.9976565
12731928243,desconocida,37.42367,-5.9976915
12731928244,desconocida,37.4235958,-5.9977079
12731928245,desconocida,37.4232658,-5.9978713
12731928246,desconocida,37.4233585,-5.9977709
12731928247,desconocida,37.4233325,-5.9978339
12731928248,desconocida,37.4233121,-5.9977896
12731928249,desconocida,37.4230043,-5.9979133
12731928250,desconocida,37.4231712,-5.997904
12731928251,desconocida,37.4227484,-5.9980628
12731928252,desconocida,37.4227206,-5.9980114
12731928253,desconocida,37.4225722,-5.9984177
12731928254,desconocida,37.4222866,-5.9995852
12731928255,desconocida,37.4222458,-5.9996552
12731928256,desconocida,37.4222217,-5.9992793
12731928257,desconocida,37.4222718,-5.9992466
12731928258,desconocida,37.4222625,-5.9991812
12731928259,desconocida,37.4223293,-5.9990551
12731928260,desconocida,37.4223719,-5.9990271
12731928261,desconocida,37.4224702,-5.998915
12731928262,desconocida,37.4225222,-5.9989734
12731928263,desconocida,37.4218694,-6.0012244
12731928264,desconocida,37.4219399,-6.001138
12731928265,desconocida,37.4219714,-6.0011029
12731928266,desconocida,37.422014,-6.0010539
12731928267,desconocida,37.4221031,-6.0008694
12731928268,desconocida,37.4222458,-6.0006593
12731928269,desconocida,37.4224053,-6.0005495
12731928270,desconocida,37.4224832,-6.0004398
12731928271,desconocida,37.4222032,-6.0006967
12731928272,desconocida,37.4224573,-6.0001923
12731928273,desconocida,37.4225555,-5.9999775
12731928274,desconocida,37.4225759,-5.9999401
12731928275,desconocida,37.422728,-6.0000615
12731928276,desconocida,37.4227558,-6.0000242
12731928277,desconocida,37.4227929,-5.9999845
12731928278,desconocida,37.42283,-5.9999448
12731928279,desconocida,37.4229134,-5.9998327
12731928280,desconocida,37.4228912,-5.9998631
12731928281,desconocida,37.4228597,-5.9999004
12731928282,desconocida,37.4230062,-5.999716
12731928283,desconocida,37.4230507,-5.9996763
12731928284,desconocida,37.4230989,-5.9996412
12731928285,desconocida,37.4231397,-5.9996155
12731928286,desconocida,37.4231823,-5.9996039
12731928287,desconocida,37.4232287,-5.9995945
12731928288,desconocida,37.4231452,-5.9993634
12731928289,desconocida,37.4231953,-5.9994124
12731928290,desconocida,37.4233381,-5.9994381
12731928291,desconocida,37.4232342,-5.9993097
12731928292,desconocida,37.4233381,-5.9992957
12731928293,desconocida,37.4233084,-5.9991859
12731928294,desconocida,37.4233826,-5.9991719
12731928295,desconocida,37.4234772,-5.9999378
12731928296,desconocida,37.4232775,-6.0009194
12731928297,desconocida,37.4242995,-6.0009408
12731928298,desconocida,37.4244007,-6.0010574
12731928299,desconocida,37.42439,-6.0011245
12731928300,desconocida,37.4243719,-6.0009917
12731928301,desconocida,37.4244944,-6.0006725
12731928302,desconocida,37.4245199,-6.0006994
12731928303,desconocida,37.4245519,-6.0005585
12731928304,desconocida,37.42457,-6.0003627
12731928305,desconocida,37.4245956,-6.0003078
12731928306,desconocida,37.4245104,-5.9999993
12731928307,desconocida,37.4245977,-6.0000194
12731928308,desconocida,37.4246307,-5.9999899
12731928309,desconocida,37.4246573,-5.9999644
12731928310,desconocida,37.4247553,-5.9998759
12731928311,desconocida,37.4247969,-5.9997619
12731928312,desconocida,37.4248299,-5.9998478
12731928313,desconocida,37.4248395,-5.9997968
12731928314,desconocida,37.4248554,-5.9998518
12731928315,desconocida,37.424881,-5.9998799
12731928316,desconocida,37.4248725,-5.9998183
12731928317,desconocida,37.4249012,-5.999833
12731928318,desconocida,37.4249066,-5.9998089
12731928319,desconocida,37.424898,-5.999782
12731928320,desconocida,37.4249129,-5.9997552
12731928321,desconocida,37.4250162,-5.9996412
12732068269,desconocida,37.4107187,-5.9163234
12732068270,desconocida,37.4107752,-5.9164759
12732068271,desconocida,37.4107994,-5.9165531
12732068272,desconocida,37.4108253,-5.9166385
12732068273,desconocida,37.4108495,-5.9167056
12732068274,desconocida,37.4108995,-5.9168784
12732068275,desconocida,37.4109318,-5.9169495
12732068276,desconocida,37.4109593,-5.9170451
12732068277,desconocida,37.4109819,-5.9171386
12732068278,desconocida,37.4108676,-5.917196
12732068279,desconocida,37.4107452,-5.9172579
12732068280,desconocida,37.4106478,-5.9173081
12732068281,desconocida,37.4105773,-5.9173595
12732068282,desconocida,37.410505,-5.9173863
12732068283,desconocida,37.4104216,-5.9174307
12732068284,desconocida,37.4103464,-5.9174785
12732068285,desconocida,37.4102658,-5.9175276
12732068286,desconocida,37.4100089,-5.9165749
12732068287,desconocida,37.4100478,-5.9165585
12732068288,desconocida,37.4101016,-5.9165224
12732068289,desconocida,37.4101443,-5.9164908
12732068290,desconocida,37.4102008,-5.9164663
12732068291,desconocida,37.4102416,-5.9164453
12732068292,desconocida,37.4103539,-5.9163916
12732068293,desconocida,37.4104049,-5.9163636
12732068294,desconocida,37.4104531,-5.9163332
12732068295,desconocida,37.4104957,-5.9163157
12732068296,desconocida,37.4105588,-5.9162725
12732068297,desconocida,37.4106117,-5.916248
12732068298,desconocida,37.4102518,-5.9174657
12732068299,desconocida,37.410328,-5.9174315
12732068300,desconocida,37.41041,-5.9173886
12732086801,desconocida,37.4104941,-5.9173457
12732086802,desconocida,37.410557,-5.9173202
12732086803,desconocida,37.4106358,-5.9172733
12732086804,desconocida,37.4107285,-5.9172196
12732086805,desconocida,37.4108531,-5.9171539
12732086806,desconocida,37.410186,-5.917362
12732086807,desconocida,37.4101777,-5.9173235
12732086808,desconocida,37.4101582,-5.9172686
12732086809,desconocida,37.4101369,-5.9172044
12732086810,desconocida,37.4101146,-5.9171367
12732086811,desconocida,37.4100905,-5.9170678
12732086812,desconocida,37.4100655,-5.9169989
12732086813,desconocida,37.4100525,-5.9169569
12732086814,desconocida,37.4100256,-5.916874
12732086815,desconocida,37.409995,-5.9167981
12732086816,desconocida,37.4099876,-5.9167654
12732086817,desconocida,37.4099709,-5.9167152
12732087826,desconocida,37.4104625,-5.9184059
12732087827,desconocida,37.410447,-5.9183546
12732087828,desconocida,37.4104147,-5.918275
12732087829,desconocida,37.4103978,-5.9182219
12732087830,desconocida,37.4103767,-5.9181635
12732087831,desconocida,37.4103627,-5.9180998
12732087832,desconocida,37.410336,-5.9180325
12732087833,desconocida,37.4103121,-5.9179706
12732087834,desconocida,37.410298,-5.9179157
12732087835,desconocida,37.4102755,-5.9178573
12732087836,desconocida,37.4102544,-5.9177883
12732087837,desconocida,37.4102362,-5.917737
12732087838,desconocida,37.4102151,-5.9176715
12732087839,desconocida,37.4101954,-5.9176202
12732087840,desconocida,37.4101729,-5.9175512
12732087841,desconocida,37.4101504,-5.917491
12732087842,desconocida,37.4101308,-5.9174202
12732087843,desconocida,37.4101083,-5.9173654
12732087844,desconocida,37.4100858,-5.9172964
12732087845,desconocida,37.4100661,-5.9172433
12732087846,desconocida,37.4099902,-5.9172044
12732087847,desconocida,37.4099396,-5.917222
12732087848,desconocida,37.4098918,-5.9172451
12732087849,desconocida,37.4098412,-5.9172787
12732087850,desconocida,37.4097948,-5.9173052
12778387376,desconocida,37.3972416,-5.975382
12778387377,desconocida,37.3972593,-5.975319
12778387378,desconocida,37.3972806,-5.9752419
12778387379,desconocida,37.3973233,-5.975096
12778387380,desconocida,37.3973427,-5.9750365
12778387381,desconocida,37.3973548,-5.9749828
12778387382,desconocida,37.3973196,-5.9749232
12778387383,desconocida,37.3972361,-5.9748894
12778387384,desconocida,37.3972092,-5.9748754
12778387385,desconocida,37.3971721,-5.9748567
12778387386,desconocida,37.3970923,-5.9748263
12778387387,desconocida,37.3970552,-5.97481
12778387388,desconocida,37.3970218,-5.9747913
12778387389,desconocida,37.3969671,-5.9747668
12778387390,desconocida,37.3968762,-5.9747271
12778387391,desconocida,37.3968131,-5.9746921
12778387392,desconocida,37.3967528,-5.9746932
12778387393,desconocida,37.3967464,-5.9747189
12778387394,desconocida,37.3967389,-5.9747796
12778387395,desconocida,37.3967055,-5.97488
12778387396,desconocida,37.3967102,-5.9750248
12778387397,desconocida,37.3967399,-5.9750516
12778387398,desconocida,37.3968261,-5.9751229
12778387399,desconocida,37.3968586,-5.9751462
12778387400,desconocida,37.3968975,-5.9751871
12778389401,desconocida,37.3969838,-5.9752525
12778389402,desconocida,37.3970348,-5.975298
12778389403,desconocida,37.3970719,-5.975333
12778389404,desconocida,37.3971303,-5.9753774
12778389405,desconocida,37.3971712,-5.9754147
12778389406,desconocida,37.3972973,-5.9749127
12804036896,desconocida,37.3957477,-5.914227
12804036897,desconocida,37.3956883,-5.9142352
12804036898,desconocida,37.3956558,-5.9142527
12804036899,desconocida,37.3956883,-5.9141184
12804036900,desconocida,37.3957171,-5.9141336
12804036901,desconocida,37.3957486,-5.9141604
12804036902,desconocida,37.3957402,-5.9141908
12804036926,desconocida,37.3955689,-5.9137117
12804036927,desconocida,37.3956363,-5.9137425
12804036928,desconocida,37.3956852,-5.9137902
12804036929,desconocida,37.3957758,-5.9138657
12804036930,desconocida,37.3958639,-5.9139243
12804036931,desconocida,37.3959349,-5.9139705
12804036932,desconocida,37.3960279,-5.9139674
12804036933,desconocida,37.396034,-5.9138288
12804036934,desconocida,37.3960793,-5.9137563
12804036935,desconocida,37.3960475,-5.9136531
12804036936,desconocida,37.395602,-5.9133574
12804036937,desconocida,37.3956889,-5.913268
12804036938,desconocida,37.395799,-5.9134005
12804036939,desconocida,37.3958872,-5.9133712
12804036940,desconocida,37.3959508,-5.9134575
12804036941,desconocida,37.395848,-5.913268
12804036942,desconocida,37.3959337,-5.9132511
12804036943,desconocida,37.396116,-5.9133851
12804036944,desconocida,37.3961478,-5.9134313
12804036945,desconocida,37.3961136,-5.9135083
12804036946,desconocida,37.3960463,-5.913476
12804036947,desconocida,37.3960487,-5.9133897
12804036948,desconocida,37.3961711,-5.9135545
12804036949,desconocida,37.3960695,-5.9128798
12804037005,desconocida,37.3962125,-5.9131124
12804037006,desconocida,37.3961709,-5.9127627
12804037007,desconocida,37.396445,-5.9126919
12804037008,desconocida,37.3964267,-5.9126256
12804037120,desconocida,37.3963261,-5.9138183
12804037121,desconocida,37.3963552,-5.913741
12804037122,desconocida,37.3962325,-5.9137369
12804037123,desconocida,37.3961905,-5.9138447
12804037124,desconocida,37.3963762,-5.9139727
12804037125,desconocida,37.3964263,-5.9140215
12804037126,desconocida,37.3965538,-5.913991
12804037127,desconocida,37.3964682,-5.9139301
12804037128,desconocida,37.3961808,-5.914111
12804037129,desconocida,37.3962777,-5.9141638
12804037130,desconocida,37.3961969,-5.9142146
12804037131,desconocida,37.3961356,-5.9143163
12804037132,desconocida,37.396113,-5.9143976
12804037133,desconocida,37.3960435,-5.9143041
12804037134,desconocida,37.3960564,-5.9141943
12804037135,desconocida,37.395966,-5.9144972
12804037136,desconocida,37.3961033,-5.9145338
12804037137,desconocida,37.3961614,-5.9146395
12804037138,desconocida,37.3959272,-5.9145988
12804037139,desconocida,37.3960306,-5.9146212
12804037140,desconocida,37.3959289,-5.9146923
12804037141,desconocida,37.3959192,-5.9147797
12804037142,desconocida,37.3958223,-5.9146395
12804037143,desconocida,37.3958659,-5.9145683
12804037144,desconocida,37.395833,-5.9148326
12804037145,desconocida,37.3959174,-5.9149805
12804037146,desconocida,37.3959774,-5.915039
12804037147,desconocida,37.3959725,-5.9151638
12804037148,desconocida,37.3959015,-5.9152177
12804037149,desconocida,37.395844,-5.9150575
12804037150,desconocida,37.3958159,-5.9149451
12804037151,desconocida,37.3959725,-5.9142441
12804037152,desconocida,37.3959138,-5.9153194
12804037153,desconocida,37.395937,-5.9153749
12804037154,desconocida,37.3960386,-5.9154026
12804037155,desconocida,37.3960264,-5.9152639
12804037156,desconocida,37.3960141,-5.91578
12804037157,desconocida,37.3960582,-5.9158124
12804037158,desconocida,37.3960251,-5.9158386
12804037159,desconocida,37.3960276,-5.9159187
12804037160,desconocida,37.3960472,-5.916028
12804037161,desconocida,37.3961145,-5.915971
12804037162,desconocida,37.3961561,-5.9158971
12804037163,desconocida,37.3961402,-5.9157646
12804037164,desconocida,37.3960423,-5.9160681
12804037165,desconocida,37.3962381,-5.9158786
12804037166,desconocida,37.3962895,-5.916008
12804037167,desconocida,37.396358,-5.9160388
12804037168,desconocida,37.3963189,-5.916082
12804037169,desconocida,37.3963433,-5.916236
12804037170,desconocida,37.3962467,-5.9162822
12804037171,desconocida,37.3961891,-5.9163023
12804037172,desconocida,37.3962503,-5.9156799
12804037173,desconocida,37.3961059,-5.9155043
12804037174,desconocida,37.3961549,-5.9155443
12804037175,desconocida,37.3962234,-5.9155582
12804037176,desconocida,37.3962724,-5.915552
12804037177,desconocida,37.3963568,-5.9156121
12804037178,desconocida,37.3963348,-5.9155351
12804037179,desconocida,37.3964682,-5.9155104
12804037180,desconocida,37.3965245,-5.9154303
12804037181,desconocida,37.3964253,-5.9155643
12804037182,desconocida,37.3965171,-5.9155628
12804037183,desconocida,37.3965808,-5.9155967
12804037184,desconocida,37.3966395,-5.9157877
12804037185,desconocida,37.3967179,-5.9157369
12804037186,desconocida,37.3966016,-5.9152593
12804037187,desconocida,37.3966334,-5.9154719
12804037188,desconocida,37.3966616,-5.9155258
12804037189,desconocida,37.3967166,-5.9154349
12804037190,desconocida,37.3967986,-5.9154827
12804037191,desconocida,37.3968353,-5.9156522
12804037192,desconocida,37.3968231,-5.9157338
12804037196,desconocida,37.3963187,-5.9134309
12804037197,desconocida,37.3964068,-5.9135372
12804037198,desconocida,37.3964582,-5.9135819
12804037199,desconocida,37.3965512,-5.9133985
12804037200,desconocida,37.3966405,-5.9134941
12804037201,desconocida,37.3965904,-5.9134155
12804037202,desconocida,37.3966234,-5.9133539
12804037203,desconocida,37.3966467,-5.9134078
12804037204,desconocida,37.3967054,-5.9133569
12804037205,desconocida,37.3966773,-5.9133261
12804037206,desconocida,37.3967091,-5.9132999
12804037207,desconocida,37.3967385,-5.9131936
12804037208,desconocida,37.3967531,-5.9131474
12804037209,desconocida,37.3966748,-5.9138468
12804037210,desconocida,37.396594,-5.9133785
12804037211,desconocida,37.396572,-5.9147234
12804037212,desconocida,37.396676,-5.9147604
12804037213,desconocida,37.3967678,-5.9148451
12804037214,desconocida,37.3968351,-5.9146895
12804037215,desconocida,37.3967862,-5.914651
12804037216,desconocida,37.39684,-5.914862
12804037217,desconocida,37.3968829,-5.9148821
12804037218,desconocida,37.3969355,-5.9149221
12804037219,desconocida,37.396949,-5.9150115
12804037220,desconocida,37.3966968,-5.9150731
12804037221,desconocida,37.3967372,-5.9151208
12804037222,desconocida,37.3967421,-5.9151748
12804037223,desconocida,37.3967752,-5.9152441
12804037224,desconocida,37.3967837,-5.9151994
12804037225,desconocida,37.3968229,-5.9152117
12804037226,desconocida,37.3968241,-5.9152764
12804037227,desconocida,37.396867,-5.9152841
12804037228,desconocida,37.3969,-5.9153088
12804037229,desconocida,37.396922,-5.9152687
12804037230,desconocida,37.3969135,-5.9152225
12804037231,desconocida,37.3970212,-5.9153165
12804037242,desconocida,37.3968939,-5.9160729
12804037243,desconocida,37.3969857,-5.9158341
12804037244,desconocida,37.3970885,-5.9158649
12804037245,desconocida,37.3970738,-5.914785
12804037246,desconocida,37.3972855,-5.9148821
12804037247,desconocida,37.397277,-5.9148004
12804037248,desconocida,37.3972721,-5.9147157
12804037249,desconocida,37.3973443,-5.9147989
12804037250,desconocida,37.3974165,-5.9146448
12804037251,desconocida,37.3973761,-5.914594
12804037252,desconocida,37.3973296,-5.9144939
12804037253,desconocida,37.3972794,-5.9144137
12804037254,desconocida,37.3973443,-5.9144091
12804037255,desconocida,37.3973063,-5.9143552
12804037256,desconocida,37.397239,-5.9142782
12804037257,desconocida,37.3972035,-5.9142289
12804037258,desconocida,37.3970089,-5.9141796
12804037259,desconocida,37.3969184,-5.914081
12851749465,palm,37.4038309,-5.9885539
12851749466,palm,37.4038913,-5.988561
12851749467,palm,37.4036622,-5.9880566
12851749468,palm,37.4037114,-5.9880584
12851749469,palm,37.4037522,-5.9880584
12851749470,palm,37.4037943,-5.9880549
12851749471,palm,37.4038337,-5.9880566
12851749472,palm,37.4038731,-5.9880566
12851749473,palm,37.4037704,-5.9885486
12851749474,palm,37.4034218,-5.9888848
12851749475,palm,37.4034218,-5.9889892
12851749476,palm,37.4034612,-5.9889928
12851749477,palm,37.4037437,-5.9889928
12851749478,palm,37.4037887,-5.9889928
12851749479,palm,37.403703,-5.9889928
12851749480,palm,37.4036552,-5.9889928
12851749481,palm,37.4037957,-5.9882035
12851749482,palm,37.4034471,-5.9882336
12851749483,palm,37.4034513,-5.9881363
12851749484,palm,37.403478,-5.9880319
12908896190,desconocida,37.3569454,-5.9831836
12987170289,needleleaved,37.4007363,-5.9440257
12987170290,needleleaved,37.400814,-5.9439317
12987170291,broadleaved,37.4003453,-5.9444268
12987170292,broadleaved,37.4003712,-5.9444223
12987170293,broadleaved,37.4003796,-5.944393
13015487065,broadleaved,37.3841399,-5.9917565
13031294102,broadleaved,37.3929095,-5.9705708
13031294103,broadleaved,37.3928684,-5.9705168
13031294104,broadleaved,37.3928152,-5.9704538
13031294105,broadleaved,37.392711,-5.9703213
13031294106,broadleaved,37.3925698,-5.9701094
13031294107,broadleaved,37.3925054,-5.9700514
13031294108,broadleaved,37.3924329,-5.9699659
13031294109,broadleaved,37.3923836,-5.9699049
13031294110,broadleaved,37.3922869,-5.9697822
13031294111,broadleaved,37.3920789,-5.9695204
13031294112,broadleaved,37.3920176,-5.9694436
13031294113,broadleaved,37.3919554,-5.9691722
13031294114,broadleaved,37.39193,-5.9691847
13031294115,broadleaved,37.3919235,-5.9692111
13031294116,broadleaved,37.3919441,-5.9692438
13031294117,broadleaved,37.3919308,-5.9693393
13031294118,broadleaved,37.3919044,-5.969173
13031294119,broadleaved,37.3918578,-5.969231
13031294120,broadleaved,37.3917782,-5.9691392
13031294121,broadleaved,37.3916516,-5.9689856
13031294122,broadleaved,37.3916085,-5.9689306
13031294123,broadleaved,37.391287,-5.9685289
13031294124,broadleaved,37.3911437,-5.9683241
13031294125,broadleaved,37.3910928,-5.9682534
13031294126,broadleaved,37.3910155,-5.9681793
13031294127,broadleaved,37.3909236,-5.968076
13031294128,broadleaved,37.390694,-5.9677578
13031294129,broadleaved,37.3906535,-5.9676787
13031294130,broadleaved,37.390304,-5.9672267
13031294131,broadleaved,37.3902707,-5.9671808
13031294525,broadleaved,37.3896911,-5.966754
13031294526,Citrus × aurantium,37.3896415,-5.9672271
13031294527,Citrus × aurantium,37.3896848,-5.9669825
13031294528,Citrus × aurantium,37.3896751,-5.9671865
13031294529,Citrus × aurantium,37.3897065,-5.9671473
13031294530,Citrus × aurantium,37.3897669,-5.9670718
13031294531,Citrus × aurantium,37.3898299,-5.9669849
13031294532,Citrus × aurantium,37.3898008,-5.9670262
13031294533,Citrus × aurantium,37.3897245,-5.9669298
13031294534,Citrus × aurantium,37.3897553,-5.9668385
13063176580,broadleaved,37.3937218,-5.9520842
13063176581,broadleaved,37.3937133,-5.9519851
13063176582,broadleaved,37.3937847,-5.9519758
13063176583,broadleaved,37.3938303,-5.9519087
13063176584,broadleaved,37.3938913,-5.9518103
13063176585,broadleaved,37.3938358,-5.951823
13063176586,broadleaved,37.3940051,-5.9516599
13063176587,broadleaved,37.3939725,-5.951697
13063176588,broadleaved,37.3939449,-5.9516568
13063176589,broadleaved,37.3941324,-5.9514868
13063176590,broadleaved,37.3940698,-5.9515687
13063176591,broadleaved,37.3940108,-5.9515721
13063176592,broadleaved,37.3940695,-5.9514968
13063176593,broadleaved,37.3941338,-5.951414
13063176594,broadleaved,37.3942014,-5.9514095
13063176595,broadleaved,37.3942907,-5.9512972
13063176596,broadleaved,37.3942992,-5.9512156
13063176597,broadleaved,37.3943634,-5.9512198
13063176598,broadleaved,37.3943569,-5.9511372
13063176599,broadleaved,37.3944236,-5.9511361
13063176600,broadleaved,37.3944211,-5.9510508
13063208301,broadleaved,37.3944944,-5.9510522
13063208302,broadleaved,37.3944799,-5.9509751
13063208303,broadleaved,37.3945507,-5.9509864
13063208304,broadleaved,37.3945422,-5.9509018
13063208305,broadleaved,37.3946043,-5.9509004
13063208306,broadleaved,37.394604,-5.9508195
13063208307,broadleaved,37.3946756,-5.950823
13063208308,broadleaved,37.3946677,-5.9507387
13063208309,broadleaved,37.3947333,-5.9507418
13063208310,broadleaved,37.3947383,-5.9506526
13063208311,broadleaved,37.3948085,-5.9506557
13063208312,broadleaved,37.3947946,-5.9505701
13063208313,broadleaved,37.3948651,-5.9505711
13063208314,broadleaved,37.3948791,-5.9504988
13063208315,broadleaved,37.3949351,-5.9504888
13063208316,broadleaved,37.3949305,-5.9504169
13063208317,broadleaved,37.3949895,-5.9504166
13063208318,broadleaved,37.3949972,-5.9503385
13063208319,broadleaved,37.3950527,-5.9503274
13063208320,broadleaved,37.3950423,-5.9502538
13063208321,broadleaved,37.3951199,-5.9502576
13063208322,broadleaved,37.3951166,-5.9501802
13063208323,broadleaved,37.3951842,-5.9501822
13063208324,broadleaved,37.3951817,-5.9501051
13063208325,broadleaved,37.3952506,-5.9500167
13063208326,broadleaved,37.3953679,-5.9499389
13063208327,broadleaved,37.3953731,-5.9498581
13063208328,broadleaved,37.3954384,-5.949856
13063208329,broadleaved,37.3954275,-5.9497886
13063208330,broadleaved,37.3954975,-5.9497875
13063208331,broadleaved,37.3954857,-5.9497012
13063208332,broadleaved,37.3955527,-5.9497135
13063208333,broadleaved,37.3955461,-5.9496334
13063208334,broadleaved,37.3956055,-5.9496451
13063208335,broadleaved,37.3956981,-5.9495394
13063208336,broadleaved,37.3956932,-5.9494413
13063208337,broadleaved,37.3957577,-5.9494561
13063208338,broadleaved,37.3957498,-5.9493756
13063208339,broadleaved,37.395822,-5.9493794
13063208340,broadleaved,37.3958162,-5.9492858
13063208341,broadleaved,37.3958827,-5.9492837
13063208342,broadleaved,37.3958797,-5.9492036
13063208343,broadleaved,37.3959464,-5.9492146
13063208344,broadleaved,37.3959371,-5.9491303
13063208345,broadleaved,37.396003,-5.9490504
13063208346,broadleaved,37.3960142,-5.9491337
13063208347,broadleaved,37.3960926,-5.9490525
13063208348,broadleaved,37.396065,-5.9489816
13063208349,broadleaved,37.3961664,-5.9489376
13063208350,broadleaved,37.3962269,-5.948855
13063208351,broadleaved,37.3962736,-5.9487906
13063208352,broadleaved,37.3963195,-5.9487263
13063208353,broadleaved,37.3963775,-5.9486506
13063208354,broadleaved,37.3963775,-5.9485779
13063208355,broadleaved,37.3964513,-5.9485652
13063208356,broadleaved,37.3964524,-5.9484909
13063208357,broadleaved,37.3965134,-5.9484861
13063208358,broadleaved,37.3965167,-5.9484021
13063208359,broadleaved,37.3965771,-5.9484107
13063208360,broadleaved,37.3965697,-5.9483384
13063208361,broadleaved,37.3966375,-5.9483405
13063208362,broadleaved,37.3966397,-5.9482603
13063208363,broadleaved,37.3967061,-5.9482479
13063208364,broadleaved,37.3967031,-5.9481653
13063208365,broadleaved,37.3967731,-5.948166
13063208366,broadleaved,37.3967756,-5.9480927
13063208367,broadleaved,37.3968439,-5.9480979
13063208368,broadleaved,37.3968324,-5.9480126
13063208369,broadleaved,37.3968961,-5.9480263
13063208370,broadleaved,37.3968999,-5.9479396
13063208371,broadleaved,37.3969757,-5.9479609
13063208372,broadleaved,37.3970517,-5.9478491
13063208373,broadleaved,37.3971233,-5.9477675
13063208374,broadleaved,37.3971203,-5.9476887
13063208375,broadleaved,37.3971944,-5.9476881
13063208376,broadleaved,37.3971936,-5.9476086
13063208377,broadleaved,37.3973261,-5.9475477
13063208378,broadleaved,37.3973245,-5.9474675
13063208379,broadleaved,37.3973967,-5.9474754
13063208380,broadleaved,37.3973885,-5.9473873
13063208381,broadleaved,37.397462,-5.9473986
13063208382,broadleaved,37.3974632,-5.9473158
13063208383,broadleaved,37.3975304,-5.9473106
13063208384,broadleaved,37.3975416,-5.9472266
13063208385,broadleaved,37.3976042,-5.9472493
13063208386,broadleaved,37.3976066,-5.947164
13063208387,broadleaved,37.3976733,-5.9471753
13063208388,broadleaved,37.397672,-5.9470965
13063208389,broadleaved,37.3977357,-5.9471113
13063208390,broadleaved,37.3977351,-5.9470242
13063208391,broadleaved,37.3978048,-5.9470349
13063208392,broadleaved,37.3978073,-5.9469547
13063208393,broadleaved,37.3978765,-5.9468783
13063208394,broadleaved,37.3962739,-5.9492572
13063208395,broadleaved,37.3960579,-5.9495456
13063208396,broadleaved,37.3959729,-5.9496681
13063208397,broadleaved,37.3956298,-5.950121
13063208398,broadleaved,37.3956052,-5.9500866
13063208399,broadleaved,37.3955773,-5.9501316
13063208400,broadleaved,37.3955568,-5.9501547
13063208401,broadleaved,37.3955453,-5.9501664
13063208402,broadleaved,37.3955232,-5.950197
13063208403,broadleaved,37.3954969,-5.950227
13063208404,broadleaved,37.3954704,-5.9502603
13063208405,broadleaved,37.3954469,-5.9502937
13063208406,broadleaved,37.3954144,-5.9503326
13063208407,broadleaved,37.3953783,-5.9503753
13063208408,broadleaved,37.3953531,-5.9504028
13063208409,broadleaved,37.3953285,-5.9504348
13063208410,broadleaved,37.3953006,-5.9504703
13063208411,broadleaved,37.3952804,-5.9504974
13063208412,broadleaved,37.395249,-5.9505332
13063208413,broadleaved,37.3952219,-5.9505659
13063208414,broadleaved,37.3951929,-5.9505979
13063208415,broadleaved,37.3951596,-5.9506365
13063208416,broadleaved,37.3951371,-5.950664
13063208417,broadleaved,37.3951123,-5.9506915
13063208418,broadleaved,37.3950939,-5.950716
13063208419,broadleaved,37.3950639,-5.9507507
13063208420,broadleaved,37.3950371,-5.9507831
13063208421,broadleaved,37.3950226,-5.9508054
13063208422,broadleaved,37.3950054,-5.9508216
13063208423,broadleaved,37.3949892,-5.9508481
13063208424,broadleaved,37.394972,-5.9508677
13063208425,broadleaved,37.3949408,-5.9509066
13063208426,broadleaved,37.3949176,-5.9509348
13063208427,broadleaved,37.3948976,-5.9509579
13063208428,broadleaved,37.3948837,-5.9509734
13063208429,broadleaved,37.3948572,-5.951004
13063208430,broadleaved,37.394843,-5.9510267
13063208431,broadleaved,37.3948255,-5.9510449
13063208432,broadleaved,37.3948069,-5.9510721
13063208433,broadleaved,37.3947886,-5.9510855
13063208434,broadleaved,37.394767,-5.9511165
13063208435,broadleaved,37.3946781,-5.9511657
13063208436,broadleaved,37.3947426,-5.9511489
13063208437,broadleaved,37.394726,-5.9511661
13063208438,broadleaved,37.394712,-5.951184
13063208439,broadleaved,37.3946617,-5.9511977
13063208440,broadleaved,37.3946595,-5.9512456
13063208441,broadleaved,37.3946453,-5.951269
13063208442,broadleaved,37.3946193,-5.951302
13063208443,broadleaved,37.3946007,-5.9513189
13063208444,broadleaved,37.3945901,-5.951333
13063208445,broadleaved,37.3945701,-5.951356
13063208446,broadleaved,37.3945586,-5.9513756
13063208447,broadleaved,37.3939494,-5.9521074
13063208448,broadleaved,37.3939928,-5.9520348
13063208449,broadleaved,37.39404,-5.9519686
13063208450,broadleaved,37.3940843,-5.9518997
13063208451,broadleaved,37.3941368,-5.9518323
13063208452,broadleaved,37.3941876,-5.9517707
13063208453,broadleaved,37.3942374,-5.9517122
13063208454,broadleaved,37.3942902,-5.9516499
13063208455,broadleaved,37.3943454,-5.9515683
13063208456,broadleaved,37.3945376,-5.9513966
13063208457,broadleaved,37.3945122,-5.9514307
13063208458,broadleaved,37.3944632,-5.9514906
13063208459,broadleaved,37.3944837,-5.9514624
13063208460,broadleaved,37.3944933,-5.9515133
13063208461,broadleaved,37.3944616,-5.9515126
13063208462,broadleaved,37.3944463,-5.951493
13063208463,broadleaved,37.3943869,-5.9515016
13063208464,broadleaved,37.3944318,-5.9514856
13063208465,broadleaved,37.3944426,-5.9514703
13063208466,broadleaved,37.3944274,-5.9514462
13063208467,broadleaved,37.3944534,-5.9514541
13063208468,broadleaved,37.3944744,-5.9514248
13063208469,broadleaved,37.3944717,-5.9513863
13063208470,broadleaved,37.3944982,-5.9514008
13063208471,broadleaved,37.394513,-5.9513684
13063208472,broadleaved,37.394531,-5.9513564
13063208473,broadleaved,37.3945165,-5.9513323
13063208474,broadleaved,37.3945474,-5.9513264
13063208475,broadleaved,37.3945622,-5.9513099
13063208476,broadleaved,37.394577,-5.951291
13063208477,broadleaved,37.39456,-5.9512779
13063208478,broadleaved,37.3945928,-5.9512838
13063208479,broadleaved,37.3946084,-5.9512621
13063208480,broadleaved,37.3946439,-5.9512156
13063208481,broadleaved,37.3946327,-5.9512339
13063208482,broadleaved,37.3946046,-5.9512211
13063208483,broadleaved,37.3946505,-5.9511633
13063208484,broadleaved,37.3946612,-5.951186
13063208485,broadleaved,37.3946948,-5.9511544
13063208486,broadleaved,37.3946959,-5.9511131
13063208487,broadleaved,37.3947208,-5.9511206
13063208488,broadleaved,37.3947284,-5.9511
13063208489,broadleaved,37.3947435,-5.9510828
13063208490,broadleaved,37.3947407,-5.9510553
13063208491,broadleaved,37.3947672,-5.9510522
13063208492,broadleaved,37.3948132,-5.9510036
13063208493,broadleaved,37.3948033,-5.9510178
13063208494,broadleaved,37.3947839,-5.9509985
13063208495,broadleaved,37.3948293,-5.9509462
13063208496,broadleaved,37.3948755,-5.950888
13063208497,broadleaved,37.3949209,-5.9508336
13063208498,broadleaved,37.3949542,-5.9508343
13063208499,broadleaved,37.3949635,-5.9507769
13063208500,broadleaved,37.3950097,-5.9507222
13063208501,broadleaved,37.3950546,-5.9506661
13063208502,broadleaved,37.3950986,-5.9506096
13063208503,broadleaved,37.3951434,-5.9505566
13063208504,broadleaved,37.3951888,-5.9504995
13063208505,broadleaved,37.3952339,-5.9504431
13063208506,broadleaved,37.3952782,-5.9503873
13063208507,broadleaved,37.3953222,-5.9503323
13063208508,broadleaved,37.3953657,-5.9502734
13063208509,broadleaved,37.3954111,-5.9502177
13063208510,broadleaved,37.3954548,-5.9501609
13063208511,broadleaved,37.3954977,-5.9501021
13063208512,broadleaved,37.3955442,-5.950048
13063208513,broadleaved,37.395586,-5.9499943
13063208514,broadleaved,37.3956333,-5.9499396
13063208515,broadleaved,37.3956771,-5.9498818
13063208516,broadleaved,37.39572,-5.9498264
13063208517,broadleaved,37.3957662,-5.9497707
13063208518,broadleaved,37.3958097,-5.9497135
13063208519,broadleaved,37.3958542,-5.9496571
13063208520,broadleaved,37.3958983,-5.949602
13063208521,broadleaved,37.3959466,-5.9495456
13063208522,broadleaved,37.3959844,-5.9494923
13063208523,broadleaved,37.3960317,-5.9494341
13063208524,broadleaved,37.396077,-5.9493784
13063208525,broadleaved,37.3961224,-5.9493219
13063208526,broadleaved,37.3961637,-5.9492655
13063208527,broadleaved,37.3962091,-5.9492097
13063208528,broadleaved,37.396272,-5.9491323
13063208529,broadleaved,37.3963231,-5.9490692
13063208530,broadleaved,37.3963846,-5.9489819
13063208531,broadleaved,37.3964283,-5.9489262
13063208532,broadleaved,37.3964725,-5.9488704
13063208533,broadleaved,37.396517,-5.9488184
13063208534,broadleaved,37.3965599,-5.9487586
13063208535,broadleaved,37.3966049,-5.9487015
13063208536,broadleaved,37.3966512,-5.9486454
13063208537,broadleaved,37.3966967,-5.9485924
13063208538,broadleaved,37.3967395,-5.9485349
13063208539,broadleaved,37.3968659,-5.9483873
13063208540,broadleaved,37.3969121,-5.948331
13063208541,broadleaved,37.3969587,-5.9482782
13063208542,broadleaved,37.397006,-5.9482211
13063208543,broadleaved,37.3970519,-5.9481719
13063208544,broadleaved,37.3970965,-5.9481168
13063208545,broadleaved,37.3971435,-5.9480649
13063208546,broadleaved,37.3971895,-5.9480077
13063208548,broadleaved,37.3972378,-5.9479571
13063208549,broadleaved,37.3972842,-5.9479042
13063208550,broadleaved,37.3973318,-5.9478493
13063208551,broadleaved,37.3973768,-5.9477976
13063208552,broadleaved,37.397424,-5.9477493
13063208553,broadleaved,37.3974694,-5.9476956
13063208554,broadleaved,37.3975681,-5.9475945
13063208555,broadleaved,37.3976184,-5.947547
13063208556,broadleaved,37.3976668,-5.9474947
13063208557,broadleaved,37.3977135,-5.9474451
13063208558,broadleaved,37.3977619,-5.9473956
13063208559,broadleaved,37.3978089,-5.9473398
13063208560,broadleaved,37.3978538,-5.9472989
13115929124,desconocida,37.397105,-5.9965748
13115929125,desconocida,37.3970919,-5.996522
13115929126,desconocida,37.3970587,-5.9964768
13115929127,desconocida,37.397019,-5.9964617
13115929128,desconocida,37.3969754,-5.9965035
13115929129,desconocida,37.396964,-5.9965577
13115929130,desconocida,37.3969792,-5.9966228
13115929131,desconocida,37.3969879,-5.9966817
13115929132,desconocida,37.3969966,-5.9967462
13115929133,desconocida,37.3970108,-5.9967983
13115929134,desconocida,37.3970467,-5.9969059
13115929135,desconocida,37.3970952,-5.9969148
13115929136,desconocida,37.3971306,-5.9968846
13115929137,desconocida,37.3971453,-5.9968387
13115929138,desconocida,37.3971393,-5.9967756
13115929139,desconocida,37.3971262,-5.9967222
13115929140,Palmera,37.3970761,-5.996849
13115929141,Palmera,37.3970266,-5.9965577
13161769403,broadleaved,37.413791,-5.9665026
13161769404,broadleaved,37.4137533,-5.9664604
13161769405,broadleaved,37.4136903,-5.9663903
13161769406,broadleaved,37.4137247,-5.966584
13161769407,broadleaved,37.4136559,-5.9666623
13161769408,broadleaved,37.413597,-5.9666757
13161769409,broadleaved,37.4135593,-5.9666149
13161769410,broadleaved,37.4135659,-5.96655
13161769411,broadleaved,37.4135372,-5.9665861
13161769412,broadleaved,37.4135037,-5.9666469
13161769413,broadleaved,37.4134545,-5.9667036
13161769414,broadleaved,37.4134218,-5.9667427
13161769415,broadleaved,37.413511,-5.9668551
13161769416,broadleaved,37.4135806,-5.9668344
13161769417,broadleaved,37.4136207,-5.9667829
13161769418,broadleaved,37.4136174,-5.9667128
13161769419,broadleaved,37.4134685,-5.9669097
13161769420,broadleaved,37.4134324,-5.9669602
13161769421,broadleaved,37.4134013,-5.9669973
13161769422,broadleaved,37.4133727,-5.9670313
13161769423,broadleaved,37.4134022,-5.9669169
13161769424,broadleaved,37.4133743,-5.9668767
13161769425,broadleaved,37.4133457,-5.9668365
13161769426,broadleaved,37.4133473,-5.9667489
13161769427,broadleaved,37.4134013,-5.9668314
13161769428,broadleaved,37.4133088,-5.9668798
13161769429,broadleaved,37.4132827,-5.9669138
13161769430,broadleaved,37.4132458,-5.9669664
13161769431,broadleaved,37.4132147,-5.9670024
13161769432,broadleaved,37.4132458,-5.9670416
13161769433,broadleaved,37.4132753,-5.9670818
13161769434,broadleaved,37.4132966,-5.9671137
13161769435,broadleaved,37.4133792,-5.9671354
13161769436,broadleaved,37.4134079,-5.9670941
13161769437,broadleaved,37.4134676,-5.9671704
13161769438,broadleaved,37.4134316,-5.967224
13161769439,broadleaved,37.4134038,-5.9671776
13161769440,broadleaved,37.4133203,-5.9672168
13161769441,broadleaved,37.4133661,-5.9673528
13161769456,broadleaved,37.4132346,-5.9674318
13161769457,broadleaved,37.4131954,-5.967483
13161769458,broadleaved,37.4131111,-5.9675837
13161769459,broadleaved,37.4130137,-5.9677172
13274284109,desconocida,37.3933408,-6.0025985
13274284110,desconocida,37.393346,-6.0025237
13288689328,desconocida,37.3625511,-5.9516582
13288689329,desconocida,37.3625098,-5.9517239
13288689330,desconocida,37.3624689,-5.9517889
13288689331,desconocida,37.3624263,-5.9518565
13288689332,desconocida,37.3623906,-5.9519133
13288689333,desconocida,37.3622944,-5.9520661
13288689334,desconocida,37.3622632,-5.9521157
13288689335,desconocida,37.3622142,-5.9521935
13288689336,desconocida,37.36217,-5.9522638
13288689337,desconocida,37.3621376,-5.9523153
13288689338,desconocida,37.3620881,-5.9523939
13288689339,desconocida,37.3620489,-5.9524562
13288689340,desconocida,37.362016,-5.9525085
13288689341,desconocida,37.3626556,-5.951854
13288689342,desconocida,37.3626078,-5.9519305
13288689343,desconocida,37.3625635,-5.9520013
13288689344,desconocida,37.3625206,-5.95207
13288689345,desconocida,37.3624364,-5.9522048
13288689346,desconocida,37.3624019,-5.9522601
13288689347,desconocida,37.3623642,-5.9523204
13288689348,desconocida,37.3623126,-5.9524031
13288689349,desconocida,37.3622728,-5.9524667
13288689350,desconocida,37.3622338,-5.9525292
13288689351,desconocida,37.3621546,-5.952656
13288689352,desconocida,37.3627302,-5.9521249
13288689353,desconocida,37.3626804,-5.952208
13288689354,desconocida,37.3625978,-5.9523459
13288689355,desconocida,37.3625659,-5.952399
13288689356,desconocida,37.3624022,-5.9526723
13288689357,desconocida,37.3623534,-5.9527537
13288689358,desconocida,37.3623188,-5.9528115
13288689359,desconocida,37.3627537,-5.9524736
13288689360,desconocida,37.362586,-5.9527559
13288689361,desconocida,37.362549,-5.9528182
13288689362,desconocida,37.3625097,-5.9528844
13288689363,desconocida,37.3624637,-5.9529617
13288689364,desconocida,37.3626151,-5.9531146
13288689365,desconocida,37.36266,-5.9530383
13288689366,desconocida,37.3627029,-5.9529654
13288689367,desconocida,37.3627456,-5.952893
13288689368,desconocida,37.3628918,-5.9526448
13288689369,desconocida,37.3630605,-5.9523582
13288689370,desconocida,37.3631012,-5.9522892
13288689371,desconocida,37.3631395,-5.9522241
13288689372,desconocida,37.3628219,-5.9512076
13288689373,desconocida,37.3628593,-5.9511487
13288689374,desconocida,37.3629017,-5.951082
13288689375,desconocida,37.3629375,-5.9510257
13288689376,desconocida,37.3629822,-5.9509554
13288689377,desconocida,37.3631141,-5.950748
13288689378,desconocida,37.3631459,-5.950698
13288689379,desconocida,37.3632781,-5.9504727
13288689380,desconocida,37.3633138,-5.9504137
13288689381,desconocida,37.3633525,-5.9503498
13288689382,desconocida,37.3633944,-5.9502806
13288689383,desconocida,37.363429,-5.9502235
13288689384,desconocida,37.363479,-5.950141
13288689385,desconocida,37.3635226,-5.950069
13288689386,desconocida,37.3636084,-5.9499274
13288689387,desconocida,37.3636469,-5.9498638
13288689388,desconocida,37.3637983,-5.9500247
13288689389,desconocida,37.3637593,-5.9500859
13288689390,desconocida,37.3636707,-5.9502252
13288689391,desconocida,37.3636311,-5.9502873
13288689392,desconocida,37.3635831,-5.9503628
13288689393,desconocida,37.3635023,-5.9504897
13288689394,desconocida,37.3634634,-5.9505508
13288689395,desconocida,37.3634209,-5.9506175
13288689396,desconocida,37.3632845,-5.9508374
13288689397,desconocida,37.3632437,-5.9509049
13288689398,desconocida,37.3632114,-5.9509583
13288689399,desconocida,37.3631671,-5.9510317
13288689400,desconocida,37.3631348,-5.9510852
13288724501,desconocida,37.3630843,-5.9511688
13288724502,desconocida,37.3630414,-5.9512397
13288724503,desconocida,37.3630061,-5.9512982
13288724504,desconocida,37.3629668,-5.9513631
13288724505,desconocida,37.3632899,-5.9512327
13288724506,desconocida,37.3632364,-5.9513128
13288724507,desconocida,37.3631495,-5.9514429
13288724508,desconocida,37.3631097,-5.9515026
13288724509,desconocida,37.3632568,-5.9516662
13288724510,desconocida,37.3632939,-5.9516076
13288724511,desconocida,37.3633926,-5.9514516
13288724512,desconocida,37.3634293,-5.9513935
13288724513,desconocida,37.3634755,-5.9513205
13288724514,desconocida,37.3635218,-5.9512474
13288724515,desconocida,37.3635533,-5.9511976
13288724516,desconocida,37.3635979,-5.9511271
13288724517,desconocida,37.3634108,-5.9510517
13288724518,desconocida,37.3634572,-5.9509823
13288724519,desconocida,37.3635787,-5.9507597
13288724520,desconocida,37.3636135,-5.950704
13288724521,desconocida,37.3636607,-5.9506286
13288724522,desconocida,37.3637072,-5.9505543
13288724523,desconocida,37.3637449,-5.950494
13288724524,desconocida,37.3637869,-5.9504269
13288724525,desconocida,37.3638681,-5.9502972
13288724526,desconocida,37.3639064,-5.950236
13288724527,desconocida,37.3639496,-5.9501669
13288724528,desconocida,37.3637215,-5.9508991
13288724529,desconocida,37.3637987,-5.9507747
13288724530,desconocida,37.363833,-5.9507194
13288724531,desconocida,37.3638813,-5.9506415
13288724532,desconocida,37.3639752,-5.95049
13288724533,desconocida,37.3640195,-5.9504186
13288724534,desconocida,37.3640486,-5.9503717
13288724535,desconocida,37.3640924,-5.950301
13288724536,desconocida,37.3642481,-5.9504619
13288724537,desconocida,37.3642059,-5.9505289
13288724538,desconocida,37.3641639,-5.9505955
13288724539,desconocida,37.3641289,-5.950651
13288724540,desconocida,37.3640803,-5.9507281
13288724541,desconocida,37.3640491,-5.9507777
13288724542,desconocida,37.3640038,-5.9508495
13288724543,desconocida,37.3639597,-5.9509195
13288724544,desconocida,37.3639179,-5.9509858
13288724545,desconocida,37.3638729,-5.9510574
13288724546,desconocida,37.3636554,-5.9513846
13288724547,desconocida,37.3636076,-5.9514641
13288724548,desconocida,37.3635755,-5.9515176
13288724549,desconocida,37.3634571,-5.9517145
13288724550,desconocida,37.3634039,-5.951803
13288724551,desconocida,37.3635616,-5.9519425
13288724552,desconocida,37.3636061,-5.9518704
13288724553,desconocida,37.3636441,-5.951809
13288724554,desconocida,37.3636901,-5.9517345
13288724555,desconocida,37.3637336,-5.9516641
13288724556,desconocida,37.3637679,-5.9516085
13288724557,desconocida,37.3638041,-5.95155
13288724558,desconocida,37.363855,-5.9514676
13288724559,desconocida,37.3638963,-5.9514007
13288724560,desconocida,37.3640178,-5.9512022
13288724561,desconocida,37.3640681,-5.9511209
13288724562,desconocida,37.3641096,-5.9510536
13288724563,desconocida,37.3641471,-5.9509929
13288724564,desconocida,37.3641887,-5.9509257
13288724565,desconocida,37.3642299,-5.950859
13288724566,desconocida,37.3642688,-5.950796
13288724567,desconocida,37.3643104,-5.9507286
13288724568,desconocida,37.3643549,-5.9506565
13288724569,desconocida,37.3643973,-5.950588
13288724570,desconocida,37.3645401,-5.9507462
13288724571,desconocida,37.3645012,-5.9508086
13288724572,desconocida,37.3644583,-5.9508775
13288724573,desconocida,37.3644176,-5.9509428
13288724574,desconocida,37.3643812,-5.9510011
13288724575,desconocida,37.3643414,-5.951065
13288724576,desconocida,37.3642946,-5.9511401
13288724577,desconocida,37.3642493,-5.9512127
13288724578,desconocida,37.3642066,-5.9512812
13288724579,desconocida,37.3641756,-5.951331
13288724580,desconocida,37.3640413,-5.9515482
13288724581,desconocida,37.363998,-5.9516186
13288724582,desconocida,37.363955,-5.9516885
13288724583,desconocida,37.3639108,-5.9517603
13288724584,desconocida,37.3638733,-5.9518213
13288724585,desconocida,37.3638283,-5.9518944
13288724586,desconocida,37.3637857,-5.9519636
13288724587,desconocida,37.3637492,-5.952023
13288724588,desconocida,37.3632546,-5.9524441
13288724589,desconocida,37.3632127,-5.9525112
13288724590,desconocida,37.363169,-5.9525811
13288724591,desconocida,37.3631376,-5.9526315
13288724592,desconocida,37.3630525,-5.9527678
13288724593,desconocida,37.3630127,-5.9528314
13288724594,desconocida,37.3629648,-5.9529082
13288724595,desconocida,37.3629282,-5.9529668
13288724596,desconocida,37.3628879,-5.9530314
13288724597,desconocida,37.3628472,-5.9530965
13288724598,desconocida,37.3628052,-5.9531638
13288724599,desconocida,37.3627622,-5.9532326
13288724600,desconocida,37.3634849,-5.9524414
13288724601,desconocida,37.363445,-5.9525069
13288724602,desconocida,37.3634018,-5.9525781
13288724603,desconocida,37.3633557,-5.9526538
13288724604,desconocida,37.3633173,-5.9527169
13288724605,desconocida,37.3632753,-5.952786
13288724606,desconocida,37.363198,-5.9529131
13288724607,desconocida,37.3631585,-5.9529782
13288724608,desconocida,37.3631147,-5.9530502
13288724609,desconocida,37.3630804,-5.9531065
13288724610,desconocida,37.3630319,-5.9531863
13288724611,desconocida,37.3629932,-5.9532501
13288724612,desconocida,37.3629491,-5.9533225
13288724613,desconocida,37.3629157,-5.9533775
13408879390,desconocida,37.4258958,-6.0032798
13408879396,desconocida,37.4259783,-6.0030851
13408882502,desconocida,37.4259178,-6.0032157
13423940213,broadleaved,37.3952298,-5.9907694
13526254205,desconocida,37.4275991,-5.9776921
13526254206,desconocida,37.4275232,-5.9776885
13526254207,desconocida,37.4275064,-5.977616
13526254208,desconocida,37.4275907,-5.9775806
13526254209,desconocida,37.4274375,-5.9776867
13526254210,desconocida,37.4275316,-5.9778195
13526254211,desconocida,37.4275977,-5.977846
13526254212,desconocida,37.4276652,-5.9778637
13526254213,desconocida,37.4278366,-5.9779681
13526254214,desconocida,37.4279012,-5.978
13526254215,desconocida,37.4280277,-5.9778973
13526254216,desconocida,37.4280938,-5.9779168
13526254217,desconocida,37.4281486,-5.9779274
13526254218,desconocida,37.4282371,-5.9779009
13526254219,desconocida,37.428306,-5.9778743
13526254220,desconocida,37.428365,-5.9778478
13526254221,desconocida,37.4284816,-5.9778
13526254222,desconocida,37.4285533,-5.9777522
13526254223,desconocida,37.4286137,-5.9777257
13526254224,desconocida,37.4287402,-5.9776584
13526254225,desconocida,37.4290451,-5.9774956
13526254226,desconocida,37.4291182,-5.9774496
13526254227,desconocida,37.4290788,-5.9769347
13526254228,desconocida,37.4288371,-5.9770072
13526254229,desconocida,37.4281429,-5.9773381
13526254230,desconocida,37.4280727,-5.9773665
13526254231,desconocida,37.4280151,-5.9773912
13526254232,desconocida,37.4271958,-5.9778
13526254233,desconocida,37.4271649,-5.9777168
13526254234,desconocida,37.4270918,-5.9777239
13526254235,desconocida,37.4271157,-5.9778531
13526254236,desconocida,37.4272773,-5.9779009
13526254237,desconocida,37.4272661,-5.9780053
13526254238,desconocida,37.4272056,-5.9781026
13526254239,desconocida,37.4271592,-5.9781451
13526254240,desconocida,37.4271087,-5.9781592
13526254241,desconocida,37.4270468,-5.9781681
13526254242,desconocida,37.4269218,-5.9781681
13526254243,desconocida,37.4268613,-5.978161
13526254244,desconocida,37.4268093,-5.9781716
13526254245,desconocida,37.4266674,-5.978184
13526254246,desconocida,37.4266196,-5.9781858
13526254247,desconocida,37.4265494,-5.9781964
13526254248,desconocida,37.426406,-5.9782052
13526254249,desconocida,37.4262767,-5.9782141
13526254250,desconocida,37.4261334,-5.9782212
13526254251,desconocida,37.4260786,-5.97823
13526254252,desconocida,37.4260027,-5.9782282
13526254253,desconocida,37.4258003,-5.9782424
13526254254,desconocida,37.4257385,-5.9782424
13526254255,desconocida,37.4256809,-5.9778655
13526254256,desconocida,37.4260252,-5.9778372
13526254257,desconocida,37.4264299,-5.9778106
13526254258,desconocida,37.4265662,-5.9777929
13526254259,desconocida,37.4268276,-5.9777345
13526254260,desconocida,37.4269513,-5.9777009
13526254261,desconocida,37.4270215,-5.9776991
13556717625,desconocida,37.378581,-5.9733377
13556717626,desconocida,37.3785162,-5.9729724
13556717627,desconocida,37.3786623,-5.9734181
13556717628,desconocida,37.3787349,-5.9734851
13556717629,desconocida,37.3788171,-5.9735655
13556717630,desconocida,37.3789449,-5.9736654
13556717631,desconocida,37.3790107,-5.9737226
13556717632,desconocida,37.3790949,-5.9737859
13556717633,desconocida,37.3792468,-5.9739235
13556717634,desconocida,37.379181,-5.9738663
13556717635,desconocida,37.3793688,-5.974049
13556717636,desconocida,37.3793272,-5.973993
13556717637,desconocida,37.3793088,-5.9740648
13556717638,desconocida,37.3792565,-5.9740332
13556717639,desconocida,37.3793959,-5.9739467
13556717640,desconocida,37.3794781,-5.9740161
13556717641,desconocida,37.3793127,-5.9738785
13556717642,desconocida,37.3792265,-5.9737981
13556717643,desconocida,37.3791404,-5.973725
13556717644,desconocida,37.3790502,-5.9736456
13556717645,desconocida,37.3787755,-5.973423
13556717646,desconocida,37.378702,-5.9733463
13556717647,desconocida,37.3786265,-5.9732975
13556717648,desconocida,37.3788859,-5.9734973
13556717649,desconocida,37.3789682,-5.9735759
13595600361,desconocida,37.3848592,-5.988672
13595600362,desconocida,37.3848937,-5.9886927
13595600363,desconocida,37.3849362,-5.9887183
13597993906,desconocida,37.4326325,-5.9711121
13597993907,desconocida,37.43253,-5.9708847
13597993908,desconocida,37.4327984,-5.9706874
13597993909,desconocida,37.4328981,-5.9709122
13597993910,desconocida,37.4329389,-5.970591
13597993911,desconocida,37.4330436,-5.9708033
13597993912,desconocida,37.4331159,-5.970752
13597993913,desconocida,37.4332459,-5.9706626
13597993914,desconocida,37.433222,-5.9703892
13597993915,desconocida,37.4333253,-5.9705998
13597993916,desconocida,37.4334707,-5.9704954
13597993917,desconocida,37.4333759,-5.9702778
13597993918,desconocida,37.4334349,-5.9702317
13597993919,desconocida,37.4335705,-5.9701353
13597993920,desconocida,37.4336457,-5.9700858
13597993921,desconocida,37.4337419,-5.9703176
13597993922,desconocida,37.4338958,-5.9701919
13597993923,desconocida,37.4338375,-5.9700725
13597993924,desconocida,37.4338635,-5.9700822
13597993925,desconocida,37.433808,-5.9699654
13597993926,desconocida,37.4329649,-5.970483
13597993927,desconocida,37.4330049,-5.9704521
13597993928,desconocida,37.4330386,-5.9704291
13597993929,desconocida,37.4331201,-5.9703689
13597993930,desconocida,37.4331595,-5.9703397
13597993931,desconocida,37.4329136,-5.9703742
13597993932,desconocida,37.4329529,-5.9703406
13597993933,desconocida,37.4329881,-5.9703202
13597993934,desconocida,37.4330358,-5.9702857
13597993935,desconocida,37.433071,-5.9702618
13597993936,desconocida,37.4331089,-5.9702379
13597993937,desconocida,37.4330404,-5.9700938
13597993938,desconocida,37.4330024,-5.9701177
13597993939,desconocida,37.4329673,-5.9701415
13597993940,desconocida,37.4329195,-5.9701761
13597993941,desconocida,37.4328844,-5.9701964
13597993942,desconocida,37.4328451,-5.97023
13597993943,desconocida,37.4329768,-5.9699374
13597993944,desconocida,37.4329388,-5.9699613
13597993945,desconocida,37.4329037,-5.9699852
13597993946,desconocida,37.4328559,-5.9700197
13597993947,desconocida,37.4328208,-5.97004
13597993948,desconocida,37.4327814,-5.9700737
13597993949,desconocida,37.4329052,-5.9697895
13597993950,desconocida,37.4328673,-5.9698134
13597993951,desconocida,37.4328321,-5.9698373
13597993952,desconocida,37.4327844,-5.9698718
13597993953,desconocida,37.4327492,-5.9698922
13597993954,desconocida,37.4327099,-5.9699258
13597993955,desconocida,37.4328428,-5.9696393
13597993956,desconocida,37.4328049,-5.9696632
13597993957,desconocida,37.4327697,-5.9696871
13597993958,desconocida,37.432722,-5.9697216
13597993959,desconocida,37.4326868,-5.969742
13597993960,desconocida,37.4326475,-5.9697756
13597993961,desconocida,37.4335493,-5.9697387
13597993962,desconocida,37.4335113,-5.9697626
13597993963,desconocida,37.4334762,-5.9697865
13597993964,desconocida,37.4334284,-5.969821
13597993965,desconocida,37.4333933,-5.9698413
13597993966,desconocida,37.4333539,-5.9698749
13597993967,desconocida,37.4333195,-5.9699031
13597993968,desconocida,37.4332773,-5.9699331
13597993969,desconocida,37.4331299,-5.969833
13597993970,desconocida,37.4331672,-5.9698022
13597993971,desconocida,37.4332106,-5.9697745
13597993972,desconocida,37.4332479,-5.969749
13597993973,desconocida,37.4332877,-5.9697128
13597993974,desconocida,37.4333299,-5.9696851
13597993975,desconocida,37.4333709,-5.9696581
13597993976,desconocida,37.4334051,-5.9696266
13597993977,desconocida,37.4334461,-5.9696011
13597993978,desconocida,37.4333736,-5.9694367
13597993979,desconocida,37.4333326,-5.9694621
13597993980,desconocida,37.4332984,-5.9694937
13597993981,desconocida,37.4332574,-5.9695207
13597993982,desconocida,37.4332152,-5.9695484
13597993983,desconocida,37.4331754,-5.9695846
13597993984,desconocida,37.4331381,-5.96961
13597993985,desconocida,37.4330947,-5.9696377
13597993986,desconocida,37.4330574,-5.9696685
13597993987,desconocida,37.4333082,-5.9692973
13597993988,desconocida,37.4332672,-5.9693227
13597993989,desconocida,37.4332329,-5.9693543
13597993990,desconocida,37.433192,-5.9693812
13597993991,desconocida,37.4331498,-5.969409
13597993992,desconocida,37.43311,-5.9694452
13597993993,desconocida,37.4330727,-5.9694706
13597993994,desconocida,37.4330293,-5.9694983
13597993995,desconocida,37.432992,-5.9695291
13597993996,desconocida,37.433236,-5.9691563
13597993997,desconocida,37.433195,-5.9691817
13597993998,desconocida,37.4331608,-5.9692133
13597993999,desconocida,37.4331198,-5.9692403
13597994000,desconocida,37.4330776,-5.969268
13598022701,desconocida,37.4330378,-5.9693042
13598022702,desconocida,37.4330005,-5.9693296
13598022703,desconocida,37.4329571,-5.9693574
13598022704,desconocida,37.4329198,-5.9693882
13598022705,desconocida,37.4331681,-5.9690053
13598022706,desconocida,37.4331271,-5.9690308
13598022707,desconocida,37.4330929,-5.9690623
13598022708,desconocida,37.4330519,-5.9690893
13598022709,desconocida,37.4330097,-5.969117
13598022710,desconocida,37.4329699,-5.9691532
13598022711,desconocida,37.4329326,-5.9691787
13598022712,desconocida,37.4328892,-5.9692064
13598022713,desconocida,37.4328519,-5.9692372
13598022714,desconocida,37.4331002,-5.968859
13598022715,desconocida,37.4330592,-5.9688844
13598022716,desconocida,37.433025,-5.968916
13598022717,desconocida,37.432984,-5.968943
13598022718,desconocida,37.4329418,-5.9689707
13598022719,desconocida,37.432902,-5.9690069
13598022720,desconocida,37.4328647,-5.9690323
13598022721,desconocida,37.4328213,-5.96906
13598022722,desconocida,37.432784,-5.9690908
13628514444,desconocida,37.3742021,-5.9493708
13628514445,desconocida,37.3741676,-5.9494486
13628514446,desconocida,37.3742305,-5.9493224
13628514447,desconocida,37.3742545,-5.9492781
13628514448,desconocida,37.3740115,-5.949372
13628514449,desconocida,37.3738804,-5.949323
13628514450,desconocida,37.3736502,-5.9492339
13628514451,desconocida,37.3737088,-5.9491319
13628514452,desconocida,37.3737669,-5.9490293
13628514453,desconocida,37.3738415,-5.9488959
13628514454,desconocida,37.3739302,-5.9488269
13628514455,desconocida,37.3739864,-5.9487316
13628514456,desconocida,37.3740088,-5.9485794
13634836286,desconocida,37.3730945,-5.9501877
13634836287,desconocida,37.3730681,-5.950247
13634836288,desconocida,37.3731012,-5.9503595
13634836289,desconocida,37.3732101,-5.95015
13634836290,desconocida,37.3732683,-5.9500475
13634836291,desconocida,37.373346,-5.9498056
13634836292,desconocida,37.3732316,-5.9500128
13634836293,desconocida,37.3734452,-5.9497201
13634836294,desconocida,37.3734109,-5.9496909
13634836295,desconocida,37.3735058,-5.9496177
13634836296,desconocida,37.3734703,-5.9495769
13634836297,desconocida,37.3735229,-5.9494714
13634836298,desconocida,37.3735903,-5.9493597
13688268007,desconocida,37.3878498,-5.9658243
13688268010,desconocida,37.3876324,-5.9670568
13688268011,desconocida,37.387626,-5.9669776
13688268012,desconocida,37.3876452,-5.965945
13688268013,desconocida,37.3876399,-5.9660107
13688268014,desconocida,37.3876356,-5.966059
13688268015,desconocida,37.387626,-5.9661099
13688268016,desconocida,37.3876239,-5.9662145
13688268017,desconocida,37.3876399,-5.9662923
13688268018,desconocida,37.3876314,-5.9663661
13688268019,desconocida,37.3876207,-5.9664975
13688268020,desconocida,37.3876218,-5.9668019
13856225676,broadleaved,37.3805267,-5.9896177
13857237708,broadleaved,37.4035687,-5.996433
13857237709,broadleaved,37.4034834,-5.9962592
13857237710,broadleaved,37.4034077,-5.9965833
13857237711,broadleaved,37.4033165,-5.9963741
13857237712,broadleaved,37.4033677,-5.996474
13857929186,broadleaved,37.3827082,-5.996809
13857929187,broadleaved,37.3827973,-5.9968862
13857929188,broadleaved,37.3826164,-5.9967269
13858787243,desconocida,37.4015092,-6.0287934
13858787244,desconocida,37.4015463,-6.0287071
13858787245,desconocida,37.4016826,-6.0286965
13858787246,desconocida,37.4016465,-6.0287794
13858787247,desconocida,37.4015713,-6.0289476
13858787248,desconocida,37.4014944,-6.0289499
13858787249,desconocida,37.4015704,-6.0286487
13858787254,desconocida,37.4027139,-6.0294792
13858787255,desconocida,37.4028238,-6.0297929
13858787256,desconocida,37.4027915,-6.0298681
13858787260,desconocida,37.4027739,-6.0299168
13858836706,desconocida,37.3959513,-6.0293627
13858836707,desconocida,37.3959956,-6.0294848
13858836708,desconocida,37.39612,-6.0298253
13858836709,desconocida,37.396094,-6.029758
13858836710,desconocida,37.3960589,-6.0296651
13858836711,desconocida,37.3960191,-6.0295795
13858836712,desconocida,37.3955227,-6.0282062
13858836713,desconocida,37.3954805,-6.0280833
13858836714,desconocida,37.3954566,-6.0280284
13858836715,desconocida,37.3954341,-6.0279532
13858836719,desconocida,37.3975551,-6.0267026
13858836720,desconocida,37.3975732,-6.0265095
13858836721,desconocida,37.3977031,-6.0265537
13858836722,desconocida,37.3976723,-6.026716
13858836752,desconocida,37.3988795,-6.0287831
13858836753,desconocida,37.3986968,-6.029054
13858836754,desconocida,37.3986096,-6.0288205
13858836755,desconocida,37.398848,-6.0290458
13858836756,desconocida,37.3988174,-6.0289583
13858836757,desconocida,37.3988035,-6.0288707
13858836758,desconocida,37.3987701,-6.0287843
13858836759,desconocida,37.398733,-6.0287913
13858836760,desconocida,37.3987617,-6.0288871
13858836761,desconocida,37.3987849,-6.0289676
13858836762,desconocida,37.3988146,-6.0290575
13858836763,desconocida,37.3989667,-6.0290129
13858836764,desconocida,37.3990581,-6.0289814
13858836765,desconocida,37.3990321,-6.028874
13858836766,desconocida,37.3985428,-6.0289661
13858836767,desconocida,37.3985161,-6.028851
13858836768,desconocida,37.3986047,-6.0287617
13858836769,desconocida,37.398696,-6.0287227
13858836770,desconocida,37.3988039,-6.0286764
13858836771,desconocida,37.3988882,-6.0286366
13858836772,desconocida,37.3989617,-6.0286031
13858836777,desconocida,37.3986176,-6.0299469
13858836778,desconocida,37.3986427,-6.0299215
13858836779,desconocida,37.398633,-6.0298717
13858836780,desconocida,37.3986047,-6.0298941
13858836781,desconocida,37.3985781,-6.0298524
13858836782,desconocida,37.3986217,-6.0297792
13858836783,desconocida,37.3985272,-6.0299733
13858836784,desconocida,37.3985571,-6.0299337
13858836785,desconocida,37.398524,-6.0299144
13858836786,desconocida,37.4001563,-6.0292094
13858836787,desconocida,37.4001526,-6.0294813
13858836788,desconocida,37.400141,-6.0294173
13858836789,desconocida,37.4001073,-6.0292848
13858836790,desconocida,37.4000957,-6.0292309
13858836791,desconocida,37.4000712,-6.0291631
13858836792,desconocida,37.4002015,-6.0291339
13858836793,desconocida,37.4001813,-6.0291477
13858836794,desconocida,37.4001507,-6.0291431
13858836795,desconocida,37.4001202,-6.0291285
13858836796,desconocida,37.4000853,-6.0291223
13902721931,desconocida,37.39814,-6.0275377
13902721932,desconocida,37.3980226,-6.027589
13902721933,desconocida,37.3980823,-6.0275625
13902721934,desconocida,37.3979643,-6.0276156
13902721935,desconocida,37.3978944,-6.0279355
13902721936,desconocida,37.398004,-6.0282937
13902721937,desconocida,37.3979815,-6.0282211
13902721938,desconocida,37.3980279,-6.0283653
13902721939,desconocida,37.3979647,-6.0281627
13902721940,desconocida,37.3980943,-6.0285761
13902721941,desconocida,37.3980739,-6.0285177
13902721942,desconocida,37.3980556,-6.028454
13902721943,desconocida,37.398413,-6.028385
13902721944,desconocida,37.3983968,-6.0283186
13902721945,desconocida,37.3983715,-6.0282408
13902721946,desconocida,37.3983462,-6.0281753
13902722007,desconocida,37.3850762,-6.0296493
13902722008,desconocida,37.3850302,-6.0296371
13902722009,desconocida,37.3849413,-6.0296361
13902722010,desconocida,37.3848703,-6.0296371
13902722011,desconocida,37.3850625,-6.0297184
13902722012,desconocida,37.3850601,-6.0298038
13902722013,desconocida,37.3851901,-6.0296808
13902722014,desconocida,37.3852934,-6.0297688
13902722015,desconocida,37.385249,-6.0298064
13902722016,desconocida,37.3853238,-6.0298621
13902722017,desconocida,37.3847847,-6.0296904
13902722018,desconocida,37.3847766,-6.0297798
13902722019,desconocida,37.3846627,-6.0296568
13902722020,desconocida,37.3846054,-6.0296436
13902722021,desconocida,37.384561,-6.0296385
13902722022,desconocida,37.3845303,-6.0296253
13902722023,desconocida,37.3844786,-6.0296111
13902722024,desconocida,37.3852785,-6.0289678
13902722025,desconocida,37.3852345,-6.0289093
13902722026,desconocida,37.3851032,-6.0286055
